ID,Name,Price,Link,ModelNumber
0,Sony DSC-W830/BC Point & Shoot Camera,"₹8,899",https://www.flipkart.com/sony-dsc-w830-bc-point-shoot-camera/p/itme8gbmm5df5nyg?pid=CAMDTHSA6MFGKART&srno=b_2_1&otracker=browse&lid=LSTCAMDTHSA6MFGKARTUQZICJ&fm=organic&iid=e338790f-42b6-4ffd-96e4-2290e532524c.CAMDTHSA6MFGKART.SEARCH,none
1,Sony DSC-WX500/BCIN5 Camera Point & Shoot Camera,"₹21,904",https://www.flipkart.com/sony-dsc-wx500-bcin5-camera-point-shoot/p/itme9thqn7gayhyu?pid=CAME9THPGHZ79GCK&srno=b_3_1&otracker=browse&lid=LSTCAME9THPGHZ79GCKMC0Y7Z&fm=organic&iid=afbf93c9-1403-4a39-adb4-7a005a1fcb5f.CAME9THPGHZ79GCK.SEARCH,none
2,Nikon Coolpix B500 Point & Shoot Camera,"₹15,250",https://www.flipkart.com/nikon-coolpix-b500-point-shoot-camera/p/itmejy7nxdcddgwj?pid=CAMEJY7NSTCH3QKH&srno=b_2_2&otracker=browse&lid=LSTCAMEJY7NSTCH3QKHFPWKGH&fm=organic&iid=bda33e0d-f43c-4437-b89a-8928865f54fc.CAMEJY7NSTCH3QKH.SEARCH,none
3,Nikon Coolpix A100 Point & Shoot Camera,"₹5,990",https://www.flipkart.com/nikon-coolpix-a100-point-shoot-camera/p/itmegfh5hkkhuw4a?pid=CAMEGFH5XCHNDJYZ&srno=b_2_3&otracker=browse&lid=LSTCAMEGFH5XCHNDJYZ8VFULW&fm=organic&iid=eada5937-e015-453f-9fb0-032e4ce1df94.CAMEGFH5XCHNDJYZ.SEARCH,none
4,Fujifilm Instax Wide 300 Instant Camera,"₹8,900",https://www.flipkart.com/fujifilm-instax-wide-300-instant-camera/p/itmeb7ybg7u2sgmm?pid=CAMEB7YB6VG5YCFZ&srno=b_3_3&otracker=browse&lid=LSTCAMEB7YB6VG5YCFZTFKMJZ&fm=organic&iid=8b19031a-889e-4699-b6a0-e98bd6b04124.CAMEB7YB6VG5YCFZ.SEARCH,none
5,Nikon Coolpix A100 Point & Shoot Camera,"₹5,990",https://www.flipkart.com/nikon-coolpix-a100-point-shoot-camera/p/itmegfh5hkkhuw4a?pid=CAMEGFH5PXN9JVPR&srno=b_2_4&otracker=browse&lid=LSTCAMEGFH5PXN9JVPRYPPFPF&fm=organic&iid=4710bb6c-f895-4f23-8278-181c2f17471a.CAMEGFH5PXN9JVPR.SEARCH,none
6,Sony DSC-RX100 IV Point & Shoot Camera,"₹58,990",https://www.flipkart.com/sony-dsc-rx100-iv-point-shoot-camera/p/itme9hy7ca2zkbhe?pid=CAME9HY7VPVTWGNZ&srno=b_3_4&otracker=browse&lid=LSTCAME9HY7VPVTWGNZPHO97P&fm=organic&iid=9d2b6308-189c-4e90-aab3-0840050a9e25.CAME9HY7VPVTWGNZ.SEARCH,none
7,Fujifilm Instax Mini 90 Neo Classic Instax Instant Camera,"₹12,495",https://www.flipkart.com/fujifilm-instax-mini-90-neo-classic-instant-camera/p/itmetqtrtp48zh6h?pid=CAMETQTGU3HG8ACZ&srno=b_7_1&otracker=browse&lid=LSTCAMETQTGU3HG8ACZQB690L&fm=organic&iid=1ea67c46-6abd-475f-a303-dc5f0cdaa47a.CAMETQTGU3HG8ACZ.SEARCH,none
8,Nikon Coolpix A100 Point & Shoot Camera,"₹5,990",https://www.flipkart.com/nikon-coolpix-a100-point-shoot-camera/p/itmegfh5hkkhuw4a?pid=CAMEGFH5VGP57DW3&srno=b_2_5&otracker=browse&lid=LSTCAMEGFH5VGP57DW3XNBTMK&fm=organic&iid=f3c126be-356c-423b-8b50-f551a8da3b99.CAMEGFH5VGP57DW3.SEARCH,none
9,Sony DSC-WX220 Point & Shoot Camera,"₹13,698",https://www.flipkart.com/sony-dsc-wx220-point-shoot-camera/p/itmeh4rejgtfv568?pid=CAMDVGUGQGFJZYGN&srno=b_3_5&otracker=browse&lid=LSTCAMDVGUGQGFJZYGN92OLRN&fm=organic&iid=bf52753a-4dc7-419f-9258-8960c6a66601.CAMDVGUGQGFJZYGN.SEARCH,none
10,Sony DSC-WX220 Point & Shoot Camera,"₹12,590",https://www.flipkart.com/sony-dsc-wx220-point-shoot-camera/p/itmeh4rejgtfv568?pid=CAMDVGUG6BZKQXXT&srno=b_2_6&otracker=browse&lid=LSTCAMDVGUG6BZKQXXTUI3NE6&fm=organic&iid=9b6a9d11-c023-4420-bbba-de900d818328.CAMDVGUG6BZKQXXT.SEARCH,none
11,Sony Sony H300 Black Point & Shoot Point & Shoot Camera,"₹13,990",https://www.flipkart.com/sony-h300-black-point-shoot-camera/p/itmevgfkzvvqggnv?pid=CAMEVGFKPQDXBMBR&srno=b_8_2&otracker=browse&lid=LSTCAMEVGFKPQDXBMBRENZ6CG&fm=organic&iid=07a4617b-af98-4c23-be79-818888d9bd36.CAMEVGFKPQDXBMBR.SEARCH,none
12,Fujifilm Instax Mini 8 Instant Camera,"₹5,600",https://www.flipkart.com/fujifilm-instax-mini-8-instant-camera/p/itmdxg33gqkznert?pid=CAMDZ5Z5EHGHACHZ&srno=b_3_6&otracker=browse&lid=LSTCAMDZ5Z5EHGHACHZ6D7MJC&fm=organic&iid=e2026a6a-4c95-4689-9cc7-30999182cc36.CAMDZ5Z5EHGHACHZ.SEARCH,none
13,Nikon D810 24-120mm DSLR Camera,"₹207,990",https://www.flipkart.com/nikon-d810-24-120mm-dslr-camera/p/itmewpzjesgnxgzy?pid=CAMEWPZJCZXUFF8H&srno=b_7_3&otracker=browse&lid=LSTCAMEWPZJCZXUFF8H0TS0WJ&fm=organic&iid=e1a912d4-6a38-4233-8a2b-36c4e5ed95c1.CAMEWPZJCZXUFF8H.SEARCH,none
14,Pentax K 5 II (Body only) DSLR Camera,"₹76,995",https://www.flipkart.com/pentax-k-5-ii-body-only-dslr-camera/p/itmdtzzhqthqxcrn?pid=CAMDTZYVTG2NYVSW&srno=b_6_5&otracker=browse&lid=LSTCAMDTZYVTG2NYVSWSEFKMB&fm=organic&iid=f4f56b81-5dd3-4352-a41c-689613fd876e.CAMDTZYVTG2NYVSW.SEARCH,none
15,Sony DSC-RX100 Point & Shoot Camera,"₹30,490",https://www.flipkart.com/sony-dsc-rx100-point-shoot-camera/p/itmdcwq5p4hgbzb8?pid=CAMDCWPCZTQZUCF4&srno=b_3_7&otracker=browse&lid=LSTCAMDCWPCZTQZUCF4BKDAEY&fm=organic&iid=c0061f97-8960-44de-a56e-bb7a27fff8b6.CAMDCWPCZTQZUCF4.SEARCH,none
16,Sony DSC-W830 Point & Shoot Camera,"₹8,091",https://www.flipkart.com/sony-dsc-w830-point-shoot-camera/p/itme8h7pg8hdvuh5?pid=CAMDTHSAHH2JYDN5&srno=b_2_8&otracker=browse&lid=LSTCAMDTHSAHH2JYDN5RBKFRQ&fm=organic&iid=921ff258-05f4-4fca-881f-5b58e302ecf6.CAMDTHSAHH2JYDN5.SEARCH,none
17,Nikon Coolpix A300 Point & Shoot Camera,"₹7,490",https://www.flipkart.com/nikon-coolpix-a300-point-shoot-camera/p/itmegvnhzm3gxrs4?pid=CAMEGVZCKYVKJWAJ&srno=b_8_4&otracker=browse&lid=LSTCAMEGVZCKYVKJWAJDJ9RXO&fm=organic&iid=21d34b39-bc12-4e80-b852-9f9759688c57.CAMEGVZCKYVKJWAJ.SEARCH,none
18,Canon IXUS 185 NONE Point & Shoot Camera,"₹6,850",https://www.flipkart.com/canon-ixus-185-none-point-shoot-camera/p/itmewx2kcazugjvu?pid=CAMEWX2KUHFHGHRP&srno=b_4_7&otracker=browse&lid=LSTCAMEWX2KUHFHGHRPSW2IPN&fm=organic&iid=f8bcfd20-d425-4019-8f8f-418d908c3179.CAMEWX2KUHFHGHRP.SEARCH,none
19,Pentax K 50 (Body with DA 18-135 mm WR Lens) DSLR Camera,"₹79,695",https://www.flipkart.com/pentax-k-50-body-da-18-135-mm-wr-lens-dslr-camera/p/itmdtqy2xyhdk4rp?pid=CAMDTQYFJNTMTUZ3&srno=b_6_6&otracker=browse&lid=LSTCAMDTQYFJNTMTUZ3EMZKST&fm=organic&iid=a83555dc-bbd6-42c1-9914-d71d5a61234a.CAMDTQYFJNTMTUZ3.SEARCH,none
20,Canon SX530 HS Point & Shoot Camera,"₹21,990",https://www.flipkart.com/canon-sx530-hs-point-shoot-camera/p/itme44g6uxjd5c7u?pid=CAME44G2UPAJPA9F&srno=b_7_5&otracker=browse&lid=LSTCAME44G2UPAJPA9FANUSDK&fm=organic&iid=a5e085a2-974f-42f2-8280-518d7614f7aa.CAME44G2UPAJPA9F.SEARCH,none
21,Nikon Coolpix A300 Point & Shoot Camera,"₹7,950",https://www.flipkart.com/nikon-coolpix-a300-point-shoot-camera/p/itmegvnhzm3gxrs4?pid=CAMEGVNHEFVEBGBM&srno=b_2_9&otracker=browse&lid=LSTCAMEGVNHEFVEBGBMMLSNO2&fm=organic&iid=aed518c4-183d-43a3-89ba-d632fe8e55fd.CAMEGVNHEFVEBGBM.SEARCH,none
22,Doodads Action Recording camera Yes DSLR Camera,"₹2,199",https://www.flipkart.com/doodads-action-recording-camera-yes-dslr/p/itmevshs8vwvt5nv?pid=CAMEVSHSCDZ99KWD&srno=b_8_5&otracker=browse&lid=LSTCAMEVSHSCDZ99KWD2QLF9B&fm=organic&iid=7263611f-3810-4ced-9b61-19267f1a4ba4.CAMEVSHSCDZ99KWD.SEARCH,none
23,Sony DSC-HX400V/CIN5 Point & Shoot Camera,"₹26,991",https://www.flipkart.com/sony-dsc-hx400v-cin5-point-shoot-camera/p/itmdvgybxzykdbas?pid=CAMDVGUGYYSGZSYT&srno=b_3_9&otracker=browse&lid=LSTCAMDVGUGYYSGZSYTHBV6CS&fm=organic&iid=28fb8dc0-6b6a-4639-9104-ec3d495221d4.CAMDVGUGYYSGZSYT.SEARCH,none
24,Nikon D610 (Body only) DSLR Camera,"₹111,000",https://www.flipkart.com/nikon-d610-body-only-dslr-camera/p/itmduzgyfgufshfc?pid=CAMDQG9KUPHZCVEF&srno=b_7_6&otracker=browse&lid=LSTCAMDQG9KUPHZCVEFBACKXF&fm=organic&iid=c6c71f5d-2b0c-4d84-9993-f666561ffb9a.CAMDQG9KUPHZCVEF.SEARCH,none
25,Sony DSC-WX500/RCIN5 Camera Point & Shoot Camera,"₹21,905",https://www.flipkart.com/sony-dsc-wx500-rcin5-camera-point-shoot/p/itme9thnktyh7dvy?pid=CAME9THM9ZG5ZETZ&srno=b_8_6&otracker=browse&lid=LSTCAME9THM9ZG5ZETZZLRC9K&fm=organic&iid=8e250086-ee26-41c6-8c50-67651996ce14.CAME9THM9ZG5ZETZ.SEARCH,none
26,Nikon Coolpix A300 Point & Shoot Camera,"₹7,290",https://www.flipkart.com/nikon-coolpix-a300-point-shoot-camera/p/itmegvnhzm3gxrs4?pid=CAMEGVZC9ZDM8YAU&srno=b_2_10&otracker=browse&lid=LSTCAMEGVZC9ZDM8YAUFV0OFZ&fm=organic&iid=ff6d2a2d-2c04-4e32-80df-9947c41a9043.CAMEGVZC9ZDM8YAU.SEARCH,none
27,Sony DSC-W800 Point & Shoot Camera,"₹6,741",https://www.flipkart.com/sony-dsc-w800-point-shoot-camera/p/itmdvgybhkysv7ac?pid=CAMDVGUGJ4G5FVDM&srno=b_5_9&otracker=browse&lid=LSTCAMDVGUGJ4G5FVDMQOCGQI&fm=organic&iid=c357ab2f-1f8a-4ec7-9c00-cbb6d1566364.CAMDVGUGJ4G5FVDM.SEARCH,none
28,Fujifilm Hello Kitty Mini Instant Camera (Pink),"₹5,490",https://www.flipkart.com/fujifilm-hello-kitty-mini-instant-camera-pink/p/itmedkh4z8bzvgy4?pid=CAMEDKH4N8YYH4PW&srno=b_3_10&otracker=browse&lid=LSTCAMEDKH4N8YYH4PW3A6JJN&fm=organic&iid=303aa3fe-b3dc-4f11-9854-5477c075ef5c.CAMEDKH4N8YYH4PW.SEARCH,none
29,DPROQ 4K Ultra HD Action Wifi Camera pro Instant Camera,"₹4,999",https://www.flipkart.com/dproq-4k-ultra-hd-action-wifi-camera-pro-instant/p/itmexazshkjva2vf?pid=CAMEXAZSAXGMHHTJ&srno=b_7_7&otracker=browse&lid=LSTCAMEXAZSAXGMHHTJNFRR40&fm=organic&iid=292c1c44-020e-4946-a6f4-19b20369612c.CAMEXAZSAXGMHHTJ.SEARCH,none
30,Nikon Coolpix A300 Point & Shoot Camera,"₹7,290",https://www.flipkart.com/nikon-coolpix-a300-point-shoot-camera/p/itmegvnhzm3gxrs4?pid=CAMEGVZCYUMHZC6Z&srno=b_2_11&otracker=browse&lid=LSTCAMEGVZCYUMHZC6ZXOKWKY&fm=organic&iid=aea42c2d-21d3-47ac-b9ed-df980bbd9078.CAMEGVZCYUMHZC6Z.SEARCH,none
31,Sony DSC W830 Black NO Point & Shoot Camera,"₹8,490",https://www.flipkart.com/sony-dsc-w830-black-no-point-shoot-camera/p/itmeurhvfu5gtjy8?pid=CAMEURHVVAW2H8GW&srno=b_7_8&otracker=browse&lid=LSTCAMEURHVVAW2H8GWR2PS1I&fm=organic&iid=25191e6c-ee35-4e77-ac6e-8cb2bc934533.CAMEURHVVAW2H8GW.SEARCH,none
32,Sony DSC-HX90V/BCIN5 Camera Point & Shoot Camera,"₹26,975",https://www.flipkart.com/sony-dsc-hx90v-bcin5-camera-point-shoot/p/itme9y64cctec8xx?pid=CAME9Y64QZAPAZJC&srno=b_3_11&otracker=browse&lid=LSTCAME9Y64QZAPAZJCSSJ9DR&fm=organic&iid=41547374-e51b-437a-abec-6d6f42f78685.CAME9Y64QZAPAZJC.SEARCH,none
33,Sony DSC-H300 Point & Shoot Camera,"₹13,490",https://www.flipkart.com/sony-dsc-h300-point-shoot-camera/p/itmdpnz6mugq35rn?pid=CAMDPNZ5GAFYWCHH&srno=b_1_11&otracker=browse&lid=LSTCAMDPNZ5GAFYWCHHQHNX9N&fm=organic&iid=da37d1a7-d372-4aa6-b4d7-bc44960b2580.CAMDPNZ5GAFYWCHH.SEARCH,none
34,Sony DSC-W830/VC Point & Shoot Camera,"₹8,888",https://www.flipkart.com/sony-dsc-w830-vc-point-shoot-camera/p/itme8gbngt5zcxhc?pid=CAMDTHSAJZE3MMNG&srno=b_2_12&otracker=browse&lid=LSTCAMDTHSAJZE3MMNGU26VC8&fm=organic&iid=602d3421-3af4-427e-a134-b232bad87b13.CAMDTHSAJZE3MMNG.SEARCH,none
35,Sjcam Wifi Mini Cube Cam-1.5 Inch Ultra HD Display Waterproof 12MP 1080p-Car Dash 170 Degree HD wide-a...,"₹8,999",https://www.flipkart.com/sjcam-wifi-mini-cube-cam-1-5-inch-ultra-hd-display-waterproof-12mp-1080p-car-dash-170-degree-wide-angle-lens-point-shoot-camera/p/itmejdpgz7hqggf4?pid=CAMEJDPGYB9YXT9S&srno=b_8_9&otracker=browse&lid=LSTCAMEJDPGYB9YXT9SH126SI&fm=organic&iid=abbe2623-be83-4c5d-a0c6-72a9dcef3e18.CAMEJDPGYB9YXT9S.SEARCH,none
36,Sjcam Wifi Mini Cube Cam-1.5 Inch Ultra HD Display Waterproof 12MP 1080p - Car Dash 170 Degree HD wide...,"₹8,599",https://www.flipkart.com/sjcam-wifi-mini-cube-cam-1-5-inch-ultra-hd-display-waterproof-12mp-1080p-car-dash-170-degree-wide-angle-lens-point-shoot-camera/p/itmejdpjzhz9ebqb?pid=CAMEJDPJTWGJFBAW&srno=b_6_11&otracker=browse&lid=LSTCAMEJDPJTWGJFBAWDJZVDT&fm=organic&iid=45bc9847-4875-46ef-b9c6-be296e86d45e.CAMEJDPJTWGJFBAW.SEARCH,none
37,Sony DSC-WX350 Point & Shoot Camera,"₹19,978",https://www.flipkart.com/sony-dsc-wx350-point-shoot-camera/p/itmdvx7dcg48yhvj?pid=CAMDZMCXH58S7YAY&srno=b_3_13&otracker=browse&lid=LSTCAMDZMCXH58S7YAY73N6LJ&fm=organic&iid=a45777ba-7ff6-4a76-8b88-f1a2a0d9f818.CAMDZMCXH58S7YAY.SEARCH,none
38,Canon EOS 750D Body with Single Lens: 18-55mm (16 GB SD Card + Camera Bag) DSLR Camera,"₹45,990",https://www.flipkart.com/canon-eos-750d-body-single-lens-18-55mm-16-gb-sd-card-camera-bag-dslr/p/itme77r3abdnxyyz?pid=CAME77R3EZDGHMGY&srno=b_1_13&otracker=browse&lid=LSTCAME77R3EZDGHMGYX2FAD8&fm=organic&iid=1548bd53-34a1-48ba-98fb-3a92553daacd.CAME77R3EZDGHMGY.SEARCH,none
39,Sony DSC-W810/PC Point & Shoot Camera,"₹6,890",https://www.flipkart.com/sony-dsc-w810-pc-point-shoot-camera/p/itme4zxmy6pnwg4z?pid=CAMDS9XZYKSKAZWN&srno=b_1_14&otracker=browse&lid=LSTCAMDS9XZYKSKAZWNSNIDKD&fm=organic&iid=20c17ffb-33e0-4092-9560-ab9d94e48e03.CAMDS9XZYKSKAZWN.SEARCH,none
40,Fujifilm Instax Mini 8 Instant Camera,"₹5,999",https://www.flipkart.com/fujifilm-instax-mini-8-instant-camera/p/itmdxg33gqkznert?pid=CAMDXG33SPKXEGGK&srno=b_3_15&otracker=browse&lid=LSTCAMDXG33SPKXEGGKROTFX4&fm=organic&iid=4f15d0ca-7b27-4ced-ae5e-1205403a8ddf.CAMDXG33SPKXEGGK.SEARCH,none
41,Canon IXUS 285 Point & Shoot Camera,"₹12,490",https://www.flipkart.com/canon-ixus-285-point-shoot-camera/p/itmeeztepyszthmd?pid=CAMEEZTDEQRHJHDB&srno=b_2_15&otracker=browse&lid=LSTCAMEEZTDEQRHJHDBMQQTOG&fm=organic&iid=f047fb23-f852-4092-9b72-bd3d70a0932b.CAMEEZTDEQRHJHDB.SEARCH,none
42,Nikon Coolpix A10 Point & Shoot Camera,"₹5,090",https://www.flipkart.com/nikon-coolpix-a10-point-shoot-camera/p/itmegfh3reahstne?pid=CAMEGFH3FQCP3HGJ&srno=b_1_15&otracker=browse&lid=LSTCAMEGFH3FQCP3HGJRPPMTS&fm=organic&iid=2d38fb95-d4ab-4dd4-ac89-7d5e5d1eaa84.CAMEGFH3FQCP3HGJ.SEARCH,none
43,Fujifilm Instax Mini 8 Instant Camera,"₹5,999",https://www.flipkart.com/fujifilm-instax-mini-8-instant-camera/p/itmdxg33gqkznert?pid=CAMDZ5Z5AVZXAHVN&srno=b_3_16&otracker=browse&lid=LSTCAMDZ5Z5AVZXAHVN35XJUJ&fm=organic&iid=aaf91061-1099-49df-a367-c259c3e4495f.CAMDZ5Z5AVZXAHVN.SEARCH,none
44,Nikon Coolpix A100 Point & Shoot Camera,"₹6,315",https://www.flipkart.com/nikon-coolpix-a100-point-shoot-camera/p/itmegfh5hkkhuw4a?pid=CAMEGFH5PXQZE7UZ&srno=b_2_16&otracker=browse&lid=LSTCAMEGFH5PXQZE7UZTDBXYV&fm=organic&iid=21e744d0-3fac-4907-9388-2c6fced58129.CAMEGFH5PXQZE7UZ.SEARCH,none
45,Nikon Coolpix A10 Point & Shoot Camera,"₹5,090",https://www.flipkart.com/nikon-coolpix-a10-point-shoot-camera/p/itmegfh3reahstne?pid=CAMEGFH3JM6G7KZN&srno=b_1_16&otracker=browse&lid=LSTCAMEGFH3JM6G7KZNWORGYI&fm=organic&iid=2ef2406f-8896-4b65-b58a-9fff8915ab39.CAMEGFH3JM6G7KZN.SEARCH,none
46,Fujifilm Instax Mini 8 Instant Camera,"₹5,999",https://www.flipkart.com/fujifilm-instax-mini-8-instant-camera/p/itmdxg33gqkznert?pid=CAMDXG33T7TJ3ZTD&srno=b_3_17&otracker=browse&lid=LSTCAMDXG33T7TJ3ZTD1XR93J&fm=organic&iid=a144c1e9-8e07-4eb7-844c-fa18f74dc216.CAMDXG33T7TJ3ZTD.SEARCH,none
47,Sony DSC-W810 Point & Shoot Camera,"₹7,350",https://www.flipkart.com/sony-dsc-w810-point-shoot-camera/p/itmds9yz3sxvjupf?pid=CAMDS9XZJUUYFEP4&srno=b_2_17&otracker=browse&lid=LSTCAMDS9XZJUUYFEP4GYJABD&fm=organic&iid=12e84ab9-a0e0-4fcd-b772-7d9411aa20c2.CAMDS9XZJUUYFEP4.SEARCH,none
48,Nikon Coolpix B500 Point & Shoot Camera,"₹15,499",https://www.flipkart.com/nikon-coolpix-b500-point-shoot-camera/p/itmejy7nxdcddgwj?pid=CAMEJY7NY8RRPKM6&srno=b_1_17&otracker=browse&lid=LSTCAMEJY7NY8RRPKM6ILLKJY&fm=organic&iid=806843a8-bb60-4017-b130-3fcb227f6491.CAMEJY7NY8RRPKM6.SEARCH,none
49,Fujifilm Instax mini 25 Instant Camera,"₹7,495",https://www.flipkart.com/fujifilm-instax-mini-25-instant-camera/p/itmdbnbgh7dyvbgy?pid=CAMDBN6UWKBGKFFS&srno=b_6_16&otracker=browse&lid=LSTCAMDBN6UWKBGKFFSREEPLU&fm=organic&iid=28db9c1d-ec57-41b2-8f06-dff46e1afae9.CAMDBN6UWKBGKFFS.SEARCH,none
50,Fujifilm Instax Mini 8 (With Film) Instant Camera,"₹6,995",https://www.flipkart.com/fujifilm-instax-mini-8-with-film-instant-camera/p/itmeytqywcqawzzh?pid=CAMEYTQYGHTGZCZC&srno=b_4_19&otracker=browse&lid=LSTCAMEYTQYGHTGZCZC7FPPCQ&fm=organic&iid=3a52f2d1-172f-4fda-b2bc-c5ba63662a7d.CAMEYTQYGHTGZCZC.SEARCH,none
51,Fujifilm Instax Mini 25+ Instax Flim Roll Pack of 10 Instant Camera,"₹6,995",https://www.flipkart.com/fujifilm-instax-mini-25-flim-roll-pack-10-instant-camera/p/itmedcqfqprqvufj?pid=CAMECTWMSBFNSVKJ&srno=b_5_19&otracker=browse&lid=LSTCAMECTWMSBFNSVKJILT5QI&fm=organic&iid=2efaa60b-8ded-4de0-9179-11ecb7c791e8.CAMECTWMSBFNSVKJ.SEARCH,none
52,Fujifilm Instax Mini 8 Instant Camera,"₹5,999",https://www.flipkart.com/fujifilm-instax-mini-8-instant-camera/p/itmdxg33gqkznert?pid=CAMEB7F7RZNJFYKE&srno=b_3_18&otracker=browse&lid=LSTCAMEB7F7RZNJFYKEA9FDFB&fm=organic&iid=ba057938-b129-4343-904e-4ccb328989f1.CAMEB7F7RZNJFYKE.SEARCH,none
53,Fujifilm Instax Mini 90 Neo Classic Instant Camera,"₹12,222",https://www.flipkart.com/fujifilm-instax-mini-90-neo-classic-instant-camera/p/itmeb7ybqdumj33v?pid=CAMEB7YBFBJE2VUX&srno=b_6_17&otracker=browse&lid=LSTCAMEB7YBFBJE2VUXPIILVR&fm=organic&iid=2b38ce52-21e3-4256-9e34-4e0b56951248.CAMEB7YBFBJE2VUX.SEARCH,none
54,Nikon D5300 (Body only) (16 GB SD Card + Camera Bag) DSLR Camera,"₹36,450",https://www.flipkart.com/nikon-d5300-body-only-16-gb-sd-card-camera-bag-dslr/p/itme8y3jdebdcmpy?pid=CAMDR82NVWHGWBFF&srno=b_7_16&otracker=browse&lid=LSTCAMDR82NVWHGWBFFFWMQGK&fm=organic&iid=5af01bf3-3b22-4915-8f8f-d2053c32318b.CAMDR82NVWHGWBFF.SEARCH,none
55,Sony DSC-H400 Point & Shoot Camera,"₹20,990",https://www.flipkart.com/sony-dsc-h400-point-shoot-camera/p/itmdvx7gfrs79mn5?pid=CAMDVX66DRGP9XUQ&srno=b_2_18&otracker=browse&lid=LSTCAMDVX66DRGP9XUQ0Z0DIS&fm=organic&iid=dc37ea3d-af29-4b08-9a29-34dfeac47c53.CAMDVX66DRGP9XUQ.SEARCH,none
56,Nikon D5300 Body with Single Lens: AF-S 18-140mm VR (16 GB SD Card + Camera Bag) DSLR Camera,"₹48,490",https://www.flipkart.com/nikon-d5300-body-single-lens-af-s-18-140mm-vr-16-gb-sd-card-camera-bag-dslr/p/itmdv58ex8gwawdf?pid=CAMDQG9KDU2KDWB3&srno=b_1_19&otracker=browse&lid=LSTCAMDQG9KDU2KDWB3ZVKPWT&fm=organic&iid=bc847f40-4243-4bc2-abbc-57e232083845.CAMDQG9KDU2KDWB3.SEARCH,none
57,Doodads Action 1 DSLR Camera,"₹2,149",https://www.flipkart.com/doodads-action-1-dslr-camera/p/itmew9fuqsfdzxaj?pid=CAMEW9FU6FJRKE9C&srno=b_8_18&otracker=browse&lid=LSTCAMEW9FU6FJRKE9C9VUM8C&fm=organic&iid=1234105d-ab1b-4dc3-a507-7f54098168f0.CAMEW9FU6FJRKE9C.SEARCH,none
58,Sony DSC-WX350 Point & Shoot Camera,"₹18,490",https://www.flipkart.com/sony-dsc-wx350-point-shoot-camera/p/itmdvx7dcg48yhvj?pid=CAMDZMCXGQDDNDFY&srno=b_2_20&otracker=browse&lid=LSTCAMDZMCXGQDDNDFYURKRXV&fm=organic&iid=421d227b-fb9a-4036-97ba-b5c572dd87ad.CAMDZMCXGQDDNDFY.SEARCH,none
59,Nikon Coolpix B500 Point & Shoot Camera,"₹15,950",https://www.flipkart.com/nikon-coolpix-b500-point-shoot-camera/p/itmejy7nxdcddgwj?pid=CAMEJY7NYTMGRKTZ&srno=b_1_20&otracker=browse&lid=LSTCAMEJY7NYTMGRKTZWUL029&fm=organic&iid=af84cfec-8482-4a3b-912b-6cc397f0eddf.CAMEJY7NYTMGRKTZ.SEARCH,none
60,Nikon P900 Point & Shoot Camera,"₹31,950",https://www.flipkart.com/nikon-p900-point-shoot-camera/p/itme5hzzdztawf7y?pid=CAME5HZZNDSE6EW5&srno=b_2_21&otracker=browse&lid=LSTCAME5HZZNDSE6EW5YS5JHG&fm=organic&iid=fa64a999-bf57-463d-a336-2d3a11ad602c.CAME5HZZNDSE6EW5.SEARCH,none
61,Sony DSC-W800/BC in5 Point & Shoot Camera,"₹6,799",https://www.flipkart.com/sony-dsc-w800-bc-in5-point-shoot-camera/p/itme8g8yfydrnwwv?pid=CAMDVGUGHKXNHYXB&srno=b_1_21&otracker=browse&lid=LSTCAMDVGUGHKXNHYXBMJOZO8&fm=organic&iid=cc56e617-edd8-4b9d-9f0f-70c3060ed30c.CAMDVGUGHKXNHYXB.SEARCH,none
62,Sony DSC-W810 Point & Shoot Camera,"₹7,250",https://www.flipkart.com/sony-dsc-w810-point-shoot-camera/p/itmds9yz3sxvjupf?pid=CAMDS9ZSSZHFCZVZ&srno=b_2_22&otracker=browse&lid=LSTCAMDS9ZSSZHFCZVZYQVYUX&fm=organic&iid=cef70fe9-ac51-4001-82d8-825e6edd8d70.CAMDS9ZSSZHFCZVZ.SEARCH,none
63,Sony DSC-WX350 Point & Shoot Camera,"₹18,490",https://www.flipkart.com/sony-dsc-wx350-point-shoot-camera/p/itmdvx7dcg48yhvj?pid=CAMDVX66V7ANRBME&srno=b_3_23&otracker=browse&lid=LSTCAMDVX66V7ANRBME6CQGUI&fm=organic&iid=01b8b0ba-8bd2-463e-8b4d-f804a65ffd33.CAMDVX66V7ANRBME.SEARCH,none
64,Sony DSC-RX100M3 Point & Shoot Camera,"₹47,490",https://www.flipkart.com/sony-dsc-rx100m3-point-shoot-camera/p/itmdxm2mjckzhgay?pid=CAMDXM2JZKP4HBYF&srno=b_1_22&otracker=browse&lid=LSTCAMDXM2JZKP4HBYFBUZGVE&fm=organic&iid=9aeaf8da-bff3-4440-9b70-e8e6ef698553.CAMDXM2JZKP4HBYF.SEARCH,none
65,Sony DSC-HX60V Point & Shoot Camera,"₹21,990",https://www.flipkart.com/sony-dsc-hx60v-point-shoot-camera/p/itmdvgybsbgcqzux?pid=CAMDVGUGGGDHKC5F&srno=b_2_23&otracker=browse&lid=LSTCAMDVGUGGGDHKC5FYTIHU7&fm=organic&iid=c3c7b8be-9658-4c74-94f0-707312157f55.CAMDVGUGGGDHKC5F.SEARCH,none
66,Sony DSC-W830 Point & Shoot Camera,"₹8,091",https://www.flipkart.com/sony-dsc-w830-point-shoot-camera/p/itme8h7pg8hdvuh5?pid=CAMDTHSAWY8M5BEH&srno=b_1_23&otracker=browse&lid=LSTCAMDTHSAWY8M5BEH1VSZBG&fm=organic&iid=53b1fda5-d36a-4564-a747-85a3916dae57.CAMDTHSAWY8M5BEH.SEARCH,none
67,Fujifilm Instax Mini 8 Instant Camera,"₹4,999",https://www.flipkart.com/fujifilm-instax-mini-8-instant-camera/p/itmdxg33gqkznert?pid=CAMEB7F7QG9YHPQG&srno=b_2_24&otracker=browse&lid=LSTCAMEB7F7QG9YHPQGWYONXX&fm=organic&iid=5eb0ddc5-6b38-4775-af2a-371452a1b4a3.CAMEB7F7QG9YHPQG.SEARCH,none
68,Sony DSC-WX220/NC IN5 Point & Shoot Camera,"₹12,590",https://www.flipkart.com/sony-dsc-wx220-nc-in5-point-shoot-camera/p/itme4zxhwqfgrsdp?pid=CAMDVGUGUQZGAGTR&srno=b_1_24&otracker=browse&lid=LSTCAMDVGUGUQZGAGTRMQTF6Z&fm=organic&iid=d4b44e62-cfaf-420c-a2d7-288ed487948f.CAMDVGUGUQZGAGTR.SEARCH,none
69,Sony DSC-WX500/WCIN5 Point & Shoot Camera,"₹22,500",https://www.flipkart.com/sony-dsc-wx500-wcin5-point-shoot-camera/p/itmer29kkj8xuynj?pid=CAME95KW96JSKH2R&srno=b_9_3&otracker=browse&lid=LSTCAME95KW96JSKH2RCMQNSG&fm=organic&iid=8c2bd498-6180-4d94-a7f4-54591149f4c7.CAME95KW96JSKH2R.SEARCH,none
70,Fujifilm Instax Mini 70 Instant Camera (Yellow),"₹10,495",https://www.flipkart.com/fujifilm-instax-mini-70-instant-camera-yellow/p/itmedkk5yafzurzg?pid=CAMEDKK5SDKAZGYB&srno=b_9_4&otracker=browse&lid=LSTCAMEDKK5SDKAZGYBD9DFI4&fm=organic&iid=3b99b3c1-7bc8-4de1-a14f-34e080e148af.CAMEDKK5SDKAZGYB.SEARCH,none
71,Fujifilm Instax Mini 70 Instant Camera (Blue),"₹10,495",https://www.flipkart.com/fujifilm-instax-mini-70-instant-camera-blue/p/itmedkk5yafzurzg?pid=CAMEDKK59YAUFHZ8&srno=b_9_5&otracker=browse&lid=LSTCAMEDKK59YAUFHZ8MC5CR5&fm=organic&iid=b94919ae-3bf0-4514-8e31-8c12e97c1da6.CAMEDKK59YAUFHZ8.SEARCH,none
72,Fujifilm Instax Mini 70 Instant Camera (White),"₹10,495",https://www.flipkart.com/fujifilm-instax-mini-70-instant-camera-white/p/itmedkk5yafzurzg?pid=CAMEDKK55VYHUZUA&srno=b_9_6&otracker=browse&lid=LSTCAMEDKK55VYHUZUAJOPL0J&fm=organic&iid=dc1c1537-1010-49d0-9ba3-46eee4314d80.CAMEDKK55VYHUZUA.SEARCH,none
