Razor,"['flipkart', 103L]"
A1475,"['bestBuy', 303L, 'amazon', 541L]"
P916BL,"['bestBuy', 114L]"
EGQ178BL,"['bestBuy', 20L, 'newEgg', 132L, 'newEgg', 255L]"
MF074LL/A,"['bestBuy', 285L]"
MQDD2HN/A,"['flipkart', 75L]"
2740P,"['newEgg', 496L]"
Elite x2 1012 G1,"['bestBuy', 201L, 'bestBuy', 206L]"
ME8QIBP16GBPRP,"['amazon', 354L, 'source', 65L]"
Lenovo Yoga Tab 3 8 - ZA090008US,"['amazon', 232L, 'amazon', 550L]"
ME8QIBP16GBMAG,"['amazon', 413L, 'source', 63L]"
M2-A01w,"['newEgg', 2L]"
MH312LL/A,"['amazon', 518L]"
P916BK,"['bestBuy', 43L]"
Kids Smart Tablet 9 to 12 with Orange Bumper,"['flipkart', 54L]"
ML2M2CL/A,"['bestBuy', 148L]"
"PlayStation Move Motion Controllers - Two Pack(US Version, Imported)","['amazon', 330L]"
7Ci,"['newEgg', 363L]"
SM-T113NDWACCC,"['amazon', 398L]"
7G6-00001,"['amazon', 131L]"
MPA42CL/A,"['bestBuy', 239L]"
Myo Gesture Control Armband - Black,"['amazon', 295L]"
ML2L2CL/A,"['bestBuy', 269L]"
NABI2-NV7A,"['amazon', 425L]"
"Vanquisher 10-Inch Rugged Tablet, Windows 10 / Intel Atom Quad Core CPU / Anti-scratch Corning Gorilla Panel / IP65 / U-blox GPS Module, For Field Applications","['amazon', 336L]"
Z170C-A1-BK,"['amazon', 25L, 'source', 39L, 'newEgg', 8L]"
MK762CL/A,"['bestBuy', 143L]"
MK9N2CL/A,"['bestBuy', 162L]"
MPG42HN/A,"['flipkart', 102L]"
B3-A30-K57G,"['newEgg', 59L]"
iBuddy 7DD01,"['flipkart', 35L]"
Dell Inspiron,"['amazon', 482L]"
2760P,"['newEgg', 500L]"
TAN,"['amazon', 3L]"
"Fixation/Support de table et bureau 360° flexible et adaptable pour tablettes tactiles Archos 70, 80b Helium et 101 Cobalt - DURAGADGET","['amazon', 476L]"
iPad with Retina Display - Wifi - 64 GB/Black,"['flipkart', 197L]"
60705001,"['amazon', 178L]"
Kids Smart Tablet 0 to 5 with Blue Bumper,"['flipkart', 104L]"
EGQ347BL,"['source', 52L, 'newEgg', 391L]"
A3-770 3G Calling Tablet,"['flipkart', 118L]"
SM-P580,"['amazon', 304L, 'amazon', 311L]"
Z300C-A1-BK,"['amazon', 383L]"
MLQ72LL/A,"['bestBuy', 126L]"
HZ-W19 8GB256GB,"['bestBuy', 3L]"
SM-T280NZWAXAC,"['bestBuy', 172L, 'amazon', 19L, 'newEgg', 70L, 'newEgg', 438L]"
SBX3,"['bestBuy', 286L]"
5.06E+12,"['amazon', 305L, 'amazon', 558L]"
MD531C/A,"['amazon', 370L]"
ML0Q2LL/A,"['bestBuy', 251L]"
SM-T280NZWAXAR,"['amazon', 76L]"
MQEF2CL/A,"['bestBuy', 130L]"
BTV-W09,"['amazon', 474L]"
Twinkle i5 ,"['snapdeal', 29L, 'snapdeal', 32L]"
SM-T813NZWEXAR,"['newEgg', 18L]"
SM-T713NZDEXAC,"['bestBuy', 97L, 'source', 14L, 'newEgg', 378L, 'newEgg', 389L]"
Classes 9 to 10,"['flipkart', 14L]"
Apple Airport 3TB Time Capsule (ME182AM/A),"['amazon', 124L]"
SC-8809,"['newEgg', 114L]"
MNV22LL/A,"['amazon', 560L]"
MLPX2CL/A,"['bestBuy', 265L]"
FX-960,"['amazon', 457L, 'amazon', 195L, 'amazon', 210L, 'amazon', 236L, 'amazon', 259L, 'amazon', 261L, 'amazon', 309L, 'amazon', 347L, 'amazon', 362L, 'amazon', 515L]"
DQQ-00001,"['amazon', 148L, 'amazon', 115L]"
HP 10 1901 Tablet India,"['flipkart', 60L, 'amazon', 326L, 'amazon', 536L]"
IK1 ,"['snapdeal', 24L, 'snapdeal', 57L, 'snapdeal', 59L]"
MGGX2CL/A,"['amazon', 393L]"
Pinig Smart Kids Tablet 6-8,"['flipkart', 166L]"
P916PSY,"['bestBuy', 124L]"
Fantabulet F666 ,"['snapdeal', 18L, 'snapdeal', 63L]"
Surface Pro 4,"['bestBuy', 217L]"
"Smart Study Tab, Class 3rd, EW-200","['flipkart', 143L]"
FJS-00001,"['bestBuy', 188L]"
FGJ-00001,"['bestBuy', 260L]"
MP2J2CL/A,"['bestBuy', 54L]"
TZ5-00001,"['bestBuy', 81L]"
TZ5-00002,"['bestBuy', 86L]"
YT3-X50L 4G,"['flipkart', 88L]"
930TPC,"['newEgg', 92L]"
FGG-00001,"['bestBuy', 88L]"
MD528LLA-B,"['newEgg', 490L]"
mt-t900,"['amazon', 462L, 'amazon', 169L, 'amazon', 301L, 'amazon', 375L]"
VKB001B,"['amazon', 563L]"
80SG001FUS,"['amazon', 89L, 'source', 47L]"
EGQ223SKPR,"['bestBuy', 65L]"
fx970,"['amazon', 300L, 'amazon', 144L, 'amazon', 275L, 'amazon', 371L, 'amazon', 445L, 'amazon', 484L, 'amazon', 524L]"
MPGJ2HN/A,"['flipkart', 192L]"
FX-23,"['amazon', 135L, 'amazon', 184L, 'amazon', 469L]"
MQEF2HN/A,"['flipkart', 120L]"
ME7QLBP16GBBLK,"['source', 59L]"
ML3N2LL/A,"['bestBuy', 289L]"
SM-T560NZWUXAC,"['bestBuy', 62L, 'newEgg', 358L]"
1BT02UT#ABA,"['newEgg', 139L]"
20FY0002US,"['amazon', 331L]"
T8Z07UTABA,"['bestBuy', 120L]"
EGQ223SKBU,"['bestBuy', 50L, 'newEgg', 89L, 'newEgg', 400L]"
Slice,"['flipkart', 180L, 'flipkart', 208L]"
P3W-00001,"['amazon', 121L]"
MC769LL/A,"['bestBuy', 87L, 'overStock', 0L]"
EGQ223SKBL,"['bestBuy', 179L, 'newEgg', 91L]"
P469,"['flipkart', 63L]"
ME11QKC32BLK,"['source', 32L, 'newEgg', 54L, 'newEgg', 67L]"
MLMP2LL/A,"['bestBuy', 111L]"
UM.HV6AA.001,"['amazon', 522L]"
T1-701w,"['amazon', 366L]"
T102HA-D4-GR,"['amazon', 5L]"
ML0Q2CL/A,"['bestBuy', 243L]"
107,"['amazon', 420L]"
MP6G2CL/A,"['bestBuy', 147L]"
MP2G2HN/A,"['flipkart', 64L]"
3G Q45i,"['flipkart', 152L, 'flipkart', 181L]"
MB292LL/A,"['bestBuy', 53L]"
T8Z05UTABA,"['bestBuy', 270L]"
"Samsung 28"" 4K UHD 60Hz 1ms GTG TN LED FreeSync Gaming Monitor (U28E590D) - Black/Titanium Silver_Black; Titanium Silver","['amazon', 246L]"
6351 Q40i ,"['snapdeal', 23L]"
GOLE1,"['amazon', 204L]"
UNI 17.7cm Dual Sim 3G Dual Core HD Tablet 2+5 MP Camera Android 4GB  ,"['snapdeal', 26L]"
Samsung Galaxy S2 Keyboard Cover (EJ-FT810UBEGCA) - Black,"['amazon', 434L]"
ME7QLBP16GBMAG,"['source', 57L]"
59407939,"['amazon', 281L]"
MH1J2HN/A,"['flipkart', 131L]"
MP262HN/A,"['flipkart', 41L]"
SM-T285YZDYINS,"['flipkart', 99L]"
FGK-00001,"['bestBuy', 150L]"
RNB-NT.LBRAA.002,"['bestBuy', 194L]"
MD367LL/A,"['bestBuy', 69L]"
V711,"['newEgg', 117L, 'newEgg', 470L]"
"Smart Study Tab, Class 1st, EW-200","['flipkart', 156L]"
S8,"['amazon', 134L, 'amazon', 320L]"
Mipad 07,"['flipkart', 157L, 'flipkart', 170L, 'flipkart', 186L]"
N5-16GB with Keyboard VoLTE ,"['snapdeal', 36L]"
TP201SA-DB01T,"['amazon', 12L]"
MK8F2LL/A,"['bestBuy', 106L]"
Mi7 Hero Pro,"['flipkart', 183L, 'flipkart', 217L]"
ME8QIDC16GBBLKB,"['newEgg', 149L]"
S7,"['amazon', 106L, 'amazon', 446L]"
CB5-571-C4T3,"['amazon', 501L]"
PRD-38548-003,"['amazon', 158L]"
VTA08900IM16,"['amazon', 291L]"
ME10QS16GBKCBLU,"['source', 67L]"
PRD-38548-007,"['amazon', 444L]"
Remix Mini 2G US,"['amazon', 116L]"
ME860LL/A,"['bestBuy', 171L]"
MTV Slash 2X,"['flipkart', 151L]"
Z370CG-1L027A,"['flipkart', 70L]"
MH1J2CL/A,"['bestBuy', 209L]"
AQ-700,"['flipkart', 158L]"
SM-T530NZWAXAR,"['amazon', 310L, 'overStock', 103L]"
TM800W560L,"['amazon', 486L]"
MB294LL/A,"['amazon', 528L]"
X1783,"['newEgg', 101L, 'amazon', 120L, 'amazon', 250L, 'amazon', 272L, 'amazon', 273L, 'amazon', 448L]"
SM-T560NZKU,"['amazon', 84L]"
NT.LCKAA.001,"['bestBuy', 263L]"
ML0N2CL/A,"['bestBuy', 225L]"
"2017 Model Twinpa Android 6.0 TV Box, Abox X96 T95N Android TV Box Amlogic S905X 64 Bits and True 4K Playing Media Center (MX Pro)","['amazon', 401L]"
X1781,"['newEgg', 105L, 'amazon', 107L, 'amazon', 456L]"
MLMY2HN/A,"['flipkart', 128L]"
Y1757,"['newEgg', 102L, 'amazon', 504L, 'amazon', 564L]"
X1784,"['newEgg', 95L]"
G6X12AW#ABL,"['newEgg', 111L, 'newEgg', 373L]"
MK892LL/A,"['bestBuy', 211L]"
Pro 4,"['newEgg', 503L]"
NT.L9YAA.001,"['amazon', 299L]"
slide cuddle A4 ,"['snapdeal', 51L]"
KAA203W,"['amazon', 555L]"
MLPX2HN/A,"['flipkart', 38L]"
20FQ000RUS,"['amazon', 285L]"
ZA0X0018US,"['bestBuy', 64L, 'amazon', 470L, 'newEgg', 145L, 'newEgg', 392L]"
PB2-690M,"['flipkart', 12L]"
Snap 4G2 ,"['snapdeal', 44L]"
ST8600,"['amazon', 435L]"
XE500T1C-K02US,"['newEgg', 38L]"
ML0N2LL/A,"['bestBuy', 145L, 'bestBuy', 295L]"
9026T,"['flipkart', 74L]"
B1-780-K6C3,"['bestBuy', 153L, 'newEgg', 37L, 'newEgg', 394L]"
ST1060002,"['source', 24L]"
ZA2B0009US,"['newEgg', 4L]"
10DTB38-64GB,"['amazon', 498L]"
MLMY2CL/A,"['bestBuy', 8L]"
K1 ,"['snapdeal', 62L]"
E2281,"['amazon', 416L]"
"Support réglable pour pare-brise voiture ajustable pour tablettes tactiles Samsung Galaxy Tab S 10.5"" Wi-Fi (SM-T800) et 4G & Wi-Fi (SM-T805) Android 4.4 Kitkat","['amazon', 293L]"
FKH-00001,"['bestBuy', 187L]"
MM192CL/A,"['bestBuy', 210L, 'bestBuy', 237L]"
TRIO 4.3 MID 4.0C,"['amazon', 223L]"
Chuwi HI12 Tablet PC,"['amazon', 451L, 'amazon', 396L]"
7 inch tablet,"['amazon', 271L, 'amazon', 441L]"
XE700T1A-A06US,"['amazon', 500L]"
SM-T800NTSAXAR,"['amazon', 345L]"
MQF02CL/A,"['bestBuy', 73L]"
ZA090094US,"['bestBuy', 92L, 'newEgg', 11L]"
F2,"['flipkart', 218L]"
MPL12HN/A,"['flipkart', 20L]"
EWT732BL,"['source', 49L, 'newEgg', 158L]"
k08,"['amazon', 56L, 'amazon', 155L, 'amazon', 174L, 'amazon', 198L, 'amazon', 199L, 'amazon', 257L, 'amazon', 263L, 'amazon', 270L]"
RCT6773W22,"['bestBuy', 23L]"
Sony PlayStation 3 Move Motion Controller (Bulk Packaging),"['amazon', 390L]"
MK782CL/A,"['bestBuy', 80L]"
NBKLEA525,"['amazon', 561L]"
SA5-271-55Q6,"['amazon', 80L]"
NBKLEA522,"['amazon', 414L]"
"PlayStation VR Start Bundle 10 Items:VR Start Bundle PS4 Pro 1TB,6 VR Game Disc Until Dawn: Rush of Blood,EVE: Valkyrie, Battlezone,Batman: Arkham VR,DriveClub,Battlezone Battle(US Version, Imported)","['amazon', 409L]"
PLT7770GK,"['source', 43L]"
MP2J2HN/A,"['flipkart', 121L]"
Zeepad,"['newEgg', 308L]"
"Smart Study Tab, Class 9th, EW-200","['flipkart', 150L]"
420TPC,"['amazon', 303L]"
W700P-6821,"['newEgg', 362L]"
8A,"['amazon', 289L]"
SM-T550NZAAXAR,"['amazon', 4L, 'overStock', 5L]"
Nexus 7,"['newEgg', 36L]"
234-00025,"['amazon', 138L]"
MLMV2LL/A,"['bestBuy', 121L, 'amazon', 81L]"
TAB 3 V T116NY ,"['snapdeal', 16L]"
PRO-100,"['amazon', 353L]"
MK9Q2LL/A,"['amazon', 59L]"
PB2-670M,"['flipkart', 24L, 'flipkart', 31L]"
ZA170001US,"['bestBuy', 84L, 'bestBuy', 197L, 'amazon', 215L]"
SM-T355YZAAINS,"['flipkart', 124L, 'flipkart', 164L]"
P70221,"['flipkart', 57L]"
Tabbook,"['flipkart', 159L]"
KIDSZEEPAD-BLU,"['newEgg', 137L]"
MPGL2HN/A,"['flipkart', 136L]"
GT-P8110HAAXAR,"['overStock', 114L]"
"Apple iPad Pro (128GB, Wi-Fi, Gold) - 12.9"" Display","['amazon', 483L]"
MPGK2HN/A,"['flipkart', 11L]"
FJT-00001,"['bestBuy', 7L]"
HZ-W19,"['bestBuy', 304L]"
All New Kindle Basic ,"['snapdeal', 19L]"
MPHG2CL/A,"['bestBuy', 44L]"
MPG42CL/A,"['bestBuy', 297L]"
MLQ62CL/A,"['bestBuy', 238L]"
Quad Z900 plus,"['flipkart', 195L]"
NFRX4SWXBG,"['amazon', 341L]"
Y88X PLUS KIDS-RD,"['amazon', 6L, 'amazon', 556L]"
HP-17x,"['amazon', 142L]"
N4 ,"['snapdeal', 0L, 'snapdeal', 10L, 'snapdeal', 40L]"
ML2J2CL/A,"['bestBuy', 129L]"
YB-Q501L,"['flipkart', 43L]"
MK9P2CL/A,"['bestBuy', 119L, 'bestBuy', 123L]"
iPad Air,"['amazon', 551L]"
MPGT2LL/A,"['amazon', 111L]"
MP1L2HN/A,"['flipkart', 32L]"
Galaxy Note 10.1 2014,"['newEgg', 502L]"
GT-810-15NC,"['amazon', 154L]"
K000007,"['amazon', 75L]"
B-101,"['amazon', 147L, 'amazon', 221L]"
ML0V2CL/A,"['bestBuy', 93L]"
Yt3-850m,"['flipkart', 5L]"
MP1L2CL/A,"['bestBuy', 218L]"
Z580CB1BK,"['newEgg', 22L]"
MD513LL/A,"['bestBuy', 33L, 'amazon', 392L]"
NT.LCEAA.010,"['newEgg', 315L]"
MK9N2LL/A,"['amazon', 72L]"
H8216,"['amazon', 206L]"
608 G1,"['newEgg', 51L]"
MNWG2CL/A,"['bestBuy', 277L]"
N5 with Keyboard ,"['snapdeal', 28L]"
Slide Wings 4GP,"['flipkart', 26L]"
HI10,"['amazon', 175L, 'amazon', 33L]"
MPA62CL/A,"['bestBuy', 45L]"
Galaxy Tab A 8.0,"['newEgg', 20L]"
MLMP2CL/A,"['bestBuy', 113L, 'bestBuy', 279L]"
N4-16GB VoLTE ,"['snapdeal', 47L, 'snapdeal', 54L]"
MH372LL/A,"['bestBuy', 131L]"
FJZ-00001,"['bestBuy', 107L]"
SA5-271-71NX,"['amazon', 278L]"
F666,"['flipkart', 59L]"
000-00048,"['amazon', 90L]"
MC414LL/A,"['amazon', 235L]"
Color M5,"['flipkart', 72L, 'flipkart', 110L, 'flipkart', 201L]"
MII,"['newEgg', 23L]"
MD511LL/A,"['amazon', 36L]"
MD785LL/B,"['amazon', 418L]"
P681,"['flipkart', 9L, 'flipkart', 16L]"
MLMV2CL/A,"['bestBuy', 55L, 'bestBuy', 152L]"
SPFC-Q736-W10-002,"['newEgg', 33L, 'newEgg', 302L]"
63114-1041,"['amazon', 297L]"
ME7QLBP16GBRED,"['source', 61L]"
C855,"['amazon', 459L]"
RCT6203W46-BLACK,"['bestBuy', 128L]"
MLMW2CL/A,"['bestBuy', 174L]"
SM-T813NZKEXAC,"['bestBuy', 284L, 'source', 19L, 'newEgg', 421L]"
SM-T350NZWAXAR,"['amazon', 27L, 'amazon', 117L]"
Mini 2 wifi cell,"['bestBuy', 61L]"
VP112,"['amazon', 244L]"
ML0T2LL/A,"['bestBuy', 299L]"
MK9P2LL/A,"['amazon', 7L]"
Inspiron 15 5000,"['amazon', 30L]"
ME10ES32KCBLK,"['source', 69L]"
MD531LL/A,"['amazon', 407L]"
MLPX2LL/A,"['bestBuy', 176L]"
MLQ82LL/A,"['bestBuy', 221L]"
XB270H Abprz,"['amazon', 376L]"
T103,"['newEgg', 112L]"
MGNV2LL/A,"['amazon', 497L]"
NS-15MS0832,"['amazon', 399L]"
SM-T350NZWAXAC,"['bestBuy', 192L, 'source', 0L]"
M812,"['amazon', 214L, 'amazon', 126L, 'amazon', 151L, 'amazon', 156L]"
ME10ES32KCBLU,"['bestBuy', 190L, 'source', 70L, 'newEgg', 115L]"
MNY22LL/A,"['amazon', 274L]"
MP1J2CL/A,"['bestBuy', 94L]"
CVAEY-133001,"['amazon', 569L]"
343524U,"['amazon', 436L]"
J4Y28AA#ABL,"['amazon', 516L, 'amazon', 88L, 'amazon', 99L, 'amazon', 102L, 'amazon', 105L, 'amazon', 119L, 'amazon', 166L, 'amazon', 170L, 'amazon', 222L, 'amazon', 288L, 'amazon', 332L, 'amazon', 349L, 'amazon', 359L]"
Nintendo New Nintendo 3DS Super Mario White Edition,"['amazon', 527L]"
ME10ES32KCRED,"['source', 38L]"
4G2,"['flipkart', 71L]"
SM-T825NZSAINS,"['flipkart', 73L]"
MLMX2HN/A,"['flipkart', 29L]"
9JR-00002,"['newEgg', 28L]"
J31060001,"['source', 53L]"
PS2-00017,"['amazon', 150L]"
MPGT2CL/A,"['bestBuy', 17L]"
i7559-7512GRY,"['amazon', 405L]"
VR99000008,"['amazon', 229L, 'amazon', 2L, 'amazon', 10L, 'amazon', 15L, 'amazon', 31L, 'amazon', 51L, 'amazon', 65L, 'amazon', 66L, 'amazon', 98L, 'amazon', 185L, 'amazon', 187L]"
A88K Pro,"['amazon', 509L]"
P 469,"['flipkart', 79L]"
XE500C13-K02US,"['amazon', 519L]"
All new PaperWhite  ,"['snapdeal', 45L]"
Venus,"['amazon', 264L]"
MPHJ2CL/A,"['bestBuy', 48L]"
SM-T710NZKE,"['amazon', 535L]"
MC705LL/A,"['amazon', 343L]"
80U1006EUS,"['amazon', 205L]"
SM-T377AZKAATT,"['amazon', 514L]"
1070TPC-BL,"['newEgg', 16L]"
SM-T810NZKEXAC,"['amazon', 566L]"
iPad mini 3 Wi-Fi + Cellular 16GB,"['flipkart', 126L, 'flipkart', 132L, 'flipkart', 200L]"
MPGK2CL/A,"['bestBuy', 248L]"
3G Cuddle A4 2GB,"['flipkart', 56L, 'flipkart', 112L, 'flipkart', 179L]"
MH1J2LL/A,"['amazon', 82L, 'newEgg', 419L]"
G716,"['flipkart', 155L]"
Ipad air 2,"['flipkart', 127L, 'flipkart', 133L]"
Lenovo Ideapad 110s - 11.6,"['amazon', 130L]"
20GG001VUS,"['source', 72L]"
01SG0092WT,"['amazon', 554L, 'amazon', 534L]"
MID-708,"['amazon', 23L]"
MD518C/A,"['amazon', 251L]"
MGTY2LL/A,"['amazon', 282L]"
ZA0X0047US,"['bestBuy', 99L, 'newEgg', 13L]"
MD335LL/A,"['bestBuy', 21L]"
7G5-00001,"['amazon', 226L]"
SW1-011-15B9,"['amazon', 260L]"
Galaxy Tab 3 V T116 ,"['snapdeal', 6L]"
VTA0800IM16,"['amazon', 549L, 'newEgg', 122L]"
PBSKD12,"['source', 20L, 'newEgg', 62L, 'newEgg', 368L]"
"Oculus Rift 3 Items Bundle:Oculus Rift Virtual Reality Headset,Oculus Touch and Oculus Rift Earphones(US Version, Imported)","['amazon', 505L]"
3G i71,"['flipkart', 142L]"
Slate Plus,"['flipkart', 95L]"
FFZ-00001,"['bestBuy', 298L]"
ML0G2CL/A,"['bestBuy', 175L]"
MP2G2LL/A,"['amazon', 454L]"
ZA000001US,"['amazon', 176L]"
S74,"['flipkart', 196L]"
Turbo L10,"['flipkart', 34L]"
MPL12CL/A,"['bestBuy', 70L]"
ML0F2CL/A,"['bestBuy', 158L, 'bestBuy', 165L]"
CR3-00001,"['amazon', 34L]"
SM-T113NYKAXAR,"['amazon', 276L]"
SONY XPERIA Z3 TABLET COMPACT SGP611 16GB WHITE FACTORY UNLOCKED WI-FI TABLET International Version No Warranty,"['amazon', 172L]"
N2 ,"['snapdeal', 7L, 'snapdeal', 11L]"
Z170CG ,"['snapdeal', 43L]"
SM-T350NZAA,"['amazon', 21L, 'amazon', 312L]"
SM-T350NZBAXAR,"['amazon', 533L]"
SM-T110NDWAXAC,"['amazon', 208L]"
MC706LL/A,"['amazon', 128L]"
Kindle Fire,"['newEgg', 30L, 'newEgg', 50L]"
ME993LL/A,"['bestBuy', 51L]"
SC-6207FITBK,"['newEgg', 61L]"
SM-T580-BLK,"['newEgg', 467L]"
TPPOS-ATAB-SIRCLE,"['amazon', 231L]"
SV-01,"['amazon', 322L]"
"Smart Study Tab, Class 5th, EW-200","['flipkart', 135L]"
Zebpad 7t 100,"['flipkart', 146L]"
ME277C/A,"['bestBuy', 154L]"
"GeIL EVO POTENZA 16GB (2 x 8GB) GPR416GB2400C16DC 288-Pin DDR4 SDRAM DDR4 2400 (PC4 19200) Desktop Memory(US Version, Imported)","['amazon', 324L]"
Tab 3 (ZA170138US),"['newEgg', 399L]"
MAIN-94318,"['amazon', 471L]"
MQ2-00019,"['amazon', 463L]"
P3-171-6442,"['amazon', 415L]"
i5559-4682SLV,"['amazon', 477L]"
Classes 5 to 8,"['flipkart', 138L]"
F11,"['flipkart', 106L]"
MP2H2CL/A,"['bestBuy', 27L]"
N3 Big Speaker & Cover ,"['snapdeal', 5L, 'snapdeal', 8L]"
Slide Snap 4g2 ,"['snapdeal', 12L]"
Chenkse Tablet PC WIFI 3G Phone Call Octa Core Andriod 6.0 IPS Screen 4G Ram 32G Rom Dual Camera WIFI Bluetooth10.1 Inch -Black with black PU cover free,"['amazon', 292L]"
Kindle-Oasis-Merlot,"['amazon', 417L]"
Twinkle i5,"['flipkart', 105L]"
MNY32CL/A,"['bestBuy', 63L, 'amazon', 22L]"
VTA1005XBM32,"['amazon', 395L]"
TZ6-00002,"['bestBuy', 16L]"
TZ6-00001,"['bestBuy', 75L]"
EGS004-RD,"['amazon', 492L]"
80U1006DUS,"['amazon', 103L, 'amazon', 467L]"
Yoga 2 in 1,"['amazon', 553L]"
MK9Q2CL/A,"['bestBuy', 59L]"
N1 ,"['snapdeal', 2L]"
47599,"['amazon', 315L]"
J32260001,"['source', 25L]"
PDA01U-00101F,"['amazon', 253L]"
ML0G2LL/A,"['bestBuy', 236L]"
MQDD2CL/A,"['bestBuy', 281L]"
PLT8802G,"['source', 23L]"
Surface 32GB,"['amazon', 512L]"
"Smart Study Tab, Class 7th, EW-200","['flipkart', 215L]"
MLMX2CL/A,"['bestBuy', 169L]"
E5-575-33BM,"['amazon', 296L]"
XOOM Wi-Fi,"['amazon', 543L]"
Slide 3G 6095 Q700,"['flipkart', 145L, 'flipkart', 175L]"
ME70C-8G-BK,"['bestBuy', 264L]"
ME279LL/A,"['bestBuy', 212L, 'amazon', 73L, 'amazon', 367L]"
Q-1010TL,"['amazon', 143L, 'amazon', 421L]"
7 Plus,"['flipkart', 36L]"
MPMG2HN/A,"['flipkart', 25L]"
D70V50G,"['flipkart', 47L]"
Microsoft Surface Pro 3 Type Cover - Black - French,"['amazon', 234L]"
MPGH2CL/A,"['bestBuy', 18L]"
K1,"['amazon', 91L, 'flipkart', 199L, 'amazon', 18L, 'amazon', 85L, 'amazon', 86L, 'amazon', 95L, 'amazon', 179L]"
"Tagital 7"" T7K Quad Core Android Kids Tablet, with Wifi and Camera and Games, HD Kids Edition with Kid Mode Pre-Installed (Pink)","['amazon', 171L, 'amazon', 191L]"
MID8125-4G,"['amazon', 464L]"
CR7-00001,"['amazon', 28L]"
Y88X PLUS KIDS PK,"['amazon', 53L]"
A1458,"['bestBuy', 102L]"
N5-16GB VoLTE ,"['snapdeal', 49L, 'snapdeal', 55L]"
MLPY2HN/A,"['flipkart', 17L]"
Classes 1 to 4,"['flipkart', 122L]"
MK882LL/A,"['bestBuy', 280L]"
FJR-00001,"['bestBuy', 47L]"
PT-ELITE-UL-RC,"['amazon', 137L]"
ACE 9,"['flipkart', 171L]"
Kids Smart Tablet 9 to 12 with Blue Bumper,"['flipkart', 61L]"
iPad Air 2 Wi-Fi 16 GB,"['flipkart', 90L]"
D7061,"['flipkart', 62L, 'flipkart', 190L]"
X8,"['amazon', 267L]"
ME10QS16GBKCBLK,"['source', 36L, 'newEgg', 154L, 'newEgg', 159L]"
MD370LL/A,"['bestBuy', 228L]"
X9,"['amazon', 308L]"
LG-V497,"['amazon', 218L, 'amazon', 378L]"
Galaxy Tab S2 T815Y ,"['snapdeal', 60L]"
Indigi® UNLOCKED! 7.0in Android 4.4 Tablet PC 3G+WiFi Smart Phone w/ Dual Sim Card Slots,"['amazon', 369L]"
MNVR2HN/A,"['flipkart', 129L]"
EWT935DK,"['source', 48L, 'newEgg', 370L]"
SM-T713NZKEXAC,"['bestBuy', 19L, 'source', 15L]"
ME280LL/A,"['amazon', 97L]"
SM-W700NZDBXAR,"['amazon', 256L]"
Avenger,"['flipkart', 176L]"
80QL0008US,"['amazon', 503L]"
MNVP2HN/A,"['flipkart', 68L]"
MNWP2LL/A,"['bestBuy', 141L]"
MK772CL/A,"['bestBuy', 195L]"
ZA170138US,"['bestBuy', 272L]"
ST707,"['amazon', 478L]"
Q1010MGT,"['bestBuy', 24L]"
Z370CG-1L033A,"['flipkart', 149L]"
SM-T561NZKAINS,"['flipkart', 84L]"
N4 Tablet with Keyboard,"['flipkart', 206L]"
N4 with Keyboard,"['flipkart', 193L]"
MH2P2LL/A,"['bestBuy', 216L]"
ME10QS16GBKCRED,"['source', 34L, 'newEgg', 108L, 'newEgg', 387L]"
MNV72CL/A,"['bestBuy', 68L]"
PLT1052(512-8GB),"['amazon', 177L, 'amazon', 113L]"
MF432LL/A,"['amazon', 432L]"
MH182LL/A,"['amazon', 408L]"
ME11QKC32RED,"['source', 33L, 'newEgg', 357L]"
MD526LL/A,"['bestBuy', 309L]"
MP2F2CL/A,"['bestBuy', 0L]"
X1792,"['newEgg', 103L]"
R7-372T-75LX,"['amazon', 298L]"
"Logitech - Harmony 700 8-Device Universal Remote - Black(US Version, Imported)","['amazon', 350L]"
X1795,"['amazon', 241L]"
MC733LL/A,"['bestBuy', 189L]"
CPB0100+CPJ0456,"['amazon', 508L]"
ST-4300-8G1TB-GTX750TI,"['amazon', 284L]"
MD510LL/A,"['bestBuy', 307L, 'amazon', 424L]"
"Smart Study Tab, Class 10th, EW-200","['flipkart', 214L]"
MLQ32CL/A,"['bestBuy', 207L]"
Q1010BK,"['bestBuy', 164L]"
B1-780-K9UP,"['source', 4L]"
ME7QLBP16GBPRP,"['source', 62L]"
LYSB01L1HWFBC-ELECTRNCS,"['amazon', 60L]"
SM-T530,"['amazon', 220L, 'overStock', 95L, 'overStock', 105L]"
MLMX2LL/A,"['bestBuy', 191L]"
NS-P08W7100-C,"['bestBuy', 132L, 'bestBuy', 242L]"
K020007,"['amazon', 258L]"
Original Keyboard for Chuwi Hi12 Multi Mode Rotary Shaft Keyboard Magnetic Docking Pogo Pin Separable Design,"['amazon', 197L]"
Pixel C - 64GB,"['amazon', 513L]"
MNY12LL/A,"['amazon', 453L]"
SM-T825NZKAINS,"['flipkart', 51L]"
Z88,"['amazon', 189L, 'amazon', 35L]"
EGS004-PN,"['amazon', 472L]"
ME7QLBP16GBGRN,"['source', 60L]"
NT.LCDAA.001,"['amazon', 44L]"
MPLK2HN/A,"['flipkart', 130L]"
01SG0093OR/XL,"['amazon', 562L, 'amazon', 0L, 'amazon', 49L, 'amazon', 104L, 'amazon', 141L, 'amazon', 233L]"
DD-1GB,"['flipkart', 123L]"
SM-T550NZWE,"['overStock', 33L]"
CHDHA-301,"['amazon', 74L]"
Color M4,"['flipkart', 4L, 'flipkart', 165L]"
MD528LLA-A,"['newEgg', 489L]"
Canvas Tabby P469 ,"['snapdeal', 37L]"
Nexus 7 2012 16GB,"['amazon', 510L]"
CQI711S,"['amazon', 475L]"
LGV400,"['amazon', 430L]"
T100TA-B1-GR,"['newEgg', 498L]"
RD2-00060,"['amazon', 225L]"
PlayStation 4 Slim 500GB Console - Uncharted 4 Bundle,"['amazon', 127L]"
MD789LL/A,"['bestBuy', 291L, 'amazon', 24L]"
CDS810G,"['amazon', 364L]"
Canvas Tab P702,"['flipkart', 19L, 'flipkart', 77L]"
Canvas Tab P701,"['flipkart', 3L, 'flipkart', 7L]"
M1400,"['amazon', 520L]"
All New PaperWhite Built-In Light ,"['snapdeal', 33L]"
G751JY-WH71(WX),"['amazon', 423L]"
Q1010RYBL,"['bestBuy', 58L]"
Kids Smart Tablet 6 to 8 with Orange Bumper,"['flipkart', 211L]"
Q45i,"['flipkart', 140L]"
MPF02CL/A,"['bestBuy', 292L]"
ML0R2CL/A,"['bestBuy', 104L, 'bestBuy', 271L]"
ML0H2LL/A,"['bestBuy', 231L]"
20D90027US,"['amazon', 544L]"
DataWind Senior Simple,"['bestBuy', 149L]"
FJX-00001,"['bestBuy', 22L]"
MLMQ2CL/A,"['bestBuy', 140L, 'bestBuy', 232L]"
MPMH2HN/A,"['flipkart', 33L]"
GT-P5113TSYXAR,"['amazon', 507L]"
MD516LL/A,"['bestBuy', 274L]"
0P82100-16-BLK,"['amazon', 252L]"
Kids Smart Tablet 6 to 8 with Blue Bumper,"['flipkart', 83L]"
Q-1010RD,"['amazon', 188L]"
SNBJR-MT5C,"['amazon', 530L]"
HP-i7-1TB-Desktop,"['amazon', 373L]"
N828,"['amazon', 45L]"
Morphus X300,"['amazon', 568L]"
Beam+ Smart Presence System & Dock,"['amazon', 245L]"
M706T,"['amazon', 380L]"
Slate 8  ,"['snapdeal', 56L]"
FJU-00001,"['bestBuy', 173L]"
ME800LL/A,"['bestBuy', 261L]"
M753,"['amazon', 152L]"
X1s,"['newEgg', 309L]"
N5 ,"['snapdeal', 20L, 'snapdeal', 42L]"
LGV400.AUSAWH,"['newEgg', 414L]"
MF121LL/A,"['bestBuy', 166L]"
q45,"['flipkart', 178L]"
20GG001KUS,"['source', 71L]"
MLPW2LL/A,"['bestBuy', 103L, 'overStock', 80L]"
ML0U2CL/A,"['bestBuy', 204L]"
ZA0H0022US,"['bestBuy', 257L, 'amazon', 355L]"
SM-W700NZKAXAR,"['amazon', 125L]"
Google Daydream View - VR Headset (Crimson),"['amazon', 328L]"
MC979LL/A,"['amazon', 428L]"
Z300M-A2-GD,"['bestBuy', 115L, 'newEgg', 5L]"
SC-999BT,"['overStock', 118L]"
EGQ377RD,"['source', 50L]"
1070tpc,"['newEgg', 84L]"
TBook16-Power,"['amazon', 447L]"
Ubislate NS10,"['bestBuy', 40L]"
eXpro X1s,"['amazon', 180L, 'amazon', 194L, 'amazon', 335L]"
MLMQ2HN/A,"['flipkart', 15L, 'flipkart', 139L]"
Z300M-A2-GR,"['bestBuy', 37L, 'amazon', 9L, 'source', 41L, 'newEgg', 1L]"
Q40i 6351,"['flipkart', 189L]"
P916PCK,"['bestBuy', 13L]"
ML3Z2LL/A,"['bestBuy', 26L]"
S7 Pro,"['amazon', 57L]"
90F2000CUS,"['amazon', 200L]"
MLMN2HN/A,"['flipkart', 46L]"
HFL-00001,"['bestBuy', 276L]"
MPGA2LL/A,"['bestBuy', 56L, 'amazon', 382L]"
N4 16GB with Keyboard VoLTE ,"['snapdeal', 30L, 'snapdeal', 34L]"
M101BK,"['overStock', 56L]"
A76,"['amazon', 339L]"
Q88H,"['amazon', 162L]"
iview-895qw,"['amazon', 379L]"
MLQ62LL/A,"['bestBuy', 196L]"
SC-1010JBBT,"['newEgg', 146L]"
PlayBook 64GB,"['overStock', 20L]"
MLMQ2LL/A,"['bestBuy', 146L, 'amazon', 64L]"
"Etui aspect cuir rouge + clavier intégré AZERTY (français) et port de maintien pour tablette Samsung Galaxy Tab 3 P5200/P5210/ P5220 et Tab Pro 10,1"" (PAS compatible Tab 1, Tab 2 et Note) + stylet tactile BONUS","['amazon', 458L, 'amazon', 529L, 'amazon', 572L]"
J34460001,"['source', 26L]"
MD788LL/B,"['amazon', 487L, 'newEgg', 506L]"
MPG52CL/A,"['bestBuy', 198L]"
DMTAB,"['amazon', 450L]"
9TB7-8GB-BND17,"['amazon', 110L]"
20FQ0037CA,"['newEgg', 140L, 'newEgg', 478L]"
MK6K2LL/A,"['bestBuy', 101L]"
B102,"['amazon', 17L]"
MPA62HN/A,"['flipkart', 37L]"
MPGW2HN/A,"['flipkart', 8L]"
22002002,"['overStock', 82L]"
MD510LL/A-A,"['newEgg', 493L]"
MPDY2CL/A,"['bestBuy', 167L]"
6.07E+11,"['amazon', 37L]"
744TPC-Blue,"['newEgg', 94L]"
D2-801W_BK,"['amazon', 389L]"
MQEE2CL/A,"['bestBuy', 205L]"
ML0R2LL/A,"['bestBuy', 246L]"
Spectre x360 CTO,"['amazon', 489L]"
Y88X PLUS KIDS BL,"['amazon', 39L]"
FGH-00001,"['bestBuy', 100L]"
YT3-X90L 64 GB,"['flipkart', 69L]"
MGLW2LL/A,"['amazon', 372L]"
425358,"['amazon', 565L]"
9XN-Q-WHT,"['newEgg', 7L]"
MAIN-91068,"['amazon', 13L]"
"Samsung 24"" 1080p HD 60Hz 4ms LED Monitor (LS24F350FHNXZA)_Black","['amazon', 255L]"
MQDT2CL/A,"['bestBuy', 52L]"
SM-T111NYKAINS,"['flipkart', 137L]"
MGTY2HN/A,"['flipkart', 18L]"
MH322LL/A,"['bestBuy', 6L]"
SM-T113NDWAXAC,"['bestBuy', 12L, 'amazon', 29L, 'source', 2L, 'newEgg', 76L, 'newEgg', 412L]"
Q1010PU,"['bestBuy', 163L]"
i3168-0028BLU,"['amazon', 207L]"
Slide Gorgeo 4GL ,"['snapdeal', 38L]"
GT-N8013ZWYXAR,"['amazon', 410L]"
MLMW2HN/A,"['flipkart', 53L]"
MD786CL/B,"['amazon', 493L]"
SM-T113NDWAXAR,"['amazon', 461L]"
P701 ,"['snapdeal', 31L, 'snapdeal', 39L]"
Slide Snap 4G2,"['flipkart', 111L]"
5003,"['newEgg', 408L]"
N5,"['flipkart', 213L]"
i5368-10024GRY,"['amazon', 114L]"
MLPY2CL/A,"['bestBuy', 200L]"
iPad Pro,"['newEgg', 9L, 'newEgg', 17L, 'newEgg', 21L, 'newEgg', 25L]"
SM-T350NZAAXAC,"['bestBuy', 67L, 'source', 1L]"
"Smart Study Tab, Class 2nd, EW-200","['flipkart', 147L]"
MPLJ2CL/A,"['bestBuy', 244L]"
EGD172BL,"['newEgg', 469L]"
IK1 with Keyboard ,"['snapdeal', 58L]"
101 G9,"['newEgg', 143L]"
"Ouku® A23 7"" Dual Core, Dual Camera, Dual Core, Capacitive Touch Screen Android 4.2 Tablet Pc (Blue),Best Sellers as Kids GIFT","['amazon', 517L]"
MD329LL/A,"['bestBuy', 46L]"
MLMN2LL/A,"['amazon', 153L, 'overStock', 17L]"
Elite x3 (X9U42UT#ABA),"['newEgg', 10L, 'newEgg', 58L]"
SM-T350NZAAXAR,"['amazon', 14L]"
K4T97A,"['amazon', 437L]"
MQDA2CL/A,"['bestBuy', 34L]"
ME277LL/A,"['bestBuy', 76L, 'amazon', 306L]"
SAM-T285-BLK ,"['overStock', 86L]"
T301,"['newEgg', 155L]"
MP6J2CL/A,"['bestBuy', 178L]"
NT.LBVAA.001,"['amazon', 247L, 'source', 7L]"
Microsoft Office Home & Student 2016 (PC) - English,"['amazon', 96L]"
TZ58,"['amazon', 491L]"
N437-KJ-BK-S-EP,"['amazon', 532L]"
iView-754TPC,"['newEgg', 163L]"
:713839160172,"['amazon', 193L]"
P690,"['flipkart', 81L]"
Galaxy Tab A,"['newEgg', 41L]"
Hp tower,"['amazon', 567L]"
7G5-00015,"['amazon', 40L]"
MLMN2CL/A,"['bestBuy', 49L, 'bestBuy', 233L]"
ME7QLBP16GBPNK,"['source', 56L]"
3200STBA,"['amazon', 338L]"
W0S06UT#ABL,"['newEgg', 312L]"
7DRK-Q,"['newEgg', 31L, 'newEgg', 104L]"
MLQ32LL/A,"['bestBuy', 156L]"
PLT9999GK,"['source', 74L]"
MC956LL/A,"['bestBuy', 294L]"
UC-CK,"['amazon', 68L]"
ME11QKC32MAG,"['source', 66L]"
5054019676768_CA (FR),"['amazon', 313L]"
610 PRO,"['flipkart', 160L]"
Transformer Prime,"['newEgg', 35L]"
LAPTOP22-18,"['amazon', 334L]"
Pioneer 6X External BD-R Blu-ray Writer (BDR-XD05)_Black,"['amazon', 129L]"
MD532LL/A,"['bestBuy', 90L]"
SC-8021W,"['newEgg', 39L]"
810 G3 (P0C08UT#ABL),"['newEgg', 110L, 'newEgg', 480L]"
SM-T670NZKAXAR,"['amazon', 277L]"
Amped Wireless High Power Touch Screen Wi-Fi Range Extender (TAPEX-CA)_Grey,"['amazon', 237L]"
i7559-763BLK,"['amazon', 268L]"
LAPTOP22-15,"['amazon', 361L]"
Kids Smart Tablet 9-12,"['flipkart', 89L]"
N1,"['flipkart', 169L, 'flipkart', 188L, 'flipkart', 194L]"
CR9-00001,"['amazon', 43L]"
SM-T670NZKAXAC,"['bestBuy', 127L, 'source', 13L]"
SM-T116nykyins,"['flipkart', 76L]"
B01KUYYYPW,"['amazon', 479L]"
ML0V2LL/A,"['bestBuy', 181L]"
NT.L8SAA.001,"['amazon', 190L]"
80R900FXUS,"['amazon', 442L]"
Canvas Tab P70221 ,"['snapdeal', 21L]"
MGP42LL/A,"['amazon', 573L]"
MP6H2CL/A,"['bestBuy', 302L]"
FFX-00001,"['bestBuy', 262L]"
SM-T580NZKAXAR,"['amazon', 181L]"
Q-1010,"['amazon', 212L, 'amazon', 230L, 'amazon', 342L]"
MH2W2LL/A,"['bestBuy', 1L]"
Brisk 4G2 ,"['snapdeal', 1L]"
EW-200,"['flipkart', 191L]"
20C1002RUS,"['newEgg', 64L]"
VKB011B,"['amazon', 548L]"
MLYJ2LL/A,"['bestBuy', 28L]"
"2017 Industrial Rugged Tablet PC Windows 10 Ultra Slim Design Waterproof Phone Dustproof Shockproof 8"" 2G RAM U-Blox GPS","['amazon', 213L]"
SM-T580NZKAXAC,"['bestBuy', 42L, 'bestBuy', 89L, 'source', 17L, 'newEgg', 383L]"
Snap4g2,"['flipkart', 27L]"
3SPLUS FR PK,"['source', 27L]"
101,"['newEgg', 68L]"
Ubislate 3G7,"['bestBuy', 168L]"
SM-P9000ZKVXAC,"['amazon', 531L]"
MAIN-32580,"['amazon', 460L]"
K1 white,"['flipkart', 153L]"
Pro 610 ,"['snapdeal', 15L]"
SM-T820NZSAXAC,"['bestBuy', 157L]"
pavilion x360,"['amazon', 87L]"
MLN02CL/A,"['bestBuy', 223L]"
SPPJLCB1TC,"['amazon', 546L]"
Legend of Zelda: Breath of the Wild - Switch -  Edition,"['amazon', 165L]"
ME7QLBP16GBRYL,"['source', 58L]"
ET701,"['flipkart', 42L, 'flipkart', 50L]"
MQDY2CL/A,"['bestBuy', 254L]"
MM172CL/A,"['bestBuy', 25L, 'bestBuy', 184L]"
ML2N2CL/A,"['bestBuy', 138L]"
MPKY2CL/A,"['bestBuy', 259L]"
MLMP2HN/A,"['flipkart', 10L]"
CHEAKSE 2017 latest 10 inch Tablet PC 4GB memory 32GB ROM+32G TF memory Card dual card Android 6.0 GPS 4G Tablet PC WIFI GPS (red gold),"['amazon', 427L]"
SM-T710NZKEXAR,"['amazon', 356L]"
MM172LL/A,"['bestBuy', 151L]"
IK1,"['flipkart', 141L, 'flipkart', 205L]"
"Etui + Clavier Bluetooth |QWERTY| pour Apple iPad Pro 9,7” écran Retina 12 Mpx A9X M9 64 bits – sans-fil et fabriqué sur mesure, par DURAGADGET","['amazon', 327L]"
Y88X-PLUS-KIDS-GR,"['amazon', 71L]"
N4,"['flipkart', 198L, 'flipkart', 216L]"
MPGW2CL/A,"['bestBuy', 112L]"
MQDW2HN/A,"['flipkart', 13L]"
SM-T116NDWYINS,"['flipkart', 66L]"
8063,"['flipkart', 91L]"
INC0703M16,"['amazon', 329L]"
CE PLT1065G,"['source', 35L]"
MD328LL/A,"['amazon', 468L]"
SLTDVD9220,"['source', 44L]"
JXD S192K Singularity 7 Inch 1920X1200 Quad Core 4G/64GB RK3288 Handheld Game Player Gamepad 10000mAh Android 5.1 Tablet PC Portable Video Game Console,"['amazon', 381L]"
SM-T520NZKAXAR,"['amazon', 542L]"
Slide Nimble 4GF,"['flipkart', 113L]"
TF103CG,"['flipkart', 23L]"
MP1J2HN/A,"['flipkart', 22L]"
P270L WHITE,"['amazon', 557L]"
EGP008BL,"['amazon', 570L]"
FGL-00001,"['bestBuy', 10L]"
Q1010TL,"['bestBuy', 38L]"
ZA170189IN,"['flipkart', 1L]"
3G7,"['newEgg', 354L]"
SK70M,"['amazon', 521L]"
ZA1U0003US,"['bestBuy', 32L, 'bestBuy', 234L]"
80VE000EUS,"['amazon', 443L]"
kb-008,"['amazon', 397L]"
OEM,"['amazon', 340L]"
MPMF2HN/A,"['flipkart', 107L]"
UX360CA-UBM1T,"['amazon', 317L]"
Ubislate NS7,"['bestBuy', 135L]"
SN02NV07AWH,"['amazon', 571L]"
v495,"['amazon', 404L]"
FJY-00001,"['bestBuy', 293L]"
Z380M-A2-GR,"['bestBuy', 29L, 'amazon', 20L, 'source', 40L, 'newEgg', 3L]"
ARMTBLTUGN,"['amazon', 433L]"
NT.LCJAA.002,"['bestBuy', 125L, 'amazon', 77L]"
CR5-00001,"['amazon', 79L, 'source', 45L]"
MLMV2HN/A,"['flipkart', 134L]"
MPKY2HN/A,"['flipkart', 28L]"
80QL000CUS,"['amazon', 287L]"
7.61E+11,"['amazon', 279L]"
ADRAD64GKLPRG,"['amazon', 552L]"
MPLL2CL/A,"['bestBuy', 83L]"
MNVQ2CL/A,"['bestBuy', 159L]"
POP7GRY,"['bestBuy', 14L]"
MLYJ2CL/A,"['bestBuy', 36L, 'bestBuy', 250L]"
3G Q45,"['flipkart', 100L]"
IK 1 ,"['snapdeal', 3L, 'snapdeal', 4L, 'snapdeal', 61L]"
SM-T285YZKYINS,"['flipkart', 109L]"
B-970,"['amazon', 242L]"
SM-T230NZWAXAC,"['amazon', 146L]"
Q88 A33,"['amazon', 136L, 'amazon', 240L]"
T101HA-C4-GR,"['amazon', 48L]"
Google Daydream View - VR Headset (Snow),"['amazon', 406L]"
Nexus 10,"['amazon', 265L]"
Elan 4G2,"['flipkart', 174L, 'flipkart', 204L]"
5054646194482_CA (FR),"['amazon', 499L, 'amazon', 352L]"
MF083LL/A,"['bestBuy', 266L, 'amazon', 145L]"
yoga 710,"['amazon', 473L]"
MM1A2LL/A,"['bestBuy', 256L]"
DTHW1310E,"['amazon', 83L]"
NEXUS7 ASUS-1B32-4G,"['amazon', 537L]"
SM-T530NYKAXAR,"['amazon', 495L, 'amazon', 502L]"
Prime 10 ES,"['newEgg', 74L, 'newEgg', 417L]"
ML3Q2LL/A,"['bestBuy', 11L]"
T647-KU-BK-K-NA8,"['overStock', 65L]"
Iball Nimble 4GF ,"['snapdeal', 41L]"
MPGW2LL/A,"['amazon', 157L]"
SM-T820NZKAXAC,"['bestBuy', 2L, 'bestBuy', 249L, 'source', 21L]"
K107-CG,"['amazon', 78L]"
SM-T580NZWAXAC,"['bestBuy', 4L, 'bestBuy', 229L, 'amazon', 547L, 'source', 16L, 'newEgg', 369L]"
DURAGADGET Etui aspect cuir noir avec clavier intégré français et port de maintien pour tablette 10 pouces + stylet tactile BONUS et adpatateur micro USB vers USB - Garantie 2 ans,"['amazon', 348L, 'amazon', 391L, 'amazon', 411L]"
UbiSlate 7CZ,"['flipkart', 185L]"
Sony Xperia Z3 Compact D5803 16GB Unlocked GSM LTE 20MP Camera Phone - Black,"['amazon', 209L]"
ME906LL/A,"['bestBuy', 255L]"
MD786LL/A,"['bestBuy', 296L, 'amazon', 394L]"
SM-T820NZKAXAR,"['newEgg', 15L]"
CDS810S,"['amazon', 112L]"
SM-T377WZKAXAC,"['bestBuy', 137L, 'bestBuy', 220L]"
Z580C-B1-BK,"['bestBuy', 202L, 'amazon', 46L, 'source', 42L, 'newEgg', 6L]"
CDS610S,"['amazon', 216L]"
PRS2,"['amazon', 42L]"
OP-915-1824-500,"['amazon', 422L]"
MLQ42LL/A,"['bestBuy', 241L]"
PLT7804G,"['amazon', 192L]"
SM-T560NZKUXAR,"['amazon', 387L, 'overStock', 1L]"
MM1A2CL/A,"['bestBuy', 203L]"
AQ-880 ,"['snapdeal', 27L]"
RCT6103W46KL,"['bestBuy', 253L]"
Pixel C - 32GB,"['amazon', 365L]"
GPAD38BLK,"['bestBuy', 142L]"
TP4-00009,"['bestBuy', 91L]"
8.48E+11,"['amazon', 286L]"
"Coque étui rigide en noir pour Apple iPad Pro 9,7” écran Retina 12 Mpx A9X M9 - tablette tactile - résistant à l'eau - DURAGADGET","['amazon', 419L]"
SM-T560NZKUXAC,"['bestBuy', 117L, 'source', 5L, 'source', 6L]"
MLYL2HN/A,"['flipkart', 92L]"
ES1-572-31KW,"['amazon', 302L]"
Tab S2,"['flipkart', 44L]"
ME9W32GBRED,"['source', 29L, 'newEgg', 69L, 'newEgg', 353L]"
AQ-700 ,"['snapdeal', 17L]"
FJ0U2AM/A,"['bestBuy', 57L]"
TP-Dell-Z3740D,"['amazon', 266L]"
ZA0R0029US,"['bestBuy', 182L, 'bestBuy', 214L, 'amazon', 481L, 'newEgg', 12L]"
MM192HN/A,"['flipkart', 65L]"
Win (64 GB),"['amazon', 440L, 'amazon', 488L]"
Z370CG-1A031A,"['flipkart', 154L]"
MLQ82CL/A,"['bestBuy', 155L]"
MPL02CL/A,"['bestBuy', 305L]"
MP2F2HN/A,"['flipkart', 48L]"
SC-999,"['newEgg', 160L]"
iBall Slide 3G 1026-Q18,"['flipkart', 168L]"
MLN12CL/A,"['bestBuy', 183L]"
MGKM2LL/A,"['bestBuy', 235L]"
GTP3113-TSYXAR,"['newEgg', 147L]"
CB3-131-C3SZ,"['amazon', 574L]"
XE300TZC-K01US,"['newEgg', 504L]"
M80TA-B1-BK,"['newEgg', 481L]"
EGQ223,"['bestBuy', 308L, 'source', 10L, 'newEgg', 120L, 'newEgg', 367L]"
SM-T710NZDEXAR,"['amazon', 466L]"
"Mophie Powerstation 3X for Smartphones and Tablets, 6,000 mAh, Aluminum","['amazon', 283L, 'amazon', 374L]"
RCT6603W47,"['amazon', 321L]"
SM-T210RZWSXAR,"['amazon', 429L]"
Kids Smart Tablet 0-5,"['flipkart', 96L]"
ML2I2CL/A,"['bestBuy', 267L]"
"Keyboard Jacket with Touch Pad for Filla Prism MII, 10.1"" Pogo Pin","['amazon', 318L]"
SM-T810NZKEXAR,"['amazon', 525L]"
ID436WTA,"['amazon', 316L]"
N4 8GB with Keyboard VoLTE ,"['snapdeal', 53L]"
SH-0010,"['flipkart', 182L]"
MQED2CL/A,"['bestBuy', 98L]"
ME8QIBP16GBBLK,"['amazon', 363L, 'source', 64L]"
PC769LL/A,"['amazon', 8L]"
HD 7 (ME173X-A1-WH),"['newEgg', 32L]"
MP2F2LL/A,"['amazon', 357L]"
PO-UNP-PCP6BK-00,"['amazon', 490L]"
MF016LL/A,"['bestBuy', 96L]"
Asus,"['amazon', 449L]"
Swipe Slice ,"['snapdeal', 14L]"
DTHW1320L,"['amazon', 52L]"
10XR-Q1-BLK,"['newEgg', 131L]"
MLPW2CL/A,"['bestBuy', 41L, 'bestBuy', 180L]"
N3 ,"['snapdeal', 9L, 'snapdeal', 25L]"
E2216H,"['amazon', 201L]"
SGP712JP/B,"['amazon', 203L]"
Inspiron 15-5559,"['amazon', 262L]"
"Tablet - Android 5.0 (Lollipop) - 16 GB - 9.7"" Plane to Line Switching (PLS) ( 1024 x 768 ) - rear camera + front camera - microSD slot - Wi-Fi, Bluetooth - smoky titanium","['amazon', 202L]"
MD363LL/A,"['bestBuy', 213L]"
ME9W32GBPRP,"['bestBuy', 170L, 'source', 30L, 'newEgg', 34L, 'newEgg', 364L]"
MH332LL/A,"['bestBuy', 230L, 'amazon', 368L]"
ZA0V0028CA,"['source', 73L]"
MD794B/A,"['bestBuy', 35L]"
7AX-00001,"['bestBuy', 144L]"
"Alienware 15 4K UHD Touchscreen Gaming Laptop Intel Skylake Core i7-6700HQ 16GB DDR4 Memory 256GB SSD + 1TB HDD NVIDIA GeForce GTX 970M Klipsch Audio USB 3.0 Type-C 802.11ac Blu(US Version, Imported)","['amazon', 280L]"
W0R93UT#ABA,"['newEgg', 49L]"
Onebook EAS23,"['bestBuy', 72L]"
"Samsung Galaxy Note 10.1 2014 Edition (32GB, Black)","['amazon', 323L]"
MLYL2CL/A,"['bestBuy', 118L]"
SM-T810NZDEXAC,"['amazon', 70L]"
MP272CL/A,"['bestBuy', 133L]"
BOOX C67ML CARTA,"['flipkart', 93L]"
MQDC2HN/A,"['flipkart', 45L]"
MNWQ2LL/A,"['bestBuy', 136L]"
59404511,"['amazon', 388L]"
"CHUWI Hi13 2-in-1 13.5""3000*2000 Intel Apollo lake N3450 4GB+64GB Dual Cameras 2.4Ghz/5Ghz WiFi Bluetooth HDMI OTG Type-C G_sensor Tablet PC","['amazon', 62L]"
80V50010US,"['amazon', 55L]"
MLYM2CL/A,"['bestBuy', 105L]"
B1-790-K21X,"['newEgg', 167L]"
8.89E+11,"['amazon', 431L]"
MPG52HN/A,"['flipkart', 94L]"
SM-T810NZDEXAR,"['amazon', 539L]"
MP262CL/A,"['bestBuy', 9L]"
ZU680KL,"['flipkart', 101L, 'flipkart', 173L]"
CQ9-00001,"['amazon', 94L]"
MH2M2LL/A,"['bestBuy', 215L, 'amazon', 294L]"
G6X12AWABL,"['bestBuy', 283L]"
SM-T280NZKAXAR,"['amazon', 63L]"
JG925A#ABA,"['amazon', 337L]"
9015Q,"['flipkart', 97L]"
SM-T700NZWAXAR,"['amazon', 118L]"
MPGJ2CL/A,"['bestBuy', 273L]"
17-X116DX,"['amazon', 108L]"
Frozen,"['flipkart', 187L]"
X10-LOLP,"['amazon', 69L]"
AX51R3-6510BLK,"['amazon', 360L]"
ME276LL/A,"['bestBuy', 278L, 'amazon', 540L]"
SM-T280NZKAXAC,"['bestBuy', 252L, 'amazon', 163L, 'source', 11L, 'source', 12L, 'newEgg', 356L]"
9015B,"['amazon', 196L]"
GHS001,"['amazon', 511L]"
F111,"['flipkart', 144L]"
B3-A30-K94F,"['bestBuy', 82L, 'bestBuy', 247L, 'amazon', 122L]"
MateBook,"['amazon', 149L]"
Wireless Controller Dualshock 4 Magma Red (Japan Import) [Playstation 4],"['amazon', 465L, 'amazon', 496L]"
27UD68-P,"['amazon', 494L]"
80TX0007US,"['amazon', 249L, 'amazon', 307L]"
X1066,"['newEgg', 55L]"
ME9W32GBBLK,"['bestBuy', 85L, 'source', 55L]"
Galaxy Tab S2 9.7,"['newEgg', 396L, 'newEgg', 484L]"
NT.LBRAA.002,"['amazon', 109L]"
Prism MII,"['bestBuy', 78L, 'amazon', 346L]"
NT.LCNAA.001,"['bestBuy', 193L, 'bestBuy', 208L, 'amazon', 61L]"
01SG0092PK,"['amazon', 545L]"
"Apple iMac (MK482LL/A) 27"" Intel Core i5 Quad 3.3GHz Computer with Retina 5K Display_Silver","['amazon', 526L]"
SM-T355YZWAINS,"['flipkart', 116L, 'flipkart', 212L]"
ME-8Q-8GB-BLK,"['newEgg', 168L]"
ME9W32GBBLU,"['bestBuy', 110L, 'source', 28L, 'newEgg', 109L, 'newEgg', 483L]"
LYSB01AO8RUNM-CMPTRACCS,"['amazon', 219L]"
TS-680,"['amazon', 385L]"
ME9W32GBMAG,"['source', 54L]"
"Kindle Paperwhite, 6"" High-Resolution Display (300 ppi) with Built-in Light, Wi-Fi","['amazon', 1L]"
OSD-SP2-1,"['amazon', 559L]"
T4N15UTABL,"['bestBuy', 275L]"
MC769LL/A-ER,"['bestBuy', 219L, 'newEgg', 507L]"
501578,"['amazon', 506L]"
ML0H2CL/A,"['bestBuy', 258L]"
SM-T330NZWAXAC,"['amazon', 290L]"
S1-3,"['amazon', 239L]"
ZA1U0000US,"['amazon', 32L]"
T8Z06UTABA,"['bestBuy', 185L]"
501574,"['amazon', 485L]"
SM-T560NZWU,"['amazon', 54L]"
EGQ307,"['newEgg', 56L]"
TZ7-00002,"['bestBuy', 287L]"
TZ7-00001,"['bestBuy', 245L]"
S7-Q,"['newEgg', 398L]"
IC-TC04,"['amazon', 50L]"
STJR700BL,"['amazon', 358L]"
MLQ42CL/A,"['bestBuy', 5L]"
M1050,"['newEgg', 71L]"
GWRAP-AIR2-SLATE,"['amazon', 333L]"
Z99 3G,"['flipkart', 202L]"
HV2B,"['amazon', 100L]"
iBall slide D7061 ,"['snapdeal', 22L]"
"Smart Study Tab, Class 4th, EW-200","['flipkart', 210L]"
i5368-1692GRY,"['amazon', 228L]"
MAIN-21387,"['amazon', 377L]"
K03-10,"['amazon', 101L]"
MLQ52CL/A,"['bestBuy', 15L]"
R103,"['amazon', 26L]"
R102,"['amazon', 38L]"
R101,"['amazon', 93L, 'amazon', 167L]"
ML3W2LL/A,"['bestBuy', 66L]"
R106,"['amazon', 123L]"
R105,"['amazon', 11L]"
SX3-00001,"['amazon', 351L]"
E5-575G-53VG,"['amazon', 248L]"
MPF22CL/A,"['bestBuy', 134L]"
iPad Air 2 Wi-Fi 128 GB,"['flipkart', 55L]"
KT107WHITE,"['amazon', 168L]"
MLYL2LL/A,"['bestBuy', 186L]"
MLMY2LL/A,"['bestBuy', 116L, 'overStock', 45L]"
MPL02HN/A,"['flipkart', 82L]"
iPad Air 2 Wi-Fi + Cellular 16 GB,"['flipkart', 49L, 'flipkart', 117L, 'flipkart', 125L, 'flipkart', 167L]"
iPad with Retina Display and Wi-Fi Plus Cellular 16GB,"['flipkart', 86L]"
ML2K2CL/A,"['bestBuy', 290L]"
KB-S106,"['amazon', 386L, 'amazon', 403L, 'amazon', 412L, 'amazon', 344L]"
iPad 2,"['amazon', 400L, 'newEgg', 499L]"
K107,"['amazon', 132L]"
"HP OMEN Gaming VR Ready Desktop Intel Quad Core CPU 8GB DDR4 1TB HDD Nvidia GeForce GTX 1060 Capable for HTC VIVE and Oculus Rift(US Version, Imported)","['amazon', 133L]"
MC979LL/A-ER,"['bestBuy', 301L]"
CHUWI-Hi8-Pro,"['amazon', 186L]"
S4730Z/A,"['source', 22L]"
SM-T580,"['amazon', 161L, 'overStock', 97L, 'overStock', 107L]"
CH-9000091-NA,"['amazon', 140L]"
Revolve 810 G3,"['newEgg', 313L, 'newEgg', 374L]"
MM172HN/A,"['flipkart', 58L]"
MQDX2CL/A,"['bestBuy', 300L]"
SM-T230NYKAXAC,"['amazon', 243L, 'source', 8L]"
4G7Z,"['flipkart', 148L]"
NS-P11W7100-C,"['bestBuy', 177L, 'bestBuy', 222L]"
MPME2CL/A,"['bestBuy', 268L]"
S0937815,"['amazon', 67L]"
SM-T110NYKAXAR,"['overStock', 58L]"
N9,"['flipkart', 177L, 'flipkart', 209L, 'flipkart', 219L]"
SM-T813NZDEXAC,"['bestBuy', 77L, 'bestBuy', 139L, 'bestBuy', 199L, 'source', 18L, 'newEgg', 352L, 'newEgg', 466L]"
MH2N2LL/A,"['newEgg', 495L]"
Classes KG-2,"['flipkart', 67L]"
ME10QS16GBKCMAG,"['source', 68L]"
N2,"['flipkart', 203L]"
N3,"['flipkart', 40L, 'flipkart', 161L, 'flipkart', 184L]"
T303UA-DH54T,"['amazon', 160L]"
MLPW2HN/A,"['flipkart', 30L]"
TU5-00002,"['amazon', 139L]"
TM800A520LBL,"['amazon', 455L]"
PLT1090-K,"['amazon', 164L]"
XT901,"['flipkart', 6L]"
NID-7010,"['newEgg', 161L]"
WIN,"['amazon', 47L]"
MF080LL/A,"['amazon', 159L]"
MLQ72CL/A,"['bestBuy', 60L]"
Yoga Tablet 2-830LC,"['flipkart', 52L]"
A3-A30-18P1,"['newEgg', 19L]"
PB2-650M,"['flipkart', 0L, 'flipkart', 2L, 'flipkart', 163L]"
T116,"['flipkart', 115L]"
SM-T110NDWAXAR,"['amazon', 325L]"
X1785,"['newEgg', 346L]"
MAIN-03296,"['amazon', 254L]"
N4 - 8GB VoLTE ,"['snapdeal', 50L]"
TF700T,"['newEgg', 377L]"
80QL0020US,"['amazon', 217L]"
MK6L2LL/A,"['bestBuy', 95L]"
ST-52,"['flipkart', 87L]"
MQDC2CL/A,"['bestBuy', 160L]"
N3 with Keyboard,"['flipkart', 172L]"
Galaxy Tab S2,"['flipkart', 114L, 'flipkart', 162L]"
S7-392-7885,"['amazon', 269L]"
MH0W2LL/A,"['bestBuy', 240L, 'amazon', 319L, 'amazon', 438L]"
EGQ223SKTL,"['bestBuy', 108L, 'newEgg', 435L]"
"Support avec bras flexible 360° pour tablette Apple iPad Pro 9,7” écran Retina 12 Mpx A9X M9 64 bits 32, 128, 256 Go - DURAGADGET","['amazon', 538L]"
MP2G2CL/A,"['bestBuy', 227L]"
W74 Eco,"['flipkart', 108L]"
SU3-00001,"['amazon', 92L, 'source', 46L]"
FTABCB-2,"['amazon', 452L]"
ME278LL/A,"['bestBuy', 71L]"
1012 G1 (W0R93UT#ABL),"['newEgg', 48L]"
ML0T2CL/A,"['bestBuy', 288L]"
ME8QIBP16GBBLU,"['amazon', 426L, 'source', 31L, 'newEgg', 402L]"
1159C003,"['amazon', 58L]"
MQEY2CL/A,"['bestBuy', 306L]"
"POLAROID 11.6"" M11 HD IPS QC 32GB ANDROID 5.1 TABLET-BLUE","['amazon', 402L]"
MF529LL/A,"['bestBuy', 79L, 'newEgg', 492L]"
ME10QS16GBKCPRP,"['source', 37L, 'newEgg', 152L, 'newEgg', 487L]"
MNVP2CL/A,"['bestBuy', 161L]"
EWT826BK,"['bestBuy', 39L, 'source', 9L, 'newEgg', 40L, 'newEgg', 366L]"
SE9 579,"['amazon', 183L]"
"Smart Study Tab, Class 6th, EW-200","['flipkart', 207L]"
T6S98UA#ABL,"['amazon', 211L, 'newEgg', 138L]"
T8 Ultimate,"['amazon', 523L]"
PU2-00001,"['amazon', 238L]"
ST16-2,"['amazon', 314L]"
MPGT2HN/A,"['flipkart', 80L]"
Kindle Fire HDX 7 Special Offers,"['newEgg', 375L]"
D100 ,"['snapdeal', 35L]"
P916PU,"['bestBuy', 109L]"
FUNTAB3,"['newEgg', 124L, 'newEgg', 162L, 'newEgg', 386L]"
B3-A30-K5PJ,"['source', 3L, 'newEgg', 60L, 'newEgg', 476L]"
IVIEW-796TPC,"['newEgg', 148L]"
Apple Ipad Pro Wi-fi Cell A9x 12.9in 128gb ios 9 gold,"['amazon', 480L]"
NT.LCEAA.009,"['newEgg', 365L]"
Slide 3G Q81 ,"['snapdeal', 48L]"
MQED2HN/A,"['flipkart', 98L]"
Q1010RD,"['bestBuy', 282L]"
iPad Air 2 Wi-Fi + Cellular 64 GB,"['flipkart', 78L]"
EGQ377PN,"['source', 51L]"
iPad Mini 2 Wi-Fi + Cellular,"['flipkart', 119L]"
MNVR2CL/A,"['bestBuy', 74L]"
MPF12CL/A,"['bestBuy', 224L]"
MLN12HN/A,"['flipkart', 21L]"
MGTX2LL/A,"['amazon', 41L]"
Galaxy Tab SM-W703NZKAXAR,"['newEgg', 14L]"
Z500M-C1-SL,"['bestBuy', 122L, 'amazon', 16L, 'newEgg', 0L]"
R5-571T-57Z0,"['amazon', 227L]"
eGlide 4 XL,"['newEgg', 501L]"
MGL12LL/A,"['bestBuy', 226L]"
B1-850-K1KK,"['newEgg', 156L]"
ALL-LAP-T41,"['amazon', 439L]"
MC979LLAERWHREF,"['amazon', 182L]"
3A132LL/A,"['bestBuy', 31L]"
M753-S3,"['amazon', 173L]"
PDW0AC-006014,"['amazon', 384L]"
MP2J2LL/A,"['amazon', 224L]"
MPMG2CL/A,"['bestBuy', 30L]"
