ID,Name,Price,Link,ModelNumber,Images
0,Sylvania 5.1 Home Theatre Sound System,"$88


",https://www.walmart.ca/en/ip/sylvania-51-home-theatre-sound-system/6000188987845,SDVD5088,https://i5.walmartimages.ca/images/Thumbnails/113/746/6000197113746.jpg?odnBound=200
1,Samsung Home Entertainment System with Smart Blu ray Disc® Player- HT J4500,"$299


",https://www.walmart.ca/en/ip/samsung-home-entertainment-system-with-smart-blu-ray-disc-player-ht-j4500/6000192463584,HT J4500/ZC,https://i5.walmartimages.ca/images/Thumbnails/281/_01/999999-887276094281_01.jpg?odnBound=200
2,Sharper Image SBT3009 Bluetooth Home Theater 3.1 Sound System With Subwoofer,"$119.98


",https://www.walmart.ca/en/ip/sharper-image-sbt3009-bluetooth-home-theater-31-sound-system-with-subwoofer/6000196865519,none,https://i5.walmartimages.ca/images/Thumbnails/425/748/6000197425748.jpg?odnBound=200
3,"Proscan 37"" Bluetooth Sound Bar with FM Radio","$58


",https://www.walmart.ca/en/ip/proscan-37-bluetooth-sound-bar-with-fm-radio/6000197093119,PSB3713-OP,https://i5.walmartimages.ca/images/Thumbnails/116/352/6000197116352.jpg?odnBound=200
4,Samsung 2.1 Channel 120W Soundbar HW-J355,"$169.99


",https://www.walmart.ca/en/ip/samsung-21-channel-120w-soundbar-hw-j355/6000193219107,HW-J355/ZC,https://i5.walmartimages.ca/images/Thumbnails/605/8_3/999999-887276076058_3.jpg?odnBound=200
5,"VIZIO 28"" 2.0 Channel Soundbar","$108


",https://www.walmart.ca/en/ip/vizio-28-20-channel-soundbar/6000197175361,SB2820n-E0,https://i5.walmartimages.ca/images/Thumbnails/187/943/6000197187943.jpg?odnBound=200
6,4 Piece Sound Entertainment System by Sharper Image,"$159.98


",https://www.walmart.ca/en/ip/4-piece-sound-entertainment-system-by-sharper-image/6000196875615,none,https://i5.walmartimages.ca/images/Thumbnails/279/684/6000197279684.jpg?odnBound=200
7,Sanyo 2.1 Channel Soundbar with Wired Subwoofer - FWSB415E,"$118


",https://www.walmart.ca/en/ip/sanyo-21-channel-soundbar-with-wired-subwoofer-fwsb415e/6000196159025,none,https://i5.walmartimages.ca/images/Thumbnails/70_/1_r/53818370070_1_R.jpg?odnBound=200
8,Polaroid Tower Speaker with Party Light and USB Charging Dock Station,"$79.98


",https://www.walmart.ca/en/ip/polaroid-tower-speaker-with-party-light-and-usb-charging-dock-station/6000197018766,PBT3012,https://i5.walmartimages.ca/images/Thumbnails/039/485/6000197039485.jpg?odnBound=200
9,Samsung 2.2-Channel 80 Watts Wireless Soundbar - HW J250,"$148


",https://www.walmart.ca/en/ip/samsung-22-channel-80-watts-wireless-soundbar-hw-j250/6000193355492,none,https://i5.walmartimages.ca/images/Thumbnails/329/_01/999999-887276109329_01.jpg?odnBound=200
10,Samsung K360 2.1 Channel Soundbar with Wireless Subwoofer,"$249.99


",https://www.walmart.ca/en/ip/samsung-k360-21-channel-soundbar-with-wireless-subwoofer/6000196069443,none,"https:data:image/gif;base64,R0lGODlhAQABAIAAAAAAAP///yH5BAEAAAAALAAAAAABAAEAAAIBRAA7"
11,VIZIO 38” 2.1 Sound Bar System,"$228


",https://www.walmart.ca/en/ip/vizio-38-21-sound-bar-system/6000197175364,SB3821-C6,"https:data:image/gif;base64,R0lGODlhAQABAIAAAAAAAP///yH5BAEAAAAALAAAAAABAAEAAAIBRAA7"
12,Samsung 2.1 Channel Sound bar with Wireless Subwoofer 320 W,"$399.98


",https://www.walmart.ca/en/ip/samsung-21-channel-sound-bar-with-wireless-subwoofer-320-w/6000196990716,HW-M450/ZC,"https:data:image/gif;base64,R0lGODlhAQABAIAAAAAAAP///yH5BAEAAAAALAAAAAABAAEAAAIBRAA7"
13,Samsung MXJS8000 Giga Sound Stereo System,"$1,479.98


",https://www.walmart.ca/en/ip/samsung-mxjs8000-giga-sound-stereo-system/6000196875741,none,"https:data:image/gif;base64,R0lGODlhAQABAIAAAAAAAP///yH5BAEAAAAALAAAAAABAAEAAAIBRAA7"
14,"Sylvania SB377W 37"" Deluxe Soundbar with Subwoofer","$98


",https://www.walmart.ca/en/ip/sylvania-sb377w-37-deluxe-soundbar-with-subwoofer/6000192948173,SB377W,"https:data:image/gif;base64,R0lGODlhAQABAIAAAAAAAP///yH5BAEAAAAALAAAAAABAAEAAAIBRAA7"
15,VIZIO 38” 5.1 Sound Bar System,"$348


",https://www.walmart.ca/en/ip/vizio-38-51-sound-bar-system/6000197175367,SB3851-C0,"https:data:image/gif;base64,R0lGODlhAQABAIAAAAAAAP///yH5BAEAAAAALAAAAAABAAEAAAIBRAA7"
16,SONY HT-RT3 600W 5.1 Ch. True Surround Sound Bar System,"$298


",https://www.walmart.ca/en/ip/sony-ht-rt3-600w-51-ch-true-surround-sound-bar-system/6000196908469,none,"https:data:image/gif;base64,R0lGODlhAQABAIAAAAAAAP///yH5BAEAAAAALAAAAAABAAEAAAIBRAA7"
17,VIZIO 28” 2.1 Sound Bar System,"$188


",https://www.walmart.ca/en/ip/vizio-28-21-sound-bar-system/6000197204844,SB2821-D6,"https:data:image/gif;base64,R0lGODlhAQABAIAAAAAAAP///yH5BAEAAAAALAAAAAABAAEAAAIBRAA7"
18,SONY - 2.1 Channel Sound Bar with wired Subwoofer - HTCT80,"$168


",https://www.walmart.ca/en/ip/sony-21-channel-sound-bar-with-wired-subwoofer-htct80/6000193338164,HTCT80,"https:data:image/gif;base64,R0lGODlhAQABAIAAAAAAAP///yH5BAEAAAAALAAAAAABAAEAAAIBRAA7"
19,"Sylvania 32"" Bluetooth Soundbar","$138


",https://www.walmart.ca/en/ip/sylvania-32-bluetooth-soundbar/6000197093116,SB3200,"https:data:image/gif;base64,R0lGODlhAQABAIAAAAAAAP///yH5BAEAAAAALAAAAAABAAEAAAIBRAA7"
20,Sony High Power Black Home Audio System with Bluetooth - GTK-XB7BC,"$449.99


",https://www.walmart.ca/en/ip/sony-high-power-black-home-audio-system-with-bluetooth-gtk-xb7bc/6000196435003,GTKXB7BC,"https:data:image/gif;base64,R0lGODlhAQABAIAAAAAAAP///yH5BAEAAAAALAAAAAABAAEAAAIBRAA7"
21,LG SJ4Y Sound Bar,"$348


",https://www.walmart.ca/en/ip/lg-sj4y-sound-bar/6000196974004,SJ4Y,"https:data:image/gif;base64,R0lGODlhAQABAIAAAAAAAP///yH5BAEAAAAALAAAAAABAAEAAAIBRAA7"
22,Sony High Power Red Home Audio System with Bluetooth - GTK-XB7BC,"$449.99


",https://www.walmart.ca/en/ip/sony-high-power-red-home-audio-system-with-bluetooth-gtk-xb7bc/6000196435009,GTKXB7RC,"https:data:image/gif;base64,R0lGODlhAQABAIAAAAAAAP///yH5BAEAAAAALAAAAAABAAEAAAIBRAA7"
23,LG SJ5Y Sound Bar,"$348


",https://www.walmart.ca/en/ip/lg-sj5y-sound-bar/6000196974007,none,"https:data:image/gif;base64,R0lGODlhAQABAIAAAAAAAP///yH5BAEAAAAALAAAAAABAAEAAAIBRAA7"
24,LG SH2 2.1 Channel Bluetooth Sound Bar,"$198


",https://www.walmart.ca/en/ip/lg-sh2-21-channel-bluetooth-sound-bar/6000196060855,none,"https:data:image/gif;base64,R0lGODlhAQABAIAAAAAAAP///yH5BAEAAAAALAAAAAABAAEAAAIBRAA7"
25,"VIZIO 32"" 5.1 Sound Bar System","$319.99


",https://www.walmart.ca/en/ip/vizio-32-51-sound-bar-system/6000197300062,SB3251n-E0,"https:data:image/gif;base64,R0lGODlhAQABAIAAAAAAAP///yH5BAEAAAAALAAAAAABAAEAAAIBRAA7"
26,Sanyo 2.1 Soundbar with Wireless Subwoofer - FWSB426F,"$168


",https://www.walmart.ca/en/ip/sanyo-21-soundbar-with-wireless-subwoofer-fwsb426f/6000196159028,none,"https:data:image/gif;base64,R0lGODlhAQABAIAAAAAAAP///yH5BAEAAAAALAAAAAABAAEAAAIBRAA7"
27,blackweb Soundboom Rugged Splashproof Wireless Speaker,"$88


",https://www.walmart.ca/en/ip/blackweb-soundboom-rugged-splashproof-wireless-speaker/6000196088320,none,"https:data:image/gif;base64,R0lGODlhAQABAIAAAAAAAP///yH5BAEAAAAALAAAAAABAAEAAAIBRAA7"
28,"Proscan 37"" Bluetooth 2-in-1 Tower/Sound Bar with FM Radio","$98


",https://www.walmart.ca/en/ip/proscan-37-bluetooth-2-in-1-towersound-bar-with-fm-radio/6000197093122,PSP297,"https:data:image/gif;base64,R0lGODlhAQABAIAAAAAAAP///yH5BAEAAAAALAAAAAABAAEAAAIBRAA7"
29,SONY 2.1 Channel Sound Bar with Wireless Subwoofer - HTCT180,"$299.99


",https://www.walmart.ca/en/ip/sony-21-channel-sound-bar-with-wireless-subwoofer-htct180/6000193338150,HTCT180,"https:data:image/gif;base64,R0lGODlhAQABAIAAAAAAAP///yH5BAEAAAAALAAAAAABAAEAAAIBRAA7"
30,ONN 2.0 PC Speakers,"$11.98


",https://www.walmart.ca/en/ip/onn-20-pc-speakers/6000196210558,SP607,"https:data:image/gif;base64,R0lGODlhAQABAIAAAAAAAP///yH5BAEAAAAALAAAAAABAAEAAAIBRAA7"
31,RCA Home Theater Soundbase with Bluetooth,"$118


",https://www.walmart.ca/en/ip/rca-home-theater-soundbase-with-bluetooth/6000188319893,RTS796,"https:data:image/gif;base64,R0lGODlhAQABAIAAAAAAAP///yH5BAEAAAAALAAAAAABAAEAAAIBRAA7"
32,Sony HTCT390,"$298


",https://www.walmart.ca/en/ip/sony-htct390/6000196928473,none,"https:data:image/gif;base64,R0lGODlhAQABAIAAAAAAAP///yH5BAEAAAAALAAAAAABAAEAAAIBRAA7"
33,"Sylvania 37"" 2.1 Bluetooth Soundbar with Wireless Subwoofer","$118


",https://www.walmart.ca/en/ip/sylvania-37-21-bluetooth-soundbar-with-wireless-subwoofer/6000197093125,SB377W,"https:data:image/gif;base64,R0lGODlhAQABAIAAAAAAAP///yH5BAEAAAAALAAAAAABAAEAAAIBRAA7"
34,Sony 2.1 channel TV Base Speaker with Bluetooth -  HTXT100,"$278


",https://www.walmart.ca/en/ip/sony-21-channel-tv-base-speaker-with-bluetooth-htxt100/6000195421848,HTXT100,"https:data:image/gif;base64,R0lGODlhAQABAIAAAAAAAP///yH5BAEAAAAALAAAAAABAAEAAAIBRAA7"
35,LG 320W 2.1 Channel Sound Bar with Wireless Subwoofer – Black,"$398


",https://www.walmart.ca/en/ip/lg-320w-21-channel-sound-bar-with-wireless-subwoofer-black/6000194125760,LAS551H,"https:data:image/gif;base64,R0lGODlhAQABAIAAAAAAAP///yH5BAEAAAAALAAAAAABAAEAAAIBRAA7"
36,Sony High Power Blue Home Audio System with Bluetooth - GTK-XB7BC,"$449.99


",https://www.walmart.ca/en/ip/sony-high-power-blue-home-audio-system-with-bluetooth-gtk-xb7bc/6000196435006,GTKXB7LC,"https:data:image/gif;base64,R0lGODlhAQABAIAAAAAAAP///yH5BAEAAAAALAAAAAABAAEAAAIBRAA7"
37,Ematic ATSC Digital USB Converter Box,"$48


",https://www.walmart.ca/en/ip/ematic-atsc-digital-usb-converter-box/6000197396193,none,"https:data:image/gif;base64,R0lGODlhAQABAIAAAAAAAP///yH5BAEAAAAALAAAAAABAAEAAAIBRAA7"
38,iSound Twist Mini Portable Bluetooth® Speaker - ISOUND-6368,"$76.24


",https://www.walmart.ca/en/ip/isound-twist-mini-portable-bluetooth-speaker-isound-6368/6000195564432,ISOUND-6368,"https:data:image/gif;base64,R0lGODlhAQABAIAAAAAAAP///yH5BAEAAAAALAAAAAABAAEAAAIBRAA7"
39,LG SJ7 Sound Bar Flex,"$748


",https://www.walmart.ca/en/ip/lg-sj7-sound-bar-flex/6000196974010,LG SJ7,"https:data:image/gif;base64,R0lGODlhAQABAIAAAAAAAP///yH5BAEAAAAALAAAAAABAAEAAAIBRAA7"
40,dreamGEAR iGlowSound Waves speaker system - ISOUND-5423,"$69.83


",https://www.walmart.ca/en/ip/dreamgear-iglowsound-waves-speaker-system-isound-5423/6000195564500,ISOUND-5423,"https:data:image/gif;base64,R0lGODlhAQABAIAAAAAAAP///yH5BAEAAAAALAAAAAABAAEAAAIBRAA7"
41,blackweb Soundstone Portable Wireless Speaker,"$39


",https://www.walmart.ca/en/ip/blackweb-soundstone-portable-wireless-speaker/6000196081447,none,"https:data:image/gif;base64,R0lGODlhAQABAIAAAAAAAP///yH5BAEAAAAALAAAAAABAAEAAAIBRAA7"
42,"Sharper Image Bluetooth TV Sound Bar, Black - SBT2010","$129.99


",https://www.walmart.ca/en/ip/sharper-image-bluetooth-tv-sound-bar-black-sbt2010/6000195411122,SBT2010/32,"https:data:image/gif;base64,R0lGODlhAQABAIAAAAAAAP///yH5BAEAAAAALAAAAAABAAEAAAIBRAA7"
43,iSound Twist Mini Portable Bluetooth® Speaker - ISOUND-6366,"$76.24


",https://www.walmart.ca/en/ip/isound-twist-mini-portable-bluetooth-speaker-isound-6366/6000195564429,ISOUND-6366,"https:data:image/gif;base64,R0lGODlhAQABAIAAAAAAAP///yH5BAEAAAAALAAAAAABAAEAAAIBRAA7"
44,dreamGEAR iGlowSound Waves speaker system - ISOUND-5425,"$69.83


",https://www.walmart.ca/en/ip/dreamgear-iglowsound-waves-speaker-system-isound-5425/6000195564506,ISOUND-5425,"https:data:image/gif;base64,R0lGODlhAQABAIAAAAAAAP///yH5BAEAAAAALAAAAAABAAEAAAIBRAA7"
45,blackweb Soundstone Portable Wireless Speaker,"$39


",https://www.walmart.ca/en/ip/blackweb-soundstone-portable-wireless-speaker/6000196158965,none,"https:data:image/gif;base64,R0lGODlhAQABAIAAAAAAAP///yH5BAEAAAAALAAAAAABAAEAAAIBRAA7"
46,iSound Stereo Speaker and Speakerphone - ISOUND-6710,"$64.83


",https://www.walmart.ca/en/ip/isound-stereo-speaker-and-speakerphone-isound-6710/6000195564435,ISOUND-6710,"https:data:image/gif;base64,R0lGODlhAQABAIAAAAAAAP///yH5BAEAAAAALAAAAAABAAEAAAIBRAA7"
47,LG SH3B Sound Bar,"$188


",https://www.walmart.ca/en/ip/lg-sh3b-sound-bar/6000196974001,SH3B,"https:data:image/gif;base64,R0lGODlhAQABAIAAAAAAAP///yH5BAEAAAAALAAAAAABAAEAAAIBRAA7"
48,Edifier M Series M1380 2.1 Speaker System - 28 W RMS - Black,"$75.99


",https://www.walmart.ca/en/ip/Edifier-M-Series-M1380-2-1-Speaker-System-28-W-RMS-Black/93436,0,"https:data:image/gif;base64,R0lGODlhAQABAIAAAAAAAP///yH5BAEAAAAALAAAAAABAAEAAAIBRAA7"
49,Cyber Acoustics CA-3908 2.1 Speaker System - 36 W RMS,"


",https://www.walmart.ca/en/ip/Cyber-Acoustics-CA-3908-2-1-Speaker-System-36-W-RMS/334252,0,"https:data:image/gif;base64,R0lGODlhAQABAIAAAAAAAP///yH5BAEAAAAALAAAAAABAAEAAAIBRAA7"
50,LG NP8540 40W 2 Channel Smart Hi-Fi Speaker,"$282.71


",https://www.walmart.ca/en/ip/lg-np8540-40w-2-channel-smart-hi-fi-speaker/6000195192060,none,"https:data:image/gif;base64,R0lGODlhAQABAIAAAAAAAP///yH5BAEAAAAALAAAAAABAAEAAAIBRAA7"
51,Pioneer BULIT5 5 Inch Active Studio Reference Monitor - Black - Each,"$198.99


",https://www.walmart.ca/en/ip/Pioneer-BULIT5-5-Inch-Active-Studio-Reference-Monitor-Black-Each/PRD14PXAK9RA02W,0,"https:data:image/gif;base64,R0lGODlhAQABAIAAAAAAAP///yH5BAEAAAAALAAAAAABAAEAAAIBRAA7"
52,3.5mm 2 Ports Car CD Stereo Audio Amplifier Blue 180W DC 12V,"$22.11


",https://www.walmart.ca/en/ip/3-5mm-2-Ports-Car-CD-Stereo-Audio-Amplifier-Blue-180W-DC-12V/PRD398S5BAPL85L,0,"https:data:image/gif;base64,R0lGODlhAQABAIAAAAAAAP///yH5BAEAAAAALAAAAAABAAEAAAIBRAA7"
53,Line 6 Spider IV 150 150 Watts Stereo Combo Guitar Amplifier with 2 x 12 inch Celestion Custom Speakers includes Effects and Built In Looper,"$699


",https://www.walmart.ca/en/ip/Line-6-Spider-IV-150-150-Watts-Stereo-Combo-Guitar-Amplifier-with-2-x-12-inch-Celestion-Custom-Speakers-includes-Effects-and-Built-In-Looper/PRD5O08530RN6QZ,0,"https:data:image/gif;base64,R0lGODlhAQABAIAAAAAAAP///yH5BAEAAAAALAAAAAABAAEAAAIBRAA7"
54,Alto Professional TRANSPORT12 Single Cabinet PA System,"$549


",https://www.walmart.ca/en/ip/Alto-Professional-TRANSPORT12-Single-Cabinet-PA-System/PRD223ESUG0VTL6,0,"https:data:image/gif;base64,R0lGODlhAQABAIAAAAAAAP///yH5BAEAAAAALAAAAAABAAEAAAIBRAA7"
55,Peavey 6505MH Micro All Tube Electric Guitar Amplifier Head,"$699.99


",https://www.walmart.ca/en/ip/Peavey-6505MH-Micro-All-Tube-Electric-Guitar-Amplifier-Head/PRD2ZMFTRUNLNM2,0,"https:data:image/gif;base64,R0lGODlhAQABAIAAAAAAAP///yH5BAEAAAAALAAAAAABAAEAAAIBRAA7"
56,Sondpex PK06210 10 in. Extreme Power Bass System Party Pack Combo,"$166.14


",https://www.walmart.ca/en/ip/Sondpex-PK06210-10-in-Extreme-Power-Bass-System-Party-Pack-Combo/PRD751WZ7VALJC2,PK06210,"https:data:image/gif;base64,R0lGODlhAQABAIAAAAAAAP///yH5BAEAAAAALAAAAAABAAEAAAIBRAA7"
57,Alesis ELEVATE3MK2 Powered 20 Watt Near Field Studio Monitors - Pair,"$129


",https://www.walmart.ca/en/ip/Alesis-ELEVATE3MK2-Powered-20-Watt-Near-Field-Studio-Monitors-Pair/PRD2BUEXVRSXKKJ,0,"https:data:image/gif;base64,R0lGODlhAQABAIAAAAAAAP///yH5BAEAAAAALAAAAAABAAEAAAIBRAA7"
58,500W Crossover Filters Frequency Distributor for 2-Way Speaker System Audio,"$44.02


",https://www.walmart.ca/en/ip/500W-Crossover-Filters-Frequency-Distributor-for-2-Way-Speaker-System-Audio/PRD4UBQHMHD4W1S,0,"https:data:image/gif;base64,R0lGODlhAQABAIAAAAAAAP///yH5BAEAAAAALAAAAAABAAEAAAIBRAA7"
59,Behringer MS16 Compact Powered Multimedia Monitor Speakers (Pair),"$124


",https://www.walmart.ca/en/ip/Behringer-MS16-Compact-Powered-Multimedia-Monitor-Speakers-Pair/PRD3LC32VKOZ06A,0,"https:data:image/gif;base64,R0lGODlhAQABAIAAAAAAAP///yH5BAEAAAAALAAAAAABAAEAAAIBRAA7"
60,Veho 360° Vecto Wireless Water Resistant Black Speaker,"$159.99


",https://www.walmart.ca/en/ip/veho-360-vecto-wireless-water-resistant-black-speaker/6000196476346,VXS-001-BLK,https://i5.walmartimages.ca/images/Thumbnails/463/913/999999-999999-094922463913.jpg?odnBound=200
61,VQ Radio Christie Bluetooth® & NFC Portable Speaker Red,"$168


",https://www.walmart.ca/en/ip/vq-radio-christie-bluetooth-nfc-portable-speaker-black/6000196364877,none,https://i5.walmartimages.ca/images/Thumbnails/713/8_1/999999-5060169717138_1.jpg?odnBound=200
62,Wicked Audio Outcry Extreme Bluetooth Speaker,"$69.99


",https://www.walmart.ca/en/ip/wicked-audio-outcry-extreme-bluetooth-speaker/6000196645724,WIBTS30,https://i5.walmartimages.ca/images/Thumbnails/970/8_1/999999-712949009708_1.jpg?odnBound=200
63,"Sylvania 40"" Floor Standing Bluetooth Tower Speaker with FM Radio","$58


",https://www.walmart.ca/en/ip/sylvania-40-floor-standing-bluetooth-tower-speaker-with-fm-radio/6000197093128,SP263G,https://i5.walmartimages.ca/images/Thumbnails/116/638/6000197116638.jpg?odnBound=200
64,blackweb Soundblade Ultra Slim Portable Wireless Speaker,"$58


",https://www.walmart.ca/en/ip/blackweb-soundblade-ultra-slim-portable-wireless-speaker/6000193064568,none,https://i5.walmartimages.ca/images/Thumbnails/000/153/999999-885332000153.jpg?odnBound=200
65,ION Audio Party Bot Micro Bluetooth Speaker,"$46.78


",https://www.walmart.ca/en/ip/ion-audio-party-bot-micro-bluetooth-speaker/6000197464962,none,https://i5.walmartimages.ca/images/Thumbnails/486/893/6000197486893.jpg?odnBound=200
66,Sharper Image SBT5011 Glitter Motion Lamp & Bluetooth Speaker,"$54.98


",https://www.walmart.ca/en/ip/sharper-image-sbt5011-glitter-motion-lamp-bluetooth-speaker/6000196865300,none,https://i5.walmartimages.ca/images/Thumbnails/902/151/6000196902151.jpg?odnBound=200
67,Sharper Image SBT3002 Bluetooth Wireless Retro Speaker White,"$69.98


",https://www.walmart.ca/en/ip/sharper-image-sbt3002-bluetooth-wireless-retro-speaker-black/6000196865114,none,https://i5.walmartimages.ca/images/Thumbnails/901/919/6000196901919.jpg?odnBound=200
68,VQ Radio Retro Mini Bluetooth® Portable Speaker,"$79


",https://www.walmart.ca/en/ip/vq-radio-retro-mini-bluetooth-portable-speaker/6000197393796,none,https://i5.walmartimages.ca/images/Thumbnails/711/4_1/999999-5060169717114_1.jpg?odnBound=200
69,blackweb Soundspark LED Light Portable Wireless Speaker,"$39.88


",https://www.walmart.ca/en/ip/blackweb-soundspark-led-light-portable-wireless-speaker/6000196154017,none,https://i5.walmartimages.ca/images/Thumbnails/709/8_3/64845257098_3.jpg?odnBound=200
70,Top Tech Audio Fully Amplified Portable 3500 Watts Peak Power 2 x 15” Speaker with LED Light,"$368


",https://www.walmart.ca/en/ip/top-tech-audio-fully-amplified-portable-3500-watts-peak-power-2-x-15-speaker-with-led-light/6000197447365,none,https://i5.walmartimages.ca/images/Thumbnails/896/984/999999-68475896984.jpg?odnBound=200
71,Proscan Smart LED Bluetooth Speaker/Lightbulb,"$34


",https://www.walmart.ca/en/ip/proscan-smart-led-bluetooth-speakerlightbulb/6000197089711,PSP700,https://i5.walmartimages.ca/images/Thumbnails/113/279/6000197113279.jpg?odnBound=200
72,Ion Cornerstone Wireless Outdoor Speaker with Rechargeable Battery,"$199.98


",https://www.walmart.ca/en/ip/ion-cornerstone-wireless-outdoor-speaker-with-rechargeable-battery/6000197464330,ISP55,https://i5.walmartimages.ca/images/Thumbnails/509/770/6000197509770.jpg?odnBound=200
73,blackweb Soundpebble Portable Wireless Speaker,"$29.88


",https://www.walmart.ca/en/ip/blackweb-soundpebble-portable-wireless-speaker/6000196116823,WMHXP231BLCA,https://i5.walmartimages.ca/images/Thumbnails/091/078/6000197091078.jpg?odnBound=200
74,dreamGEAR iSound Durawaves XL Water Resistant Durable Glowing Light Rechargeable Speaker,"$99.99


",https://www.walmart.ca/en/ip/dreamgear-isound-durawaves-xl-water-resistant-durable-glowing-light-rechargeable-speaker/6000196974589,none,https://i5.walmartimages.ca/images/Thumbnails/795/4_1/999999-845620067954_1.jpg?odnBound=200
75,Veho 360° Mode Retro Wireless Bluetooth Speaker,"$129.99


",https://www.walmart.ca/en/ip/veho-360-mode-retro-wireless-bluetooth-speaker/6000196476340,VSS-012-M6,https://i5.walmartimages.ca/images/Thumbnails/463/999/999999-999999-094922463999.jpg?odnBound=200
76,Topsku Universal Compatibility Projector Mount,"$29.97


",https://www.walmart.ca/en/ip/topsku-universal-compatibility-projector-mount/6000189224516,TS-PMA101,https://i5.walmartimages.ca/images/Thumbnails/730/799/999999-725272730799.jpg?odnBound=200
77,blackweb Sound Brick III Portable Wireless Speaker,"$78


",https://www.walmart.ca/en/ip/blackweb-sound-brick-iii-portable-wireless-speaker/6000196743593,Black/Noir - BT30,https://i5.walmartimages.ca/images/Thumbnails/016/675/6000197016675.jpg?odnBound=200
78,Polk Audio BOOM Swimmer Duo Black Bluetooth Speaker,"$79.99


",https://www.walmart.ca/en/ip/polk-audio-boom-swimmer-duo-black-bluetooth-speaker/6000196082673,SMNBK-A,https://i5.walmartimages.ca/images/Thumbnails/551/6_1/999999-747192125516_1.jpg?odnBound=200
79,Borne Bluetooth® Piano Black Home Speaker,"$59.99


",https://www.walmart.ca/en/ip/borne-bluetooth-piano-black-home-speaker/6000196888326,none,https://i5.walmartimages.ca/images/Thumbnails/000/014/999999-691768000014.jpg?odnBound=200
80,Mental Beats Retro Style Bluetooth Speaker Dark Brown,"$48


",https://www.walmart.ca/en/ip/mental-beats-retro-style-bluetooth-speaker-dark-brown/6000197378322,72286,https://i5.walmartimages.ca/images/Thumbnails/389/399/6000197389399.jpg?odnBound=200
81,blackweb Soundsurf Portable Wireless Waterproof Speaker,"$78


",https://www.walmart.ca/en/ip/blackweb-soundsurf-portable-wireless-waterproof-speaker/6000195982283,none,https://i5.walmartimages.ca/images/Thumbnails/256/848/64845256848.jpg?odnBound=200
82,JBL Clip 2 Ultra Portable Blue Bluetooth Speaker,"$79.99


",https://www.walmart.ca/en/ip/jbl-clip-2-ultra-portable-blue-bluetooth-speaker/6000196929668,JBLCLIP2BLUAM,https://i5.walmartimages.ca/images/Thumbnails/331/357/999999-050036331357.jpg?odnBound=200
83,Sparkle Glitter Speaker & Desk Lamp - Pink Purple,"$29.98


",https://www.walmart.ca/en/ip/sparkle-glitter-speaker-desk-lamp-pink-pink/6000196865219,LBT508PK,https://i5.walmartimages.ca/images/Thumbnails/902/786/6000196902786.jpg?odnBound=200
84,Polk Audio BOOM Swimmer Jr. Blue Bluetooth Speaker,"$54.99


",https://www.walmart.ca/en/ip/polk-audio-boom-swimmer-jr-blue-bluetooth-speaker/6000196082682,SMJBE-A,https://i5.walmartimages.ca/images/Thumbnails/125/561/999999-747192125561.jpg?odnBound=200
85,blackweb Soundpair Stereo Pairing Bluetooth Wireless Speaker,"$78


",https://www.walmart.ca/en/ip/blackweb-soundpair-stereo-pairing-bluetooth-wireless-speaker/6000196741923,JN-1003,https://i5.walmartimages.ca/images/Thumbnails/016/679/6000197016679.jpg?odnBound=200
86,"Ultra Slim Portable Bluetooth Speaker, Silver","$39.98


",https://www.walmart.ca/en/ip/ultra-slim-portable-bluetooth-speaker-silver/6000196865471,none,https://i5.walmartimages.ca/images/Thumbnails/902/771/6000196902771.jpg?odnBound=200
87,VQ Radio Retro Mini Bluetooth® Portable Speaker Cream,"$98


",https://www.walmart.ca/en/ip/vq-radio-retro-mini-bluetooth-portable-speaker-cream/6000196364862,none,https://i5.walmartimages.ca/images/Thumbnails/710/7_1/999999-5060169717107_1.jpg?odnBound=200
88,Polk Audio Atrium 5 All-Weather Outdoor White Speakers,"$434.99


",https://www.walmart.ca/en/ip/polk-audio-atrium-5-all-weather-outdoor-white-speakers/6000196645785,AM5088-A,https://i5.walmartimages.ca/images/Thumbnails/882/2_1/999999-747192118822_1.jpg?odnBound=200
89,Sharper Image Fabric Textured Portable Bluetooth Speaker Grey/Silver,"$24.98


",https://www.walmart.ca/en/ip/sharper-image-fabric-textured-portable-bluetooth-speaker-blue/6000196865486,none,https://i5.walmartimages.ca/images/Thumbnails/279/681/6000197279681.jpg?odnBound=200
90,Lava BrightSounds Portable Bluetooth® Speaker Pink,"$69.98


",https://www.walmart.ca/en/ip/lava-brightsounds-portable-bluetooth-speaker-blue/6000196364917,none,"https:data:image/gif;base64,R0lGODlhAQABAIAAAAAAAP///yH5BAEAAAAALAAAAAABAAEAAAIBRAA7"
91,blackweb Sound Disc Waterproof Portable Wireless Speaker,"$68


",https://www.walmart.ca/en/ip/blackweb-sound-disc-waterproof-portable-wireless-speaker/6000196701942,WMHXP481BKCA,https://i5.walmartimages.ca/images/Thumbnails/903/4_1/628915549034_1.jpg?odnBound=200
92,2 Pair of Multi-room Bluetooth and Wi-Fi  Speakers by Sharper Image,"$199.98


",https://www.walmart.ca/en/ip/2-pair-of-multi-room-bluetooth-and-wi-fi-speakers-by-sharper-image/6000196865306,none,https://i5.walmartimages.ca/images/Thumbnails/959/415/6000196959415.jpg?odnBound=200
93,Top Tech Audio Portable Bluetooth Speaker with LED Light FM/USB/Micro-SD,"$58


",https://www.walmart.ca/en/ip/top-tech-audio-portable-bluetooth-speaker-with-led-light-fmusbmicro-sd/6000197445870,none,https://i5.walmartimages.ca/images/Thumbnails/697/3_1/999999-68475896973_1.jpg?odnBound=200
94,Top Tech Audio Fully Amplified Portable 1600 Watts Peak Power 8” Speaker with LED Light - Red,"$108


",https://www.walmart.ca/en/ip/top-tech-audio-fully-amplified-portable-1600-watts-peak-power-8-speaker-with-led-light-red/6000197447774,none,"https:data:image/gif;base64,R0lGODlhAQABAIAAAAAAAP///yH5BAEAAAAALAAAAAABAAEAAAIBRAA7"
95,blackweb Sound Blade II Slim Bluetooth Speaker with Power Bank,"$58


",https://www.walmart.ca/en/ip/blackweb-sound-blade-ii-slim-bluetooth-speaker-with-power-bank/6000196701945,RC215PBT,https://i5.walmartimages.ca/images/Thumbnails/016/684/6000197016684.jpg?odnBound=200
96,dreamGEAR iSound DuraWaves Glow Rechargeable Bluetooth Speaker,"$74.99


",https://www.walmart.ca/en/ip/dreamgear-isound-durawaves-glow-rechargeable-bluetooth-speaker/6000196974592,none,https://i5.walmartimages.ca/images/Thumbnails/707/7_1/999999-845620067077_1.jpg?odnBound=200
97,dreamGEAR iSound DuraTunes Black Speaker,"$34.99


",https://www.walmart.ca/en/ip/dreamgear-isound-duratunes-black-speaker/6000196974595,none,https://i5.walmartimages.ca/images/Thumbnails/704/6_1/999999-845620067046_1.jpg?odnBound=200
98,Top Tech Audio Fully Amplified 3000 Watts Peak Power 15” 2- Way Speaker,"$268


",https://www.walmart.ca/en/ip/top-tech-audio-fully-amplified-3000-watts-peak-power-15-2-way-speaker/6000197443891,none,https://i5.walmartimages.ca/images/Thumbnails/896/942/999999-68475896942.jpg?odnBound=200
99,Electronic Master 250-Ft 2-Wire Speaker Cable (EM6822250),"$267.98


",https://www.walmart.ca/en/ip/electronic-master-250-ft-2-wire-speaker-cable-em6822250/6000187030008,EM6822250,"https:data:image/gif;base64,R0lGODlhAQABAIAAAAAAAP///yH5BAEAAAAALAAAAAABAAEAAAIBRAA7"
100,blackweb Soundwave Portable Wireless Speaker,"$58


",https://www.walmart.ca/en/ip/blackweb-soundwave-portable-wireless-speaker/6000196995095,WMHXP421BKCA,https://i5.walmartimages.ca/images/Thumbnails/094/213/6000197094213.jpg?odnBound=200
101,Top Tech Audio Portable Bluetooth Speaker with FM Radio - Black,"$28


",https://www.walmart.ca/en/ip/top-tech-audio-portable-bluetooth-speaker-with-fm-radio-black/6000197445059,none,"https:data:image/gif;base64,R0lGODlhAQABAIAAAAAAAP///yH5BAEAAAAALAAAAAABAAEAAAIBRAA7"
102,blackweb Sound Splash II Wireless Speaker,"$58


",https://www.walmart.ca/en/ip/blackweb-sound-splash-ii-wireless-speaker/6000196789428,WMHXP711BKCA,https://i5.walmartimages.ca/images/Thumbnails/090/940/6000197090940.jpg?odnBound=200
103,Veho 360° Vecto Wireless Water Resistant Orange Speaker,"$179.99


",https://www.walmart.ca/en/ip/veho-360-vecto-wireless-water-resistant-orange-speaker/6000196479149,VXS-002-ORG,https://i5.walmartimages.ca/images/Thumbnails/473/035/999999-999999-094922473035.jpg?odnBound=200
104,Top Tech Audio Fully Amplified Portable 1800 Watts Peak Power 10” Speaker with Disco Ball - Gold,"$178


",https://www.walmart.ca/en/ip/top-tech-audio-fully-amplified-portable-1800-watts-peak-power-10-speaker-with-disco-ball-gold/6000197445928,none,"https:data:image/gif;base64,R0lGODlhAQABAIAAAAAAAP///yH5BAEAAAAALAAAAAABAAEAAAIBRAA7"
105,Electronic Master 100 Ft x 8 AWG speaker wire (EM6808100),"$179.98


",https://www.walmart.ca/en/ip/electronic-master-100-ft-x-8-awg-speaker-wire-em6808100/6000187030011,EM6808100,"https:data:image/gif;base64,R0lGODlhAQABAIAAAAAAAP///yH5BAEAAAAALAAAAAABAAEAAAIBRAA7"
106,Top Tech Audio Portable Bluetooth Speaker with FM/USB/Micro-SD - White,"$48


",https://www.walmart.ca/en/ip/top-tech-audio-portable-bluetooth-speaker-with-fmusbmicro-sd-white/6000197444327,none,"https:data:image/gif;base64,R0lGODlhAQABAIAAAAAAAP///yH5BAEAAAAALAAAAAABAAEAAAIBRAA7"
107,Monster SuperStar High Definition Bluetooth Speaker Green,"$89.94


",https://www.walmart.ca/en/ip/monster-superstar-high-definition-bluetooth-speaker-grey/6000195366451,129265-00,"https:data:image/gif;base64,R0lGODlhAQABAIAAAAAAAP///yH5BAEAAAAALAAAAAABAAEAAAIBRAA7"
108,CTA Digital Anti-Theft Portable Bluetooth Speaker,"$59.99


",https://www.walmart.ca/en/ip/cta-digital-anti-theft-portable-bluetooth-speaker/6000196421776,SP-ATP,"https:data:image/gif;base64,R0lGODlhAQABAIAAAAAAAP///yH5BAEAAAAALAAAAAABAAEAAAIBRAA7"
109,dreamGEAR iGlowSound Mini Bluetooth Speaker - ISOUND-5492,"$86.83


",https://www.walmart.ca/en/ip/dreamgear-iglowsound-mini-bluetooth-speaker-isound-5492/6000195564518,ISOUND-5492,"https:data:image/gif;base64,R0lGODlhAQABAIAAAAAAAP///yH5BAEAAAAALAAAAAABAAEAAAIBRAA7"
110,Top Tech Audio  Fully amplified 1200 watts Peak Power 5” Speaker Set,"$68


",https://www.walmart.ca/en/ip/top-tech-audio-fully-amplified-1200-watts-peak-power-5-speaker-set/6000197444044,none,"https:data:image/gif;base64,R0lGODlhAQABAIAAAAAAAP///yH5BAEAAAAALAAAAAABAAEAAAIBRAA7"
111,dreamGEAR iSound DuraTunes Red Speaker,"$34.99


",https://www.walmart.ca/en/ip/dreamgear-isound-duratunes-red-speaker/6000196974601,none,"https:data:image/gif;base64,R0lGODlhAQABAIAAAAAAAP///yH5BAEAAAAALAAAAAABAAEAAAIBRAA7"
112,dreamGEAR iSound DuraTunes Blue Speaker,"$34.99


",https://www.walmart.ca/en/ip/dreamgear-isound-duratunes-blue-speaker/6000196974598,none,"https:data:image/gif;base64,R0lGODlhAQABAIAAAAAAAP///yH5BAEAAAAALAAAAAABAAEAAAIBRAA7"
113,CA-2011W OEM 2 Piece Speaker System,"$26.53


",https://www.walmart.ca/en/ip/ca-2011w-oem-2-piece-speaker-system/6000197245055,none,"https:data:image/gif;base64,R0lGODlhAQABAIAAAAAAAP///yH5BAEAAAAALAAAAAABAAEAAAIBRAA7"
114,ION Audio Keystone Wireless Rechargeable Mountable Outdoor Speaker Pair,"$454.78


",https://www.walmart.ca/en/ip/ion-audio-keystone-wireless-rechargeable-mountable-outdoor-speaker-pair/6000197464579,none,"https:data:image/gif;base64,R0lGODlhAQABAIAAAAAAAP///yH5BAEAAAAALAAAAAABAAEAAAIBRAA7"
115,Top Tech Audio Portable Rechargeable Bluetooth Speaker with LED Light FM/USB/Micro-SD - Black,"$42


",https://www.walmart.ca/en/ip/top-tech-audio-portable-rechargeable-bluetooth-speaker-with-led-light-fmusbmicro-sd-black/6000197444415,none,"https:data:image/gif;base64,R0lGODlhAQABAIAAAAAAAP///yH5BAEAAAAALAAAAAABAAEAAAIBRAA7"
116,"Beats Pill+ Bluetooth Speaker, Black White","$249.94


",https://www.walmart.ca/en/ip/beats-pill-bluetooth-speaker-black-red/6000195528216,ML4P2LL/A,"https:data:image/gif;base64,R0lGODlhAQABAIAAAAAAAP///yH5BAEAAAAALAAAAAABAAEAAAIBRAA7"
117,Wink Emoji Speaker by Art+Sound,"$24.98


",https://www.walmart.ca/en/ip/wink-emoji-speaker-by-artsound/6000196865372,none,"https:data:image/gif;base64,R0lGODlhAQABAIAAAAAAAP///yH5BAEAAAAALAAAAAABAAEAAAIBRAA7"
118,Sharper Image SBT1025 Mega Bluetooth Sound Station,"$279.98


",https://www.walmart.ca/en/ip/sharper-image-sbt1025-mega-bluetooth-sound-station/6000196865282,none,"https:data:image/gif;base64,R0lGODlhAQABAIAAAAAAAP///yH5BAEAAAAALAAAAAABAAEAAAIBRAA7"
119,dreamGEAR iGlowSound Mini Bluetooth Speaker - ISOUND-5379,"$86.83


",https://www.walmart.ca/en/ip/dreamgear-iglowsound-mini-bluetooth-speaker-isound-5379/6000195564515,ISOUND-5379,"https:data:image/gif;base64,R0lGODlhAQABAIAAAAAAAP///yH5BAEAAAAALAAAAAABAAEAAAIBRAA7"
120,iHome Splashproof Color Changing Rechargeable Bluetooth Stereo Speaker - iBT84,"$68


",https://www.walmart.ca/en/ip/ihome-splashproof-color-changing-rechargeable-bluetooth-stereo-speaker-ibt84/6000196042490,none,"https:data:image/gif;base64,R0lGODlhAQABAIAAAAAAAP///yH5BAEAAAAALAAAAAABAAEAAAIBRAA7"
121,Top Tech Audio Portable Rechargeable Bluetooth Speaker with LED Light - Silver,"$38


",https://www.walmart.ca/en/ip/top-tech-audio-portable-rechargeable-bluetooth-speaker-with-led-light-silver/6000197447343,none,"https:data:image/gif;base64,R0lGODlhAQABAIAAAAAAAP///yH5BAEAAAAALAAAAAABAAEAAAIBRAA7"
122,Top Tech Audio Portable Bluetooth Speaker with FM/USB/Micro-SD - Green,"$38


",https://www.walmart.ca/en/ip/top-tech-audio-portable-bluetooth-speaker-with-fmusbmicro-sd-green/6000197443422,none,"https:data:image/gif;base64,R0lGODlhAQABAIAAAAAAAP///yH5BAEAAAAALAAAAAABAAEAAAIBRAA7"
123,Top Tech Audio Portable Bluetooth Speaker with FM/USB/Micro-SD - Blue,"$42


",https://www.walmart.ca/en/ip/top-tech-audio-portable-bluetooth-speaker-with-fmusbmicro-sd-blue/6000197447185,none,"https:data:image/gif;base64,R0lGODlhAQABAIAAAAAAAP///yH5BAEAAAAALAAAAAABAAEAAAIBRAA7"
124,Divoom Voombox-Travel 3rd Generation Black Bluetooth Speaker,"$49.96


",https://www.walmart.ca/en/ip/divoom-voombox-travel-3rd-generation-black-bluetooth-speaker/6000196615172,none,"https:data:image/gif;base64,R0lGODlhAQABAIAAAAAAAP///yH5BAEAAAAALAAAAAABAAEAAAIBRAA7"
125,"CA2014 2pc Desktop Speakers - BK, 4W","$24.99


",https://www.walmart.ca/en/ip/ca2014-2pc-desktop-speakers-bk-4w/6000197244468,none,"https:data:image/gif;base64,R0lGODlhAQABAIAAAAAAAP///yH5BAEAAAAALAAAAAABAAEAAAIBRAA7"
126,Polk Audio Omni S6 Multi-Room Wireless Black Speaker,"$479.99


",https://www.walmart.ca/en/ip/polk-audio-omni-s6-multi-room-wireless-black-speaker/6000196645804,AM6935-A,"https:data:image/gif;base64,R0lGODlhAQABAIAAAAAAAP///yH5BAEAAAAALAAAAAABAAEAAAIBRAA7"
127,Top Tech Audio Portable Bluetooth Speaker with FM Radio - Blue,"$28


",https://www.walmart.ca/en/ip/top-tech-audio-portable-bluetooth-speaker-with-fm-radio-blue/6000197443394,none,"https:data:image/gif;base64,R0lGODlhAQABAIAAAAAAAP///yH5BAEAAAAALAAAAAABAAEAAAIBRAA7"
128,Bluetooth Speaker Box w/ LED Light Show by Sharper Image,"$59.98


",https://www.walmart.ca/en/ip/bluetooth-speaker-box-w-led-light-show-by-sharper-image/6000196865285,none,"https:data:image/gif;base64,R0lGODlhAQABAIAAAAAAAP///yH5BAEAAAAALAAAAAABAAEAAAIBRAA7"
129,Divoom Voombox-Outdoor Green Bluetooth Speaker,"$109.96


",https://www.walmart.ca/en/ip/divoom-voombox-outdoor-green-bluetooth-speaker/6000196615168,none,"https:data:image/gif;base64,R0lGODlhAQABAIAAAAAAAP///yH5BAEAAAAALAAAAAABAAEAAAIBRAA7"
130,Top Tech Audio Portable Bluetooth Speaker with FM/USB/Micro-SD - Black,"$48


",https://www.walmart.ca/en/ip/top-tech-audio-portable-bluetooth-speaker-with-fmusbmicro-sd-black/6000197444275,none,"https:data:image/gif;base64,R0lGODlhAQABAIAAAAAAAP///yH5BAEAAAAALAAAAAABAAEAAAIBRAA7"
131,Polaroid Tower Speaker with Party Light and USB Charging Dock Station,"$79.98


",https://www.walmart.ca/en/ip/polaroid-tower-speaker-with-party-light-and-usb-charging-dock-station/6000197018766,PBT3012,"https:data:image/gif;base64,R0lGODlhAQABAIAAAAAAAP///yH5BAEAAAAALAAAAAABAAEAAAIBRAA7"
132,Sharper Image Luxury Fabric Bluetooth Speaker Beige,"$49.98


",https://www.walmart.ca/en/ip/sharper-image-luxury-fabric-bluetooth-speaker-black/6000196865255,none,"https:data:image/gif;base64,R0lGODlhAQABAIAAAAAAAP///yH5BAEAAAAALAAAAAABAAEAAAIBRAA7"
133,Top Tech Audio Fully Amplified 3000 Watts Peak Power Double 12” Party Speaker,"$268


",https://www.walmart.ca/en/ip/top-tech-audio-fully-amplified-3000-watts-peak-power-double-12-party-speaker/6000197445460,none,"https:data:image/gif;base64,R0lGODlhAQABAIAAAAAAAP///yH5BAEAAAAALAAAAAABAAEAAAIBRAA7"
134,Polk Audio BOOM Swimmer Duo Blue Bluetooth Speaker,"$79.99


",https://www.walmart.ca/en/ip/polk-audio-boom-swimmer-duo-blue-bluetooth-speaker/6000196082676,SMNBE-A,"https:data:image/gif;base64,R0lGODlhAQABAIAAAAAAAP///yH5BAEAAAAALAAAAAABAAEAAAIBRAA7"
135,Borne Wireless Bluetooth® Mini Black Sound Bar,"$39.99


",https://www.walmart.ca/en/ip/borne-wireless-bluetooth-mini-black-sound-bar/6000196888329,none,"https:data:image/gif;base64,R0lGODlhAQABAIAAAAAAAP///yH5BAEAAAAALAAAAAABAAEAAAIBRAA7"
136,Light-Up Wireless Party Speaker Green,"$27.98


",https://www.walmart.ca/en/ip/light-up-wireless-party-speaker-pink/6000196865171,LBT501PK,"https:data:image/gif;base64,R0lGODlhAQABAIAAAAAAAP///yH5BAEAAAAALAAAAAABAAEAAAIBRAA7"
137,Polk Audio Omni S6 Multi-Room Wireless White Speaker,"$479.99


",https://www.walmart.ca/en/ip/polk-audio-omni-s6-multi-room-wireless-white-speaker/6000196645807,AM6936-A,"https:data:image/gif;base64,R0lGODlhAQABAIAAAAAAAP///yH5BAEAAAAALAAAAAABAAEAAAIBRAA7"
138,Mental Beats Harmony Bluetooth Speaker Gold,"$49.99


",https://www.walmart.ca/en/ip/mental-beats-harmony-bluetooth-speaker-white/6000196279380,none,"https:data:image/gif;base64,R0lGODlhAQABAIAAAAAAAP///yH5BAEAAAAALAAAAAABAAEAAAIBRAA7"
139,ION Audio Party Rocker Max Bluetooth® Speaker with Party Lights,"$468


",https://www.walmart.ca/en/ip/ion-audio-party-rocker-max-bluetooth-speaker-with-party-lights/6000197464414,none,"https:data:image/gif;base64,R0lGODlhAQABAIAAAAAAAP///yH5BAEAAAAALAAAAAABAAEAAAIBRAA7"
140,Top Tech Audio Portable Rechargeable Bluetooth Speaker with LED Light FM/USB/Micro-SD,"$38


",https://www.walmart.ca/en/ip/top-tech-audio-portable-rechargeable-bluetooth-speaker-with-led-light-fmusbmicro-sd/6000197445015,none,"https:data:image/gif;base64,R0lGODlhAQABAIAAAAAAAP///yH5BAEAAAAALAAAAAABAAEAAAIBRAA7"
141,Fun and Colourful Picture Frame with Bluetooth Speaker - Pink Blue,"$24.98


",https://www.walmart.ca/en/ip/fun-and-colourful-picture-frame-with-bluetooth-speaker-pink-purple/6000196875705,none,"https:data:image/gif;base64,R0lGODlhAQABAIAAAAAAAP///yH5BAEAAAAALAAAAAABAAEAAAIBRAA7"
142,EluneVision Triton Manual PullDown Projector Screen,"$274.98


",https://www.walmart.ca/en/ip/elunevision-triton-manual-pulldown-projector-screen/6000049277136,EV-M-120-1.2,"https:data:image/gif;base64,R0lGODlhAQABAIAAAAAAAP///yH5BAEAAAAALAAAAAABAAEAAAIBRAA7"
143,Top Tech Audio 3.1 Powered Multimedia Speaker Set,"$108


",https://www.walmart.ca/en/ip/top-tech-audio-31-powered-multimedia-speaker-set/6000197446937,none,"https:data:image/gif;base64,R0lGODlhAQABAIAAAAAAAP///yH5BAEAAAAALAAAAAABAAEAAAIBRAA7"
144,dreamGEAR iSound HiFI Waves Bluetooth Speaker with FM Radio,"$74.99


",https://www.walmart.ca/en/ip/dreamgear-isound-hifi-waves-bluetooth-speaker-with-fm-radio/6000196974607,none,"https:data:image/gif;base64,R0lGODlhAQABAIAAAAAAAP///yH5BAEAAAAALAAAAAABAAEAAAIBRAA7"
145,Polk Audio Omni SB1 Plus Home Theater Sound Bar & Wireless Subwoofer System,"$999.99


",https://www.walmart.ca/en/ip/polk-audio-omni-sb1-plus-home-theater-sound-bar-wireless-subwoofer-system/6000196645810,AM6946-A,"https:data:image/gif;base64,R0lGODlhAQABAIAAAAAAAP///yH5BAEAAAAALAAAAAABAAEAAAIBRAA7"
146,Sharper Image SBT625GY Bluetooth Outdoor Rock Speaker,"$79.98


",https://www.walmart.ca/en/ip/sharper-image-sbt625gy-bluetooth-outdoor-rock-speaker/6000196865246,none,"https:data:image/gif;base64,R0lGODlhAQABAIAAAAAAAP///yH5BAEAAAAALAAAAAABAAEAAAIBRAA7"
147,iSound Water resistant bluetooth speaker - ISOUND-6706,"$39.83


",https://www.walmart.ca/en/ip/isound-water-resistant-bluetooth-speaker-isound-6706/6000195564441,ISOUND-6706,"https:data:image/gif;base64,R0lGODlhAQABAIAAAAAAAP///yH5BAEAAAAALAAAAAABAAEAAAIBRAA7"
148,Top Tech Audio Fully Powered 500 Watts Portable Multimedia Speaker - Red,"$74


",https://www.walmart.ca/en/ip/top-tech-audio-fully-powered-500-watts-portable-multimedia-speaker-red/6000197445386,none,"https:data:image/gif;base64,R0lGODlhAQABAIAAAAAAAP///yH5BAEAAAAALAAAAAABAAEAAAIBRAA7"
149,Twist Speaker Bluetooth® Speaker and Speakerphone Black,"$87.97


",https://www.walmart.ca/en/ip/twist-speaker-bluetooth-speaker-and-speakerphone-black/6000104597381,ISOUND-1690,"https:data:image/gif;base64,R0lGODlhAQABAIAAAAAAAP///yH5BAEAAAAALAAAAAABAAEAAAIBRAA7"
150,Polaroid Black Bluetooth® Rugged Stereo Speaker,"$49.98


",https://www.walmart.ca/en/ip/polaroid-black-bluetooth-rugged-stereo-speaker/6000196865111,none,"https:data:image/gif;base64,R0lGODlhAQABAIAAAAAAAP///yH5BAEAAAAALAAAAAABAAEAAAIBRAA7"
151,Ion Patio Mate Umbrella Light with Bluetooth Stereo Speakers,"$69.98


",https://www.walmart.ca/en/ip/ion-patio-mate-umbrella-light-with-bluetooth-stereo-speakers/6000197465994,ISP50,"https:data:image/gif;base64,R0lGODlhAQABAIAAAAAAAP///yH5BAEAAAAALAAAAAABAAEAAAIBRAA7"
152,DREAMWAVE SURVIVOR:<br>Bluetooth Car Speaker + Emergency Car Starter,"$369.99


",https://www.walmart.ca/en/ip/dreamwave-survivor-bluetooth-car-speaker-emergency-car-starter/6000197085833,none,"https:data:image/gif;base64,R0lGODlhAQABAIAAAAAAAP///yH5BAEAAAAALAAAAAABAAEAAAIBRAA7"
153,Sony Portable Bluetooth&nbsp;Wireless Speaker - SRS-XB3/RED,"$198


",https://www.walmart.ca/en/ip/sony-portable-bluetoothwireless-speaker-srs-xb3red/6000196435012,SRSXB3/RED,"https:data:image/gif;base64,R0lGODlhAQABAIAAAAAAAP///yH5BAEAAAAALAAAAAABAAEAAAIBRAA7"
154,Art & Sound Wood Grain Bluetooth 6-in-1 Music Player Turntable,"$149.98


",https://www.walmart.ca/en/ip/art-sound-wood-grain-bluetooth-6-in-1-music-player-turntable/6000196865504,none,"https:data:image/gif;base64,R0lGODlhAQABAIAAAAAAAP///yH5BAEAAAAALAAAAAABAAEAAAIBRAA7"
155,Monster SuperStar Firecracker Bluetooth Speaker with Built-in LED Flashlight,"$129.95


",https://www.walmart.ca/en/ip/monster-superstar-firecracker-bluetooth-speaker-with-built-in-led-flashlight/6000196924086,129112-00,"https:data:image/gif;base64,R0lGODlhAQABAIAAAAAAAP///yH5BAEAAAAALAAAAAABAAEAAAIBRAA7"
156,Electronic Master 250-Ft 2-Wire Speaker Cable (EM6826250),"$117.98


",https://www.walmart.ca/en/ip/electronic-master-250-ft-2-wire-speaker-cable-em6826250/6000187029996,EM6826250,"https:data:image/gif;base64,R0lGODlhAQABAIAAAAAAAP///yH5BAEAAAAALAAAAAABAAEAAAIBRAA7"
157,Electronic Master 50-Ft 2-Wire Speaker Cable (EM681050),"$56.98


",https://www.walmart.ca/en/ip/electronic-master-50-ft-2-wire-speaker-cable-em681050/6000187029974,EM681050,"https:data:image/gif;base64,R0lGODlhAQABAIAAAAAAAP///yH5BAEAAAAALAAAAAABAAEAAAIBRAA7"
158,"Polk Audio PSW111 8"" 150W Powered Black Subwoofer","$459.99


",https://www.walmart.ca/en/ip/polk-audio-psw111-8-150w-powered-black-subwoofer/6000196645775,AM1145-A,"https:data:image/gif;base64,R0lGODlhAQABAIAAAAAAAP///yH5BAEAAAAALAAAAAABAAEAAAIBRAA7"
159,CTA Digital Bluetooth Speaker Stand for Tablets,"$139.98


",https://www.walmart.ca/en/ip/cta-digital-bluetooth-speaker-stand-for-tablets/6000196431738,PAD-BSS,"https:data:image/gif;base64,R0lGODlhAQABAIAAAAAAAP///yH5BAEAAAAALAAAAAABAAEAAAIBRAA7"
160,Monster Rockin’ Roller 2 Portable Indoor/Outdoor Wireless Speaker - Grey,"$399.96


",https://www.walmart.ca/en/ip/monster-rockin-roller-2-portable-indooroutdoor-wireless-speaker-grey/6000196943259,RR2-C,"https:data:image/gif;base64,R0lGODlhAQABAIAAAAAAAP///yH5BAEAAAAALAAAAAABAAEAAAIBRAA7"
161,Electronic Master 250-Ft 4-Wire Speaker Cable (EM6836250),"$199.98


",https://www.walmart.ca/en/ip/electronic-master-250-ft-4-wire-speaker-cable-em6836250/6000187029981,EM6836250,"https:data:image/gif;base64,R0lGODlhAQABAIAAAAAAAP///yH5BAEAAAAALAAAAAABAAEAAAIBRAA7"
162,Ion Road Warrior 500-Watt Rechargeable Stereo Speaker System,"$735.68


",https://www.walmart.ca/en/ip/ion-road-warrior-500-watt-rechargeable-stereo-speaker-system/6000197464562,IPA27,"https:data:image/gif;base64,R0lGODlhAQABAIAAAAAAAP///yH5BAEAAAAALAAAAAABAAEAAAIBRAA7"
163,Top Tech Audio Fully Amplified Portable 3500 Watts Peak Power 15” Speaker with LED Light,"$298


",https://www.walmart.ca/en/ip/top-tech-audio-fully-amplified-portable-3500-watts-peak-power-15-speaker-with-led-light/6000197447841,none,"https:data:image/gif;base64,R0lGODlhAQABAIAAAAAAAP///yH5BAEAAAAALAAAAAABAAEAAAIBRAA7"
164,Mental Beats Retro Style Bluetooth Speaker White,"$48


",https://www.walmart.ca/en/ip/mental-beats-retro-style-bluetooth-speaker-white/6000197377666,72287,"https:data:image/gif;base64,R0lGODlhAQABAIAAAAAAAP///yH5BAEAAAAALAAAAAABAAEAAAIBRAA7"
165,Proscan 2.1 Home Speaker System,"$28


",https://www.walmart.ca/en/ip/proscan-21-home-speaker-system/6000197093113,PHTIB8108,"https:data:image/gif;base64,R0lGODlhAQABAIAAAAAAAP///yH5BAEAAAAALAAAAAABAAEAAAIBRAA7"
166,Top Tech Audio Fully Amplified Portable 1200 Watts Peak Power 6.5” Speaker with LED Light,"$88


",https://www.walmart.ca/en/ip/top-tech-audio-fully-amplified-portable-1200-watts-peak-power-65-speaker-with-led-light/6000197445678,none,"https:data:image/gif;base64,R0lGODlhAQABAIAAAAAAAP///yH5BAEAAAAALAAAAAABAAEAAAIBRAA7"
167,Crying Emoji Speaker by Art+Sound,"$24.98


",https://www.walmart.ca/en/ip/crying-emoji-speaker-by-artsound/6000196865366,none,"https:data:image/gif;base64,R0lGODlhAQABAIAAAAAAAP///yH5BAEAAAAALAAAAAABAAEAAAIBRAA7"
168,Divoom Voombox-Outdoor Blue Bluetooth Speaker,"$109.96


",https://www.walmart.ca/en/ip/divoom-voombox-outdoor-blue-bluetooth-speaker/6000196615161,none,"https:data:image/gif;base64,R0lGODlhAQABAIAAAAAAAP///yH5BAEAAAAALAAAAAABAAEAAAIBRAA7"
169,Sharper Image SBT3007 Wireless Multicoloured LED Boombox DJ Sound System,"$69.98


",https://www.walmart.ca/en/ip/sharper-image-sbt3007-wireless-multicoloured-led-boombox-dj-sound-system/6000196865516,none,"https:data:image/gif;base64,R0lGODlhAQABAIAAAAAAAP///yH5BAEAAAAALAAAAAABAAEAAAIBRAA7"
170,Top Tech Audio Fully Amplified Portable 1600 Watts Peak Power 8” Speaker with LED Light - Black,"$108


",https://www.walmart.ca/en/ip/top-tech-audio-fully-amplified-portable-1600-watts-peak-power-8-speaker-with-led-light-black/6000197444860,none,"https:data:image/gif;base64,R0lGODlhAQABAIAAAAAAAP///yH5BAEAAAAALAAAAAABAAEAAAIBRAA7"
171,Polk Audio Omni P1 Preamp Adapter,"$399.95


",https://www.walmart.ca/en/ip/polk-audio-omni-p1-preamp-adapter/6000196677522,AM6911-A,"https:data:image/gif;base64,R0lGODlhAQABAIAAAAAAAP///yH5BAEAAAAALAAAAAABAAEAAAIBRAA7"
172,Top Tech Audio Portable Rechargeable Bluetooth Speaker with LED Light FM/USB/Micro-SD - Blue,"$42


",https://www.walmart.ca/en/ip/top-tech-audio-portable-rechargeable-bluetooth-speaker-with-led-light-fmusbmicro-sd-blue/6000197447003,none,"https:data:image/gif;base64,R0lGODlhAQABAIAAAAAAAP///yH5BAEAAAAALAAAAAABAAEAAAIBRAA7"
173,Mental Beats Retro Style Bluetooth Speaker Light Brown,"$48


",https://www.walmart.ca/en/ip/mental-beats-retro-style-bluetooth-speaker-light-brown/6000197374614,72288,"https:data:image/gif;base64,R0lGODlhAQABAIAAAAAAAP///yH5BAEAAAAALAAAAAABAAEAAAIBRAA7"
174,Sharper Image 5.1 Bluetooth Home Theater Sound System,"$169.99


",https://www.walmart.ca/en/ip/sharper-image-51-bluetooth-home-theater-sound-system/6000196865315,none,"https:data:image/gif;base64,R0lGODlhAQABAIAAAAAAAP///yH5BAEAAAAALAAAAAABAAEAAAIBRAA7"
175,Sharper Image Karaoke Microphone and Bluetooth Speaker Gold,"$39.97


",https://www.walmart.ca/en/ip/sharper-image-karaoke-microphone-and-bluetooth-speaker-silver/6000197542496,none,"https:data:image/gif;base64,R0lGODlhAQABAIAAAAAAAP///yH5BAEAAAAALAAAAAABAAEAAAIBRAA7"
176,dreamGEAR iSound HiFi Luxe Wireless Rechargeable Portable Speaker,"$124.99


",https://www.walmart.ca/en/ip/dreamgear-isound-hifi-luxe-wireless-rechargeable-portable-speaker/6000196974604,none,"https:data:image/gif;base64,R0lGODlhAQABAIAAAAAAAP///yH5BAEAAAAALAAAAAABAAEAAAIBRAA7"
177,Sharper Image SBT1004 Tower Speaker,"$89.97


",https://www.walmart.ca/en/ip/sharper-image-sbt1004-tower-speaker/6000197546349,none,"https:data:image/gif;base64,R0lGODlhAQABAIAAAAAAAP///yH5BAEAAAAALAAAAAABAAEAAAIBRAA7"
178,Altec Lansing IMW477-AB Mini Life Jacket II Bluetooth Speaker,"$98


",https://www.walmart.ca/en/ip/altec-lansing-imw477-ab-mini-life-jacket-ii-bluetooth-speaker/6000196220814,IMW477,"https:data:image/gif;base64,R0lGODlhAQABAIAAAAAAAP///yH5BAEAAAAALAAAAAABAAEAAAIBRAA7"
179,Top Tech Audio Portable Rechargeable Bluetooth Speaker with LED Light FM/USB/Micro-SD - White,"$42


",https://www.walmart.ca/en/ip/top-tech-audio-portable-rechargeable-bluetooth-speaker-with-led-light-fmusbmicro-sd-white/6000197444080,none,"https:data:image/gif;base64,R0lGODlhAQABAIAAAAAAAP///yH5BAEAAAAALAAAAAABAAEAAAIBRAA7"
180,Sharper Image Luxury Fabric Mini Bluetooth Speaker Black,"$39.98


",https://www.walmart.ca/en/ip/sharper-image-luxury-fabric-mini-bluetooth-speaker-beige/6000196865249,SBT629BG,"https:data:image/gif;base64,R0lGODlhAQABAIAAAAAAAP///yH5BAEAAAAALAAAAAABAAEAAAIBRAA7"
181,Portable Bluetooth Speaker w/ Tower Subwoofer Base by Sharper Image,"$139.98


",https://www.walmart.ca/en/ip/portable-bluetooth-speaker-w-tower-subwoofer-base-by-sharper-image/6000196865291,none,"https:data:image/gif;base64,R0lGODlhAQABAIAAAAAAAP///yH5BAEAAAAALAAAAAABAAEAAAIBRAA7"
182,Too Cool Emoji Speaker by Art+Sound,"$24.98


",https://www.walmart.ca/en/ip/too-cool-emoji-speaker-by-artsound/6000196865363,none,"https:data:image/gif;base64,R0lGODlhAQABAIAAAAAAAP///yH5BAEAAAAALAAAAAABAAEAAAIBRAA7"
183,Divoom Voombox-Party 2nd Generation Gold Speaker,"$149.96


",https://www.walmart.ca/en/ip/divoom-voombox-party-2nd-generation-gold-speaker/6000196615193,none,"https:data:image/gif;base64,R0lGODlhAQABAIAAAAAAAP///yH5BAEAAAAALAAAAAABAAEAAAIBRAA7"
184,VQ Radio Hepburn MK II Bluetooth® Portable Speaker Black,"$168


",https://www.walmart.ca/en/ip/vq-radio-hepburn-mk-ii-bluetooth-portable-speaker-red/6000196364892,none,"https:data:image/gif;base64,R0lGODlhAQABAIAAAAAAAP///yH5BAEAAAAALAAAAAABAAEAAAIBRAA7"
185,ION ISP69 Helios Bluetooth Speaker,"$93.48


",https://www.walmart.ca/en/ip/ion-isp69-helios-bluetooth-speaker/6000197465294,none,"https:data:image/gif;base64,R0lGODlhAQABAIAAAAAAAP///yH5BAEAAAAALAAAAAABAAEAAAIBRAA7"
186,Sony Portable Wireless Bluetooth® Speaker - SRS-XB3/BLK,"$119.99


",https://www.walmart.ca/en/ip/sony-portable-wireless-bluetooth-speaker-srs-xb3blk/6000196168874,none,"https:data:image/gif;base64,R0lGODlhAQABAIAAAAAAAP///yH5BAEAAAAALAAAAAABAAEAAAIBRAA7"
187,ION Audio Cornerstone Waterproof Wireless Outdoor Speaker with Rechargeable Battery,"$360.98


",https://www.walmart.ca/en/ip/ion-audio-cornerstone-waterproof-wireless-outdoor-speaker-with-rechargeable-battery/6000197464382,none,"https:data:image/gif;base64,R0lGODlhAQABAIAAAAAAAP///yH5BAEAAAAALAAAAAABAAEAAAIBRAA7"
188,Luxury Wi-Fi  Speaker by Sharper Image,"$179.98


",https://www.walmart.ca/en/ip/luxury-wi-fi-speaker-by-sharper-image/6000196865312,none,"https:data:image/gif;base64,R0lGODlhAQABAIAAAAAAAP///yH5BAEAAAAALAAAAAABAAEAAAIBRAA7"
189,Top Tech Audio Fully Amplified Portable 2500 Watts Peak Power 15” Speaker with Disco Ball,"$268


",https://www.walmart.ca/en/ip/top-tech-audio-fully-amplified-portable-2500-watts-peak-power-15-speaker-with-disco-ball/6000197445455,none,"https:data:image/gif;base64,R0lGODlhAQABAIAAAAAAAP///yH5BAEAAAAALAAAAAABAAEAAAIBRAA7"
190,4 Piece Sound Entertainment System by Sharper Image,"$159.98


",https://www.walmart.ca/en/ip/4-piece-sound-entertainment-system-by-sharper-image/6000196875615,none,"https:data:image/gif;base64,R0lGODlhAQABAIAAAAAAAP///yH5BAEAAAAALAAAAAABAAEAAAIBRAA7"
191,Electronic Master 250-Ft 4-Wire Speaker Cable (EM6834250),"$299.98


",https://www.walmart.ca/en/ip/electronic-master-250-ft-4-wire-speaker-cable-em6834250/6000187030005,EM6834250,"https:data:image/gif;base64,R0lGODlhAQABAIAAAAAAAP///yH5BAEAAAAALAAAAAABAAEAAAIBRAA7"
192,Divoom ONBEAT-500 Bluetooth 4.0  Charcoal Speaker,"$109.96


",https://www.walmart.ca/en/ip/divoom-onbeat-500-bluetooth-40-charcoal-speaker/6000196615187,none,"https:data:image/gif;base64,R0lGODlhAQABAIAAAAAAAP///yH5BAEAAAAALAAAAAABAAEAAAIBRAA7"
193,Top Tech Audio Portable Rechargeable Bluetooth Speaker,"$18


",https://www.walmart.ca/en/ip/top-tech-audio-portable-rechargeable-bluetooth-speaker/6000197446853,none,"https:data:image/gif;base64,R0lGODlhAQABAIAAAAAAAP///yH5BAEAAAAALAAAAAABAAEAAAIBRAA7"
194,Top Tech Audio Fully Amplified Portable 1200 Watts Peak Power 6.5” Speaker with LED Light,"$108


",https://www.walmart.ca/en/ip/top-tech-audio-fully-amplified-portable-1200-watts-peak-power-65-speaker-with-led-light/6000197445735,none,"https:data:image/gif;base64,R0lGODlhAQABAIAAAAAAAP///yH5BAEAAAAALAAAAAABAAEAAAIBRAA7"
195,Top Tech Audio Fully Amplified Portable 1300 Watts Peak Power Double 6.5” Speaker with LED Light,"$118


",https://www.walmart.ca/en/ip/top-tech-audio-fully-amplified-portable-1300-watts-peak-power-double-65-speaker-with-led-light/6000197443483,none,"https:data:image/gif;base64,R0lGODlhAQABAIAAAAAAAP///yH5BAEAAAAALAAAAAABAAEAAAIBRAA7"
196,ION Audio Cornerstone Glow Wireless Bluetooth® Portable Speaker - Single,"$199.98


",https://www.walmart.ca/en/ip/ion-audio-cornerstone-glow-wireless-bluetooth-portable-speaker-single/6000197464188,none,"https:data:image/gif;base64,R0lGODlhAQABAIAAAAAAAP///yH5BAEAAAAALAAAAAABAAEAAAIBRAA7"
197,Electronic Master 50-Ft 2-Wire Speaker Cable (EM680850),"$112.98


",https://www.walmart.ca/en/ip/electronic-master-50-ft-2-wire-speaker-cable-em680850/6000187030002,EM680850,"https:data:image/gif;base64,R0lGODlhAQABAIAAAAAAAP///yH5BAEAAAAALAAAAAABAAEAAAIBRAA7"
198,Innovative Technology Modern Black Bluetooth Turntable with Speakers,"$148


",https://www.walmart.ca/en/ip/innovative-technology-modern-black-bluetooth-turntable-with-speakers/6000196954447,ITUT-420,"https:data:image/gif;base64,R0lGODlhAQABAIAAAAAAAP///yH5BAEAAAAALAAAAAABAAEAAAIBRAA7"
199,dreamGEAR iSound Road Talk Visor Bluetooth Speaker Phone,"$49.99


",https://www.walmart.ca/en/ip/dreamgear-isound-road-talk-visor-bluetooth-speaker-phone/6000196974583,none,"https:data:image/gif;base64,R0lGODlhAQABAIAAAAAAAP///yH5BAEAAAAALAAAAAABAAEAAAIBRAA7"
200,Sharper Image Plasma Bluetooth Speaker,"$49.97


",https://www.walmart.ca/en/ip/sharper-image-plasma-bluetooth-speaker/6000197542857,none,"https:data:image/gif;base64,R0lGODlhAQABAIAAAAAAAP///yH5BAEAAAAALAAAAAABAAEAAAIBRAA7"
201,Top Tech Audio Portable Rechargeable Bluetooth Speaker with LED Light FM/USB/Micro-SD - Purple,"$42


",https://www.walmart.ca/en/ip/top-tech-audio-portable-rechargeable-bluetooth-speaker-with-led-light-fmusbmicro-sd-purple/6000197446078,none,"https:data:image/gif;base64,R0lGODlhAQABAIAAAAAAAP///yH5BAEAAAAALAAAAAABAAEAAAIBRAA7"
202,"Sylvania 18"" Floor Standing Bluetooth Tower Speaker Black","$34


",https://www.walmart.ca/en/ip/sylvania-18-floor-standing-bluetooth-tower-speaker-black/6000197093131,SP269BK,"https:data:image/gif;base64,R0lGODlhAQABAIAAAAAAAP///yH5BAEAAAAALAAAAAABAAEAAAIBRAA7"
203,Wireless Amplifier Speaker w/ Mirror and LED Light Finish by Sharper Image,"$149.98


",https://www.walmart.ca/en/ip/wireless-amplifier-speaker-w-mirror-and-led-light-finish-by-sharper-image/6000196865276,none,"https:data:image/gif;base64,R0lGODlhAQABAIAAAAAAAP///yH5BAEAAAAALAAAAAABAAEAAAIBRAA7"
204,Pyle Bluetooth Speaker White,"$69.96


",https://www.walmart.ca/en/ip/pyle-bluetooth-speaker-blue/6000195409800,none,"https:data:image/gif;base64,R0lGODlhAQABAIAAAAAAAP///yH5BAEAAAAALAAAAAABAAEAAAIBRAA7"
205,Art & Sound Retro Bluetooth Speaker & FM Radio,"$49.98


",https://www.walmart.ca/en/ip/art-sound-retro-bluetooth-speaker-fm-radio/6000196865507,none,"https:data:image/gif;base64,R0lGODlhAQABAIAAAAAAAP///yH5BAEAAAAALAAAAAABAAEAAAIBRAA7"
206,Altec Lansing IMW577-BLK Life Jacket II Bluetooth Speaker,"$198


",https://www.walmart.ca/en/ip/altec-lansing-imw577-blk-life-jacket-ii-bluetooth-speaker/6000196220817,IMW577,"https:data:image/gif;base64,R0lGODlhAQABAIAAAAAAAP///yH5BAEAAAAALAAAAAABAAEAAAIBRAA7"
207,CTA Digital Bluetooth Speaker Mug with Mug Stand and Real Mugs,"$109.99


",https://www.walmart.ca/en/ip/cta-digital-bluetooth-speaker-mug-with-mug-stand-and-real-mugs/6000196421773,SP-BMSB,"https:data:image/gif;base64,R0lGODlhAQABAIAAAAAAAP///yH5BAEAAAAALAAAAAABAAEAAAIBRAA7"
208,Divoom AuraBox Smart Bluetooth Speaker,"$79.96


",https://www.walmart.ca/en/ip/divoom-aurabox-smart-bluetooth-speaker/6000196615190,none,"https:data:image/gif;base64,R0lGODlhAQABAIAAAAAAAP///yH5BAEAAAAALAAAAAABAAEAAAIBRAA7"
209,Altec Lansing IMW457-BLK Jacket H2O Bluetooth Speaker,"$88.98


",https://www.walmart.ca/en/ip/altec-lansing-imw457-blk-jacket-h2o-bluetooth-speaker/6000196220805,IMW457,"https:data:image/gif;base64,R0lGODlhAQABAIAAAAAAAP///yH5BAEAAAAALAAAAAABAAEAAAIBRAA7"
210,Top Tech Audio Fully Amplified Portable 1800 Watts Peak Power 10” Speaker with Disco Ball - Grey,"$178


",https://www.walmart.ca/en/ip/top-tech-audio-fully-amplified-portable-1800-watts-peak-power-10-speaker-with-disco-ball-grey/6000197443835,none,"https:data:image/gif;base64,R0lGODlhAQABAIAAAAAAAP///yH5BAEAAAAALAAAAAABAAEAAAIBRAA7"
211,Verbatim 2-in-1 Water Resistant Lantern Speaker,"$79.98


",https://www.walmart.ca/en/ip/verbatim-2-in-1-water-resistant-lantern-speaker/6000196297649,98594,"https:data:image/gif;base64,R0lGODlhAQABAIAAAAAAAP///yH5BAEAAAAALAAAAAABAAEAAAIBRAA7"
212,Polk Audio T15 Bookshelf Speakers,"$199.99


",https://www.walmart.ca/en/ip/polk-audio-t15-bookshelf-speakers/6000196677519,AM1565-C,"https:data:image/gif;base64,R0lGODlhAQABAIAAAAAAAP///yH5BAEAAAAALAAAAAABAAEAAAIBRAA7"
213,CTA Digital Anti-Theft Outdoor Bluetooth Speaker with Security Cable,"$94.99


",https://www.walmart.ca/en/ip/cta-digital-anti-theft-outdoor-bluetooth-speaker-with-security-cable/6000196421770,SP-ATO,"https:data:image/gif;base64,R0lGODlhAQABAIAAAAAAAP///yH5BAEAAAAALAAAAAABAAEAAAIBRAA7"
214,Samsung MXJS8000 Giga Sound Stereo System,"$1,479.98


",https://www.walmart.ca/en/ip/samsung-mxjs8000-giga-sound-stereo-system/6000196875741,none,"https:data:image/gif;base64,R0lGODlhAQABAIAAAAAAAP///yH5BAEAAAAALAAAAAABAAEAAAIBRAA7"
215,Bluetooth Shower Speaker w/FM radio and LED Backlight by Art+Sound,"$44.98


",https://www.walmart.ca/en/ip/bluetooth-shower-speaker-wfm-radio-and-led-backlight-by-artsound/6000196865513,none,"https:data:image/gif;base64,R0lGODlhAQABAIAAAAAAAP///yH5BAEAAAAALAAAAAABAAEAAAIBRAA7"
216,Electronic Master 50-Ft 2-Wire Speaker Cable (EM681650),"$32.98


",https://www.walmart.ca/en/ip/electronic-master-50-ft-2-wire-speaker-cable-em681650/6000187030014,EM681650,"https:data:image/gif;base64,R0lGODlhAQABAIAAAAAAAP///yH5BAEAAAAALAAAAAABAAEAAAIBRAA7"
217,Divoom Voombox-Outdoor Red Bluetooth Speaker,"$109.96


",https://www.walmart.ca/en/ip/divoom-voombox-outdoor-red-bluetooth-speaker/6000196615164,none,"https:data:image/gif;base64,R0lGODlhAQABAIAAAAAAAP///yH5BAEAAAAALAAAAAABAAEAAAIBRAA7"
218,Verbatim Mini Wireless Waterproof Bluetooth® Speaker,"$54.98


",https://www.walmart.ca/en/ip/verbatim-mini-wireless-waterproof-bluetooth-speaker/6000196295446,98592,"https:data:image/gif;base64,R0lGODlhAQABAIAAAAAAAP///yH5BAEAAAAALAAAAAABAAEAAAIBRAA7"
219,Altec Lansing Mini H2O Bluetooth Speaker Mint,"$49.98


",https://www.walmart.ca/en/ip/altec-lansing-mini-h2o-bluetooth-speaker-aqua/6000196220799,IMW257,"https:data:image/gif;base64,R0lGODlhAQABAIAAAAAAAP///yH5BAEAAAAALAAAAAABAAEAAAIBRAA7"
220,Wireless Speaker System with Built-in Light Show,"$147


",https://www.walmart.ca/en/ip/wireless-speaker-system-with-built-in-light-show/6000197465072,none,"https:data:image/gif;base64,R0lGODlhAQABAIAAAAAAAP///yH5BAEAAAAALAAAAAABAAEAAAIBRAA7"
221,Top Tech Audio Portable Bluetooth Speaker with FM/USB/Micro-SD - Red,"$48


",https://www.walmart.ca/en/ip/top-tech-audio-portable-bluetooth-speaker-with-fmusbmicro-sd-red/6000197447474,none,"https:data:image/gif;base64,R0lGODlhAQABAIAAAAAAAP///yH5BAEAAAAALAAAAAABAAEAAAIBRAA7"
222,Polk Audio Atrium 5 All-Weather Outdoor Black Speakers,"$434.99


",https://www.walmart.ca/en/ip/polk-audio-atrium-5-all-weather-outdoor-black-speakers/6000196645782,AM5085-A,"https:data:image/gif;base64,R0lGODlhAQABAIAAAAAAAP///yH5BAEAAAAALAAAAAABAAEAAAIBRAA7"
223,2 Pair of Bluetooth Tower Speakers w/ LED Light Show by Sharper Image,"$149.90


",https://www.walmart.ca/en/ip/2-pair-of-bluetooth-tower-speakers-w-led-light-show-by-sharper-image/6000196865270,none,"https:data:image/gif;base64,R0lGODlhAQABAIAAAAAAAP///yH5BAEAAAAALAAAAAABAAEAAAIBRAA7"
224,Sharper Image SBT651 Rechargeable Bluetooth Disco Ball Speaker,"$39.98


",https://www.walmart.ca/en/ip/sharper-image-sbt651-rechargeable-bluetooth-disco-ball-speaker/6000196865267,none,"https:data:image/gif;base64,R0lGODlhAQABAIAAAAAAAP///yH5BAEAAAAALAAAAAABAAEAAAIBRAA7"
225,Top Tech Audio Portable Bluetooth Speaker with FM Radio - White,"$28


",https://www.walmart.ca/en/ip/top-tech-audio-portable-bluetooth-speaker-with-fm-radio-white/6000197444911,none,"https:data:image/gif;base64,R0lGODlhAQABAIAAAAAAAP///yH5BAEAAAAALAAAAAABAAEAAAIBRAA7"
226,JBL Clip 2 Ultra Portable Black Bluetooth Speaker,"$79.99


",https://www.walmart.ca/en/ip/jbl-clip-2-ultra-portable-black-bluetooth-speaker/6000196929665,JBLCLIP2BLKAM,"https:data:image/gif;base64,R0lGODlhAQABAIAAAAAAAP///yH5BAEAAAAALAAAAAABAAEAAAIBRAA7"
227,Luxury Wi-Fi  Speaker by Sharper Image,"$149.98


",https://www.walmart.ca/en/ip/luxury-wi-fi-speaker-by-sharper-image/6000196865309,none,"https:data:image/gif;base64,R0lGODlhAQABAIAAAAAAAP///yH5BAEAAAAALAAAAAABAAEAAAIBRAA7"
228,Polk Audio Atrium8 SDI All-Weather Single Outdoor Speaker,"$329.99


",https://www.walmart.ca/en/ip/polk-audio-atrium8-sdi-all-weather-single-outdoor-speaker/6000196645820,AM8088-A,"https:data:image/gif;base64,R0lGODlhAQABAIAAAAAAAP///yH5BAEAAAAALAAAAAABAAEAAAIBRAA7"
229,DREAMWAVE EXPLORER - Portable Bluetooth Speaker,"$199.99


",https://www.walmart.ca/en/ip/dreamwave-explorer-portable-bluetooth-speaker/6000197085842,none,"https:data:image/gif;base64,R0lGODlhAQABAIAAAAAAAP///yH5BAEAAAAALAAAAAABAAEAAAIBRAA7"
230,"Polk Audio PSW110 10"" 100W Powered Black Subwoofer","$399.99


",https://www.walmart.ca/en/ip/polk-audio-psw110-10-100w-powered-black-subwoofer/6000196645772,AM1135-A,"https:data:image/gif;base64,R0lGODlhAQABAIAAAAAAAP///yH5BAEAAAAALAAAAAABAAEAAAIBRAA7"
231,Sharper Image SBT603 Waterproof Floating Bluetooth Speaker,"$64.98


",https://www.walmart.ca/en/ip/sharper-image-sbt603-waterproof-floating-bluetooth-speaker/6000196865237,none,"https:data:image/gif;base64,R0lGODlhAQABAIAAAAAAAP///yH5BAEAAAAALAAAAAABAAEAAAIBRAA7"
232,Sharper Image SBT635 Portable Bluetooth Speaker Gray,"$54.98


",https://www.walmart.ca/en/ip/sharper-image-sbt635-portable-bluetooth-speaker-gold/6000196865474,none,"https:data:image/gif;base64,R0lGODlhAQABAIAAAAAAAP///yH5BAEAAAAALAAAAAABAAEAAAIBRAA7"
233,SONY SRS-XB10/RED Portable Wireless Speaker Red,"$59.98


",https://www.walmart.ca/en/ip/sony-srs-xb10red-portable-wireless-speaker-black/6000196928360,none,"https:data:image/gif;base64,R0lGODlhAQABAIAAAAAAAP///yH5BAEAAAAALAAAAAABAAEAAAIBRAA7"
234,Top Tech Audio Portable Bluetooth Speaker with FM/USb/Micro-SD - Black,"$38


",https://www.walmart.ca/en/ip/top-tech-audio-portable-bluetooth-speaker-with-fmusbmicro-sd-black/6000197448031,none,"https:data:image/gif;base64,R0lGODlhAQABAIAAAAAAAP///yH5BAEAAAAALAAAAAABAAEAAAIBRAA7"
235,DREAMWAVE ELEMENTAL:<br>Portable Bluetooth Speaker,"$299.99


",https://www.walmart.ca/en/ip/dreamwave-elemental-portable-bluetooth-speaker/6000197085836,none,"https:data:image/gif;base64,R0lGODlhAQABAIAAAAAAAP///yH5BAEAAAAALAAAAAABAAEAAAIBRAA7"
236,Sharper Image SBT634 Rechargeable Bluetooth Fabric Sphere Speaker,"$49.98


",https://www.walmart.ca/en/ip/sharper-image-sbt634-rechargeable-bluetooth-fabric-sphere-speaker/6000196865261,none,"https:data:image/gif;base64,R0lGODlhAQABAIAAAAAAAP///yH5BAEAAAAALAAAAAABAAEAAAIBRAA7"
237,Top Tech Audio Fully Amplified Portable 1300 Watts Peak Power 8” Speaker with LED Light,"$138


",https://www.walmart.ca/en/ip/top-tech-audio-fully-amplified-portable-1300-watts-peak-power-8-speaker-with-led-light/6000197444946,none,"https:data:image/gif;base64,R0lGODlhAQABAIAAAAAAAP///yH5BAEAAAAALAAAAAABAAEAAAIBRAA7"
238,Top Tech Audio Fully Amplified Portable 1300 Watts Peak Power 8” Speaker with LED Light,"$138


",https://www.walmart.ca/en/ip/top-tech-audio-fully-amplified-portable-1300-watts-peak-power-8-speaker-with-led-light/6000197446848,none,"https:data:image/gif;base64,R0lGODlhAQABAIAAAAAAAP///yH5BAEAAAAALAAAAAABAAEAAAIBRAA7"
239,Electronic Master 50-Ft 2-Wire Speaker Cable (EM681250),"$38.98


",https://www.walmart.ca/en/ip/electronic-master-50-ft-2-wire-speaker-cable-em681250/6000187029968,EM681250,"https:data:image/gif;base64,R0lGODlhAQABAIAAAAAAAP///yH5BAEAAAAALAAAAAABAAEAAAIBRAA7"
240,Scosche Bluetooth FM Transmitter with USB Port,"$59.96


",https://www.walmart.ca/en/ip/scosche-bluetooth-fm-transmitter-with-usb-port/6000196028032,none,"https:data:image/gif;base64,R0lGODlhAQABAIAAAAAAAP///yH5BAEAAAAALAAAAAABAAEAAAIBRAA7"
241,Monster Nomad Portable Indoor/Outdoor Wireless Speaker - Grey,"$219.96


",https://www.walmart.ca/en/ip/monster-nomad-portable-indooroutdoor-wireless-speaker-grey/6000196943250,MNMD-S-MC-C,"https:data:image/gif;base64,R0lGODlhAQABAIAAAAAAAP///yH5BAEAAAAALAAAAAABAAEAAAIBRAA7"
242,Electronic Master 250-Ft 2-Wire Speaker Cable (EM6824250),"$174.98


",https://www.walmart.ca/en/ip/electronic-master-250-ft-2-wire-speaker-cable-em6824250/6000187029984,EM6824250,"https:data:image/gif;base64,R0lGODlhAQABAIAAAAAAAP///yH5BAEAAAAALAAAAAABAAEAAAIBRAA7"
243,Polaroid PBT4001 Bluetooth Turntable Blue,"$119.97


",https://www.walmart.ca/en/ip/polaroid-pbt4001-bluetooth-turntable-red/6000197545513,PBT4001RD,"https:data:image/gif;base64,R0lGODlhAQABAIAAAAAAAP///yH5BAEAAAAALAAAAAABAAEAAAIBRAA7"
244,Ion Sound Shine with<br>App Control<br>(Single)<br>Wireless Speaker with Built-in Lighting,"$49.98


",https://www.walmart.ca/en/ip/ion-sound-shine-with-app-control-single-wireless-speaker-with-built-in-lighting/6000197465253,ISP38,"https:data:image/gif;base64,R0lGODlhAQABAIAAAAAAAP///yH5BAEAAAAALAAAAAABAAEAAAIBRAA7"
245,Top Tech Audio Triple 12’’ Amplified 5000 Watts Peak Power Party Speaker,"$448


",https://www.walmart.ca/en/ip/top-tech-audio-triple-12-amplified-5000-watts-peak-power-party-speaker/6000197446411,none,"https:data:image/gif;base64,R0lGODlhAQABAIAAAAAAAP///yH5BAEAAAAALAAAAAABAAEAAAIBRAA7"
246,Top Tech Audio Portable Bluetooth Speaker with FM/USB/Micro-SD - Blue,"$48


",https://www.walmart.ca/en/ip/top-tech-audio-portable-bluetooth-speaker-with-fmusbmicro-sd-blue/6000197447015,none,"https:data:image/gif;base64,R0lGODlhAQABAIAAAAAAAP///yH5BAEAAAAALAAAAAABAAEAAAIBRAA7"
247,Top Tech Audio Fully Amplified 2500 Watts Peak Power Double 10” Party Speaker,"$228


",https://www.walmart.ca/en/ip/top-tech-audio-fully-amplified-2500-watts-peak-power-double-10-party-speaker/6000197446081,none,"https:data:image/gif;base64,R0lGODlhAQABAIAAAAAAAP///yH5BAEAAAAALAAAAAABAAEAAAIBRAA7"
248,"QFX ""Bach"" Multi-room Wi-Fi and Bluetooth Speaker","$249.99


",https://www.walmart.ca/en/ip/qfx-bach-multi-room-wi-fi-and-bluetooth-speaker/6000196544454,E-250,"https:data:image/gif;base64,R0lGODlhAQABAIAAAAAAAP///yH5BAEAAAAALAAAAAABAAEAAAIBRAA7"
249,Sharper Image SBT623 2 Pair Bluetooth Speakers With LED Light Show,"$44.98


",https://www.walmart.ca/en/ip/sharper-image-sbt623-2-pair-bluetooth-speakers-with-led-light-show/6000196865465,none,"https:data:image/gif;base64,R0lGODlhAQABAIAAAAAAAP///yH5BAEAAAAALAAAAAABAAEAAAIBRAA7"
250,JBL Flip Portable Bluetooth speaker with bass port Black,"$129.98


",https://www.walmart.ca/en/ip/jbl-flip-portable-bluetooth-speaker-with-bass-port-blue/6000192660358,JBLFLIPIIBLUAM,"https:data:image/gif;base64,R0lGODlhAQABAIAAAAAAAP///yH5BAEAAAAALAAAAAABAAEAAAIBRAA7"
251,Electronic Master 100-Ft 2-Wire Speaker Cable (EM6810100),"$85.98


",https://www.walmart.ca/en/ip/electronic-master-100-ft-2-wire-speaker-cable-em6810100/6000187029977,EM6810100,"https:data:image/gif;base64,R0lGODlhAQABAIAAAAAAAP///yH5BAEAAAAALAAAAAABAAEAAAIBRAA7"
252,Top Tech Audio Portable Bluetooth Speaker with FM/USB/Micro-SD - Red,"$38


",https://www.walmart.ca/en/ip/top-tech-audio-portable-bluetooth-speaker-with-fmusbmicro-sd-red/6000197445969,none,"https:data:image/gif;base64,R0lGODlhAQABAIAAAAAAAP///yH5BAEAAAAALAAAAAABAAEAAAIBRAA7"
253,Top Tech Audio Fully Powered 500 Watts Portable Multimedia Speaker - Black,"$74


",https://www.walmart.ca/en/ip/top-tech-audio-fully-powered-500-watts-portable-multimedia-speaker-black/6000197446172,none,"https:data:image/gif;base64,R0lGODlhAQABAIAAAAAAAP///yH5BAEAAAAALAAAAAABAAEAAAIBRAA7"
254,Polk Audio MagniFi One 250W Sound Bar with Wireless Subwoofer,"$399.99


",https://www.walmart.ca/en/ip/polk-audio-magnifi-one-250w-sound-bar-with-wireless-subwoofer/6000196389560,AM8114-A,"https:data:image/gif;base64,R0lGODlhAQABAIAAAAAAAP///yH5BAEAAAAALAAAAAABAAEAAAIBRAA7"
255,Ion Sound Shine with<br>App Control (Pair)<br>Wireless Light Bulb Speakers,"$66


",https://www.walmart.ca/en/ip/ion-sound-shine-with-app-control-pair-wireless-light-bulb-speakers/6000197465060,ISP38P,"https:data:image/gif;base64,R0lGODlhAQABAIAAAAAAAP///yH5BAEAAAAALAAAAAABAAEAAAIBRAA7"
256,Top Tech Audio Fully Amplified 4500 Watts Peak Power 15” 2- Way Speaker,"$368


",https://www.walmart.ca/en/ip/top-tech-audio-fully-amplified-4500-watts-peak-power-15-2-way-speaker/6000197447768,none,"https:data:image/gif;base64,R0lGODlhAQABAIAAAAAAAP///yH5BAEAAAAALAAAAAABAAEAAAIBRAA7"
257,Wireless Amplifier Speaker by Sharper Image,"$109.98


",https://www.walmart.ca/en/ip/wireless-amplifier-speaker-by-sharper-image/6000196865279,none,"https:data:image/gif;base64,R0lGODlhAQABAIAAAAAAAP///yH5BAEAAAAALAAAAAABAAEAAAIBRAA7"
258,Top Tech Audio Fully Amplified Portable 1800 Watts Peak Power 10” Speaker with Disco Ball - Red,"$178


",https://www.walmart.ca/en/ip/top-tech-audio-fully-amplified-portable-1800-watts-peak-power-10-speaker-with-disco-ball-red/6000197447313,none,"https:data:image/gif;base64,R0lGODlhAQABAIAAAAAAAP///yH5BAEAAAAALAAAAAABAAEAAAIBRAA7"
259,Divoom Voombox-Travel 3rd Generation Blue Bluetooth Speaker,"$49.96


",https://www.walmart.ca/en/ip/divoom-voombox-travel-3rd-generation-blue-bluetooth-speaker/6000196615179,none,"https:data:image/gif;base64,R0lGODlhAQABAIAAAAAAAP///yH5BAEAAAAALAAAAAABAAEAAAIBRAA7"
260,Top Tech Audio Fully Amplified Portable 3500 Watts Peak Power Double 12” Speaker,"$398


",https://www.walmart.ca/en/ip/top-tech-audio-fully-amplified-portable-3500-watts-peak-power-double-12-speaker/6000197443751,none,"https:data:image/gif;base64,R0lGODlhAQABAIAAAAAAAP///yH5BAEAAAAALAAAAAABAAEAAAIBRAA7"
261,Polk Audio BOOM Swimmer Jr. Grey Bluetooth Speaker,"$54.99


",https://www.walmart.ca/en/ip/polk-audio-boom-swimmer-jr-grey-bluetooth-speaker/6000196389565,SMJGM-A,"https:data:image/gif;base64,R0lGODlhAQABAIAAAAAAAP///yH5BAEAAAAALAAAAAABAAEAAAIBRAA7"
262,Mental Beats Retro Style Bluetooth Speaker Black,"$48


",https://www.walmart.ca/en/ip/mental-beats-retro-style-bluetooth-speaker-black/6000197372614,72285,"https:data:image/gif;base64,R0lGODlhAQABAIAAAAAAAP///yH5BAEAAAAALAAAAAABAAEAAAIBRAA7"
263,dreamGEAR iSound iGlowSound Tower Rechargeable Bluetooth Speaker,"$124.99


",https://www.walmart.ca/en/ip/dreamgear-isound-iglowsound-tower-rechargeable-bluetooth-speaker/6000196974586,none,"https:data:image/gif;base64,R0lGODlhAQABAIAAAAAAAP///yH5BAEAAAAALAAAAAABAAEAAAIBRAA7"
264,Top Tech Audio Fully Amplified Portable 1500 Watts Peak Power 8” Speaker with LED Light,"$118


",https://www.walmart.ca/en/ip/top-tech-audio-fully-amplified-portable-1500-watts-peak-power-8-speaker-with-led-light/6000197444284,none,"https:data:image/gif;base64,R0lGODlhAQABAIAAAAAAAP///yH5BAEAAAAALAAAAAABAAEAAAIBRAA7"
265,Top Tech Audio Portable Bluetooth Speaker with FM Radio - Red,"$28


",https://www.walmart.ca/en/ip/top-tech-audio-portable-bluetooth-speaker-with-fm-radio-red/6000197443945,none,"https:data:image/gif;base64,R0lGODlhAQABAIAAAAAAAP///yH5BAEAAAAALAAAAAABAAEAAAIBRAA7"
266,Electronic Master 100-Ft 2-Wire Speaker Cable (EM6816100),"$35.98


",https://www.walmart.ca/en/ip/electronic-master-100-ft-2-wire-speaker-cable-em6816100/6000187029987,EM6816100,"https:data:image/gif;base64,R0lGODlhAQABAIAAAAAAAP///yH5BAEAAAAALAAAAAABAAEAAAIBRAA7"
267,Bluetooth Speaker w/ Lightshow by Sharper Image,"$54.98


",https://www.walmart.ca/en/ip/bluetooth-speaker-w-lightshow-by-sharper-image/6000196865483,none,"https:data:image/gif;base64,R0lGODlhAQABAIAAAAAAAP///yH5BAEAAAAALAAAAAABAAEAAAIBRAA7"
268,SONY SRS-XB20/BLK Portable Wireless Speaker Blue,"$129.88


",https://www.walmart.ca/en/ip/sony-srs-xb20blk-portable-wireless-speaker-blue/6000196928369,none,"https:data:image/gif;base64,R0lGODlhAQABAIAAAAAAAP///yH5BAEAAAAALAAAAAABAAEAAAIBRAA7"
269,Top Tech Audio Portable Bluetooth Speaker with FM/USb/Micro-SD - Blue,"$38


",https://www.walmart.ca/en/ip/top-tech-audio-portable-bluetooth-speaker-with-fmusbmicro-sd-blue/6000197445359,none,"https:data:image/gif;base64,R0lGODlhAQABAIAAAAAAAP///yH5BAEAAAAALAAAAAABAAEAAAIBRAA7"
270,Polk Audio Atrium8 SDI All-Weather Single Outdoor Speaker,"$329.99


",https://www.walmart.ca/en/ip/polk-audio-atrium8-sdi-all-weather-single-outdoor-speaker/6000196677531,AM8085-A,"https:data:image/gif;base64,R0lGODlhAQABAIAAAAAAAP///yH5BAEAAAAALAAAAAABAAEAAAIBRAA7"
271,Love Struck Emoji Speaker by Art+Sound,"$24.98


",https://www.walmart.ca/en/ip/love-struck-emoji-speaker-by-artsound/6000196865369,none,"https:data:image/gif;base64,R0lGODlhAQABAIAAAAAAAP///yH5BAEAAAAALAAAAAABAAEAAAIBRAA7"
272,Top Tech Audio Portable Bluetooth Speaker with FM/USB/Micro-SD - Red,"$42


",https://www.walmart.ca/en/ip/top-tech-audio-portable-bluetooth-speaker-with-fmusbmicro-sd-red/6000197447763,none,"https:data:image/gif;base64,R0lGODlhAQABAIAAAAAAAP///yH5BAEAAAAALAAAAAABAAEAAAIBRAA7"
273,Polk Audio Omni S2 Multi-Room Wireless Speaker,"$249.99


",https://www.walmart.ca/en/ip/polk-audio-omni-s2-multi-room-wireless-speaker/6000196677525,AM6912-A,"https:data:image/gif;base64,R0lGODlhAQABAIAAAAAAAP///yH5BAEAAAAALAAAAAABAAEAAAIBRAA7"
274,Ion Spectraboom Stereo Wireless Boombox with Lighted Speakers,"$294


",https://www.walmart.ca/en/ip/ion-spectraboom-stereo-wireless-boombox-with-lighted-speakers/6000197464777,ISP54,"https:data:image/gif;base64,R0lGODlhAQABAIAAAAAAAP///yH5BAEAAAAALAAAAAABAAEAAAIBRAA7"
275,Polk Audio BOOM Swimmer Jr. Black Bluetooth Speaker,"$54.99


",https://www.walmart.ca/en/ip/polk-audio-boom-swimmer-jr-black-bluetooth-speaker/6000196082679,SMJBK-A,"https:data:image/gif;base64,R0lGODlhAQABAIAAAAAAAP///yH5BAEAAAAALAAAAAABAAEAAAIBRAA7"
276,Polk Audio BOOM Swimmer Duo Green Bluetooth Speaker,"$79.99


",https://www.walmart.ca/en/ip/polk-audio-boom-swimmer-duo-green-bluetooth-speaker/6000196389570,SMNGO-A,"https:data:image/gif;base64,R0lGODlhAQABAIAAAAAAAP///yH5BAEAAAAALAAAAAABAAEAAAIBRAA7"
277,Top Tech Audio Portable Bluetooth Speaker with FM/USb/Micro-SD - White,"$38


",https://www.walmart.ca/en/ip/top-tech-audio-portable-bluetooth-speaker-with-fmusbmicro-sd-white/6000197446699,none,"https:data:image/gif;base64,R0lGODlhAQABAIAAAAAAAP///yH5BAEAAAAALAAAAAABAAEAAAIBRAA7"
278,Divoom Voombox-Outdoor Black Bluetooth Speaker,"$109.96


",https://www.walmart.ca/en/ip/divoom-voombox-outdoor-black-bluetooth-speaker/6000196615158,none,"https:data:image/gif;base64,R0lGODlhAQABAIAAAAAAAP///yH5BAEAAAAALAAAAAABAAEAAAIBRAA7"
279,dreamGEAR iSound Bassonix Rechargeable Bluetooth Speaker,"$124.99


",https://www.walmart.ca/en/ip/dreamgear-isound-bassonix-rechargeable-bluetooth-speaker/6000196974613,none,"https:data:image/gif;base64,R0lGODlhAQABAIAAAAAAAP///yH5BAEAAAAALAAAAAABAAEAAAIBRAA7"
280,Divoom Voombox-Party 2nd Generation Silver Speaker,"$149.96


",https://www.walmart.ca/en/ip/divoom-voombox-party-2nd-generation-silver-speaker/6000196615196,none,"https:data:image/gif;base64,R0lGODlhAQABAIAAAAAAAP///yH5BAEAAAAALAAAAAABAAEAAAIBRAA7"
281,Top Tech Audio Fully Amplified Portable 2000 Watts Peak Power 12” Speaker with LED Light,"$198


",https://www.walmart.ca/en/ip/top-tech-audio-fully-amplified-portable-2000-watts-peak-power-12-speaker-with-led-light/6000197447547,none,"https:data:image/gif;base64,R0lGODlhAQABAIAAAAAAAP///yH5BAEAAAAALAAAAAABAAEAAAIBRAA7"
282,Glitter Bomb Motion Lamp & Speaker - Purple Blue,"$39.98


",https://www.walmart.ca/en/ip/glitter-bomb-motion-lamp-speaker-purple-pink/6000196865189,LBT503BKBL,"https:data:image/gif;base64,R0lGODlhAQABAIAAAAAAAP///yH5BAEAAAAALAAAAAABAAEAAAIBRAA7"
283,Top Tech Audio Fully Amplified Portable 3000 Watts Peak Power 15” Speaker with LED Light,"$278


",https://www.walmart.ca/en/ip/top-tech-audio-fully-amplified-portable-3000-watts-peak-power-15-speaker-with-led-light/6000197443809,none,"https:data:image/gif;base64,R0lGODlhAQABAIAAAAAAAP///yH5BAEAAAAALAAAAAABAAEAAAIBRAA7"
284,Top Tech Audio Portable Rechargeable Bluetooth Speaker with LED Light - Black,"$38


",https://www.walmart.ca/en/ip/top-tech-audio-portable-rechargeable-bluetooth-speaker-with-led-light-black/6000197446084,none,"https:data:image/gif;base64,R0lGODlhAQABAIAAAAAAAP///yH5BAEAAAAALAAAAAABAAEAAAIBRAA7"
285,Rugged Bluetooth Speaker by Sharper Image,"$54.98


",https://www.walmart.ca/en/ip/rugged-bluetooth-speaker-by-sharper-image/6000196865240,none,"https:data:image/gif;base64,R0lGODlhAQABAIAAAAAAAP///yH5BAEAAAAALAAAAAABAAEAAAIBRAA7"
286,Polaroid Wi-fi and Bluetooth enabled Speaker,"$129.98


",https://www.walmart.ca/en/ip/polaroid-wi-fi-and-bluetooth-enabled-speaker/6000196865393,none,"https:data:image/gif;base64,R0lGODlhAQABAIAAAAAAAP///yH5BAEAAAAALAAAAAABAAEAAAIBRAA7"
287,Sony Portable Bluetooth&nbsp;Wireless Speaker - SRS-XB3/BLUE,"$198


",https://www.walmart.ca/en/ip/sony-portable-bluetoothwireless-speaker-srs-xb3blue/6000196274238,SRSXB3/BLUE,"https:data:image/gif;base64,R0lGODlhAQABAIAAAAAAAP///yH5BAEAAAAALAAAAAABAAEAAAIBRAA7"
288,Ion Solar Stone Glow (single) Wireless Rechargeable Speaker with Ambient Lighting,"$227


",https://www.walmart.ca/en/ip/ion-solar-stone-glow-single-wireless-rechargeable-speaker-with-ambient-lighting/6000197465388,ISP80,"https:data:image/gif;base64,R0lGODlhAQABAIAAAAAAAP///yH5BAEAAAAALAAAAAABAAEAAAIBRAA7"
289,Bluetooth Wireless Light Show Party Speaker - Black Blue,"$29.98


",https://www.walmart.ca/en/ip/bluetooth-wireless-light-show-party-speaker-black-pink/6000196865210,LBT505PK,"https:data:image/gif;base64,R0lGODlhAQABAIAAAAAAAP///yH5BAEAAAAALAAAAAABAAEAAAIBRAA7"
290,Top Tech Audio Fully amplified 1200 Watts Peak Power 8” 2-Way Speaker,"$179.99


",https://www.walmart.ca/en/ip/top-tech-audio-fully-amplified-1200-watts-peak-power-8-2-way-speaker/6000197445000,none,"https:data:image/gif;base64,R0lGODlhAQABAIAAAAAAAP///yH5BAEAAAAALAAAAAABAAEAAAIBRAA7"
291,Logiix Piston Wireless Bluetooth Speaker Lavender,"$49.95


",https://www.walmart.ca/en/ip/logiix-piston-wireless-bluetooth-speaker-gun-metal/6000196791646,none,"https:data:image/gif;base64,R0lGODlhAQABAIAAAAAAAP///yH5BAEAAAAALAAAAAABAAEAAAIBRAA7"
292,"Sharper Image 17.5"" Classic Retro Style Lava Lamp & Bluetooth Speaker Pink","$68.98


",https://www.walmart.ca/en/ip/sharper-image-175-classic-retro-style-lava-lamp-bluetooth-speaker-green/6000196865102,none,"https:data:image/gif;base64,R0lGODlhAQABAIAAAAAAAP///yH5BAEAAAAALAAAAAABAAEAAAIBRAA7"
293,Polk Audio Omni A1 75W Multi-Room Wireless Amplifier,"$549.95


",https://www.walmart.ca/en/ip/polk-audio-omni-a1-75w-multi-room-wireless-amplifier/6000196645794,AM6910-A,"https:data:image/gif;base64,R0lGODlhAQABAIAAAAAAAP///yH5BAEAAAAALAAAAAABAAEAAAIBRAA7"
294,Polk Audio T30 100W 2-Way Center Channel Speaker,"$199.99


",https://www.walmart.ca/en/ip/polk-audio-t30-100w-2-way-center-channel-speaker/6000196677528,AM7030-A,"https:data:image/gif;base64,R0lGODlhAQABAIAAAAAAAP///yH5BAEAAAAALAAAAAABAAEAAAIBRAA7"
295,Polaroid Bluetooth Disco Kaleidoscope Party Speaker Pink,"$27.98


",https://www.walmart.ca/en/ip/polaroid-bluetooth-disco-kaleidoscope-party-speaker-black/6000196875603,none,"https:data:image/gif;base64,R0lGODlhAQABAIAAAAAAAP///yH5BAEAAAAALAAAAAABAAEAAAIBRAA7"
296,Glitter Fabric Fun Bluetooth Speaker Purple,"$29.98


",https://www.walmart.ca/en/ip/glitter-fabric-fun-bluetooth-speaker-pink/6000196865198,LBT504BL,"https:data:image/gif;base64,R0lGODlhAQABAIAAAAAAAP///yH5BAEAAAAALAAAAAABAAEAAAIBRAA7"
297,Sharper Image SBT1021 Infinity Lights Bluetooth Tower Speaker,"$149.98


",https://www.walmart.ca/en/ip/sharper-image-sbt1021-infinity-lights-bluetooth-tower-speaker/6000196865273,none,"https:data:image/gif;base64,R0lGODlhAQABAIAAAAAAAP///yH5BAEAAAAALAAAAAABAAEAAAIBRAA7"
298,Polk Audio Atrium 6 All-Weather Outdoor Black Speakers,"$529.99


",https://www.walmart.ca/en/ip/polk-audio-atrium-6-all-weather-outdoor-black-speakers/6000196645788,AM6085-A,"https:data:image/gif;base64,R0lGODlhAQABAIAAAAAAAP///yH5BAEAAAAALAAAAAABAAEAAAIBRAA7"
299,Polk Audio Omni S2R Rechargeable Multi-Room Wireless Speaker,"$349.99


",https://www.walmart.ca/en/ip/polk-audio-omni-s2r-rechargeable-multi-room-wireless-speaker/6000196645801,AM6913-A,"https:data:image/gif;base64,R0lGODlhAQABAIAAAAAAAP///yH5BAEAAAAALAAAAAABAAEAAAIBRAA7"
