IDValues,Name,Price,link,ModelNumber,Image
0,HP® Officejet Pro 8710 All-in-One Wireless Duplex Colour Inkjet Printer (M9L66A#B1H),$119.65,https://www.staples.ca/en/HP-Officejet-Pro-8710-All-in-One-Wireless-Duplex-Colour-Inkjet-Printer-M9L66A-B1H-/product_2091478_2-CA_1_20001,M9L66A#B1H,
1,Brother MFC-J6930DW Business Smart Pro Colour Inkjet Printer (MFCJ6930DW),$379.99,https://www.staples.ca/en/Brother-MFC-J6930DW-Business-Smart-Pro-Colour-Inkjet-Printer-MFCJ6930DW-/product_2496294_2-CA_1_20001,MFCJ6930DW,
2,Canon imageCLASS MF414dw Wireless Laser Multifunction Printer (0291C020),$499.99,https://www.staples.ca/en/Canon-imageCLASS-MF414dw-Wireless-Laser-Multifunction-Printer-0291C020-/product_2093555_2-CA_1_20001,0291C020,
3,HP® OfficeJet 3830 All-in-One Inkjet Printer (K7V40A#B1H),$79.96,https://www.staples.ca/en/HP-OfficeJet-3830-All-in-One-Inkjet-Printer-K7V40A-B1H-/product_1775790_2-CA_1_20001,K7V40A#B1H,
4,Brother HL-L5000D Duplex Monochrome Laser Printer,$149.99,https://www.staples.ca/en/Brother-HL-L5000D-Duplex-Monochrome-Laser-Printer/product_2129327_2-CA_1_20001,HL-L5000D,
5,Canon PIXMA MX532 Wireless Colour All-in-One Inkjet Printer (8750B003),$129.92,https://www.staples.ca/en/Canon-PIXMA-MX532-Wireless-Colour-All-in-One-Inkjet-Printer-8750B003-/product_577808_2-CA_1_20001,8750B003,
6,Brother HL-L2320D Monochrome Laser Printer (HLL2320D),$159.83,https://www.staples.ca/en/Brother-HL-L2320D-Monochrome-Laser-Printer-HLL2320D-/product_1074269_2-CA_1_20001,HL-L2320D,
7,Brother MFC-J6530DW Business Smart Pro Colour Inkjet Printer (MFCJ6530DW),$299.99,https://www.staples.ca/en/Brother-MFC-J6530DW-Business-Smart-Pro-Colour-Inkjet-Printer-MFCJ6530DW-/product_2496246_2-CA_1_20001,MFCJ6530DW,
8,Canon MAXIFY MB2720 Small Office/Home Office All-in-One Inkjet Printer (0958C003),$99.92,https://www.staples.ca/en/Canon-MAXIFY-MB2720-Small-Office-Home-Office-All-in-One-Inkjet-Printer-0958C003-/product_2432868_2-CA_1_20001,0958C003,
9,HP® Officejet 7510 Wide Format All-In-One Printer (G3J47A#B1H),$99.99,https://www.staples.ca/en/HP-Officejet-7510-Wide-Format-All-In-One-Printer-G3J47A-B1H-/product_2228981_2-CA_1_20001,G3J47A#B1H,
10,Epson® WorkForce Pro WF-3720 Colour All-in-One Inkjet Printer (C11CF24201),$99.96,https://www.staples.ca/en/Epson-WorkForce-Pro-WF-3720-Colour-All-in-One-Inkjet-Printer-C11CF24201-/product_2618614_2-CA_1_20001,C11CF24201,
11,HP® Officejet Pro 8210 Business Ink Printer (D9L64A#B1H),$149.99,https://www.staples.ca/en/HP-Officejet-Pro-8210-Business-Ink-Printer-D9L64A-B1H-/product_2419949_2-CA_1_20001,D9L64A#B1H,
12,HP® Deskjet 2655 All-in-One Inkjet Printer (V1N04A#B1H),$59.98,https://www.staples.ca/en/HP-Deskjet-2655-All-in-One-Inkjet-Printer-V1N04A-B1H-/product_2708802_2-CA_1_20001,V1N04A#B1H,
13,Epson Expression Home XP-440 Small-in-One All-in-One Printer,$99.96,https://www.staples.ca/en/Epson-Expression-Home-XP-440-Small-in-One-All-in-One-Printer/product_2618613_2-CA_1_20001,C11CF27201,
14,Canon imageCLASS MF244dw Black and White Laser Multifunction Printer (1418C021),$259.92,https://www.staples.ca/en/Canon-imageCLASS-MF244dw-Black-and-White-Laser-Multifunction-Printer-1418C021-/product_2420558_2-CA_1_20001,1418C021,
15,Brother DCP-L2540DW All-in-One Wireless Laser Printer,$239.64,https://www.staples.ca/en/Brother-DCP-L2540DW-All-in-One-Wireless-Laser-Printer/product_1171087_2-CA_1_20001,DCP-L2540DW,
16,HP® OfficeJet Pro 6978 Colour All-in-One Inkjet Printer (T0F29A#B1H),$189.99,https://www.staples.ca/en/HP-OfficeJet-Pro-6978-Colour-All-in-One-Inkjet-Printer-T0F29A-B1H-/product_2256786_2-CA_1_20001,T0F29A#B1H,
17,Epson Staples Only Expression Premium XP-640 AIO Printer,$79.96,https://www.staples.ca/en/Epson-Staples-Only-Expression-Premium-XP-640-AIO-Printer/product_2417127_2-CA_1_20001,C11CF50201,
18,"Canon PIXMA MG3020 Inkjet Printer, White (1346C023)",$99.98,https://www.staples.ca/en/Canon-PIXMA-MG3020-Inkjet-Printer-White-1346C023-/product_2497891_2-CA_1_20001,1346C023,
19,Epson® WorkForce WF-2760 Wireless All-in-One Inkjet Printer (C11CF77201),$129.94,https://www.staples.ca/en/Epson-WorkForce-WF-2760-Wireless-All-in-One-Inkjet-Printer-C11CF77201-/product_2256798_2-CA_1_20001,C11CF77201,
20,HP® LaserJet Pro M102w Printer (G3Q35A#BGJ),$169.95,https://www.staples.ca/en/HP-LaserJet-Pro-M102w-Printer-G3Q35A-BGJ-/product_2423251_2-CA_1_20001,G3Q35A#BGJ,
21,HP® Envy 7640 e-All-in-One Inkjet Printer (E4W43A#B1H),$199.91,https://www.staples.ca/en/HP-Envy-7640-e-All-in-One-Inkjet-Printer-E4W43A-B1H-/product_1214968_2-CA_1_20001,E4W43A#B1H,
22,Canon PIXMA MX492 Office All-in-One Inkjet Printer (0013C003),$59.93,https://www.staples.ca/en/Canon-PIXMA-MX492-Office-All-in-One-Inkjet-Printer-0013C003-/product_1557437_2-CA_1_20001,0013C003,
23,Brother MFC-L2740DW All-in-One Wireless Laser Printer,$229.96,https://www.staples.ca/en/Brother-MFC-L2740DW-All-in-One-Wireless-Laser-Printer/product_1171089_2-CA_1_20001,MFC-L2740DW,
24,Brother MFC-J485DW Wireless Colour Inkjet All-in-One Printer,$129.98,https://www.staples.ca/en/Brother-MFC-J485DW-Wireless-Colour-Inkjet-All-in-One-Printer/product_1951263_2-CA_1_20001,MFCJ485DW,
25,Epson® WorkForce Pro WF-4740 Colour All-in-One Inkjet Printer (C11CF75201),$179.83,https://www.staples.ca/en/Epson-WorkForce-Pro-WF-4740-Colour-All-in-One-Inkjet-Printer-C11CF75201-/product_2618615_2-CA_1_20001,C11CF75201,
26,Brother MFC-9340CDW Wireless Colour Laser Multifunction Printer,$549.99,https://www.staples.ca/en/Brother-MFC-9340CDW-Wireless-Colour-Laser-Multifunction-Printer/product_187953_2-CA_1_20001,MFC9340CDW,
27,Epson® WorkForce Pro WF-4720 Colour All-in-One Inkjet Printer (C11CF74201),$99.71,https://www.staples.ca/en/Epson-WorkForce-Pro-WF-4720-Colour-All-in-One-Inkjet-Printer-C11CF74201-/product_2618616_2-CA_1_20001,C11CF74201,
28,"HP® Officejet 7612 Wide Format All-in-One Inkjet Printer, AirPrint and ePrint (G1X85A#B1H)",$49.97,https://www.staples.ca/en/HP-Officejet-7612-Wide-Format-All-in-One-Inkjet-Printer-AirPrint-and-ePrint-G1X85A-B1H-/product_1016625_2-CA_1_20001,G1X85A#B1H,
29,HP PageWide Pro 577dw Multifunction Printer (D3Q21A),$899.99,https://www.staples.ca/en/HP-PageWide-Pro-577dw-Multifunction-Printer-D3Q21A-/product_2072508_2-CA_1_20001,D3Q21A,
30,Canon PIXMA MX922 Wireless Colour All-in-One Inkjet Printer (6992B003),$199.94,https://www.staples.ca/en/Canon-PIXMA-MX922-Wireless-Colour-All-in-One-Inkjet-Printer-6992B003-/product_146818_2-CA_1_20001,6992B003,
31,HP® Officejet Pro 7740 Wide Format All-In-One Inkjet Printer (G5J38A#B1H),$249.65,https://www.staples.ca/en/HP-Officejet-Pro-7740-Wide-Format-All-In-One-Inkjet-Printer-G5J38A-B1H-/product_2424949_2-CA_1_20001,G5J38A#B1H,
32,Epson Expression Home XP-340 Small-in-One All-in-One Printer,$49.99,https://www.staples.ca/en/Epson-Expression-Home-XP-340-Small-in-One-All-in-One-Printer/product_2708368_2-CA_1_20001,C11CF28201,
33,Canon PIXMA iP110 Wireless Compact Mobile Printer (9596B023),$329.99,https://www.staples.ca/en/Canon-PIXMA-iP110-Wireless-Compact-Mobile-Printer-9596B023-/product_1474095_2-CA_1_20001,9596B023,
34,HP® Officejet Pro 8720 All-in-One Wireless Duplex Colour Inkjet Printer (M9L75A#B1H),$199.74,https://www.staples.ca/en/HP-Officejet-Pro-8720-All-in-One-Wireless-Duplex-Colour-Inkjet-Printer-M9L75A-B1H-/product_2093156_2-CA_1_20001,M9L75A#B1H,
35,Canon imageCLASS MF217W Black & White Laser Multifunction Printer (9540B137),$249.99,https://www.staples.ca/en/Canon-imageCLASS-MF217W-Black-White-Laser-Multifunction-Printer-9540B137-/product_1807523_2-CA_1_20001,9540B137,
36,Epson Expression ET-2550 EcoTank Wireless All-in-One Inkjet Printer with Scanner and Copier,$349.83,https://www.staples.ca/en/Epson-Expression-ET-2550-EcoTank-Wireless-All-in-One-Inkjet-Printer-with-Scanner-and-Copier/product_1694231_2-CA_1_20001,C11CE91201,
37,Brother HL-L2360DW Monochrome Laser Printer,$199.95,https://www.staples.ca/en/Brother-HL-L2360DW-Monochrome-Laser-Printer/product_1065232_2-CA_1_20001,HL-L2360DW,
38,Brother MFC-9130CW Digital Wireless Colour Laser Multifunction Printer,$499.99,https://www.staples.ca/en/Brother-MFC-9130CW-Digital-Wireless-Colour-Laser-Multifunction-Printer/product_154689_2-CA_1_20001,MFC9130CW,
39,Brother MFC-L2720DW All-in-One Wireless Laser Printer (MFCL2720DW),$329.99,https://www.staples.ca/en/Brother-MFC-L2720DW-All-in-One-Wireless-Laser-Printer-MFCL2720DW-/product_1171088_2-CA_1_20001,MFC-L2720DW,
40,Canon imageCLASS MF249dw Black and White Laser All-in-One Printer (1418C006),$179.93,https://www.staples.ca/en/Canon-imageCLASS-MF249dw-Black-and-White-Laser-All-in-One-Printer-1418C006-/product_2420556_2-CA_1_20001,1418C006,
41,Brother MFC-L2700DW Monochrome Multifunction Wireless Laser Printer,$269.96,https://www.staples.ca/en/Brother-MFC-L2700DW-Monochrome-Multifunction-Wireless-Laser-Printer/product_1174233_2-CA_1_20001,MFCL2700DW,
42,HP® LaserJet Pro M130fw All-in-One Printer (G3Q60A#BGJ),$279.45,https://www.staples.ca/en/HP-LaserJet-Pro-M130fw-All-in-One-Printer-G3Q60A-BGJ-/product_2423253_2-CA_1_20001,G3Q60A#BGJ,
43,Brother HL-5200DW Wireless Duplex Monochrome Laser Printer,$299.91,https://www.staples.ca/en/Brother-HL-5200DW-Wireless-Duplex-Monochrome-Laser-Printer/product_1868139_2-CA_1_20001,HL-L5200DW,
44,Brother MFC-J680DW Wireless Colour Inkjet All-in-One Printer,$159.99,https://www.staples.ca/en/Brother-MFC-J680DW-Wireless-Colour-Inkjet-All-in-One-Printer/product_1899129_2-CA_1_20001,MFCJ680DW,
45,HP® LaserJet Pro M26nw Printer (T0L50A #BGJ),$179.99,https://www.staples.ca/en/HP-LaserJet-Pro-M26nw-Printer-T0L50A-BGJ-/product_2477924_2-CA_1_20001,T0L50A#BGJ,
46,HP® Color LaserJet Pro MFP M177fw Wireless All-in-One Colour Laser Printer with AirPrint and ePrint (CZ165A#BGJ),$349.94,https://www.staples.ca/en/HP-Color-LaserJet-Pro-MFP-M177fw-Wireless-All-in-One-Colour-Laser-Printer-with-AirPrint-and-ePrint-CZ165A-BGJ-/product_285008_2-CA_1_20001,CZ165A#BGJ,
47,HP® Colour LaserJet Pro MFP M477fDW All-in-One Laser Printer (CF379A#BGJ),$749.96,https://www.staples.ca/en/HP-Colour-LaserJet-Pro-MFP-M477fDW-All-in-One-Laser-Printer-CF379A-BGJ-/product_1878690_2-CA_1_20001,CF379A#BGJ,
48,Canon imageCLASS MF632CDW Wireless Multifunction Colour Laser Printer (1475C011) (1475C011),$499.99,https://www.staples.ca/en/Canon-imageCLASS-MF632CDW-Wireless-Multifunction-Colour-Laser-Printer-1475C011-1475C011-/product_2723689_2-CA_1_20001,1475C011,
49,Brother MFC-L8900CDW Business Colour Laser All-in-One Printer,$499.83,https://www.staples.ca/en/Brother-MFC-L8900CDW-Business-Colour-Laser-All-in-One-Printer/product_2710362_2-CA_1_20001,MFCL8900,
50,"Epson WorkForce ET-4550 EcoTank Wireless All-in-One Inkjet Printer with Scanner, Copier and Fax",$599.83,https://www.staples.ca/en/Epson-WorkForce-ET-4550-EcoTank-Wireless-All-in-One-Inkjet-Printer-with-Scanner-Copier-and-Fax/product_1694234_2-CA_1_20001,C11CE71201,
51,Canon imageCLASS MF634Cdw Wireless Multifunction Colour Laser Printer (1475C005),$529.99,https://www.staples.ca/en/Canon-imageCLASS-MF634Cdw-Wireless-Multifunction-Colour-Laser-Printer-1475C005-/product_2656790_2-CA_1_20001,1475C005,
52,Brother MFC-L5700DW All-in-One Wireless Duplex Monochrome Laser Printer (MFCL5700DW),$299.83,https://www.staples.ca/en/Brother-MFC-L5700DW-All-in-One-Wireless-Duplex-Monochrome-Laser-Printer-MFCL5700DW-/product_2072517_2-CA_1_20001,MFC-L5700DW,
53,Canon PIXMA iP7220 Wireless Photo Inkjet Printer (6219B003),$99.99,https://www.staples.ca/en/Canon-PIXMA-iP7220-Wireless-Photo-Inkjet-Printer-6219B003-/product_221617_2-CA_1_20001,6219B003,
54,HP® LaserJet Pro MFP M227fDW All-in-One Printer (G3Q75A#BGJ),$379.52,https://www.staples.ca/en/HP-LaserJet-Pro-MFP-M227fDW-All-in-One-Printer-G3Q75A-BGJ-/product_2444435_2-CA_1_20001,G3Q75A#BGJ,
55,Canon imageCLASS LBP151DW Wireless Laser Printer (0568C004),$119.99,https://www.staples.ca/en/Canon-imageCLASS-LBP151DW-Wireless-Laser-Printer-0568C004-/product_2093553_2-CA_1_20001,0568C004,
56,Canon imageCLASS LBP251DW Wireless Laser Printer (0281C014),$399.99,https://www.staples.ca/en/Canon-imageCLASS-LBP251DW-Wireless-Laser-Printer-0281C014-/product_2275751_2-CA_1_20001,0281C014,
57,Epson® WorkForce Pro WF-4730 Colour All-in-One Inkjet Printer (C11CG01201),$129.94,https://www.staples.ca/en/Epson-WorkForce-Pro-WF-4730-Colour-All-in-One-Inkjet-Printer-C11CG01201-/product_2636742_2-CA_1_20001,C11CG01201,
58,Brother HL-3170CDW Wireless Colour Laser Printer,$249.96,https://www.staples.ca/en/Brother-HL-3170CDW-Wireless-Colour-Laser-Printer/product_190212_2-CA_1_20001,HL3170CDW,
59,Canon PIXMA G3200 MegaTank Wireless All-In-One Inkjet Printer (0630C003),$329.74,https://www.staples.ca/en/Canon-PIXMA-G3200-MegaTank-Wireless-All-In-One-Inkjet-Printer-0630C003-/product_2641193_2-CA_1_20001,0630C003,
60,HP® LaserJet Pro M203DW Printer (G3Q47A#BGJ),$229.99,https://www.staples.ca/en/HP-LaserJet-Pro-M203DW-Printer-G3Q47A-BGJ-/product_2444436_2-CA_1_20001,G3Q47A#BGJ,
61,Epson® WorkForce WF-100 Portable Printer (C11CE05201),$299.96,https://www.staples.ca/en/Epson-WorkForce-WF-100-Portable-Printer-C11CE05201-/product_1268286_2-CA_1_20001,C11CE05201,
62,Canon imageCLASS MF731Cdw Wireless Multifunction Colour Laser Printer (1474C017),$349.99,https://www.staples.ca/en/Canon-imageCLASS-MF731Cdw-Wireless-Multifunction-Colour-Laser-Printer-1474C017-/product_2636747_2-CA_1_20001,1474C017,
63,Brother MFC-L5900DW All-in-One Wireless Duplex Monochrome Laser Printer,$399.93,https://www.staples.ca/en/Brother-MFC-L5900DW-All-in-One-Wireless-Duplex-Monochrome-Laser-Printer/product_1868168_2-CA_1_20001,MFC-L5900DW,
64,Xerox WorkCentre 6027/NI Colour Laser MultiFunction Printer,$499.96,https://www.staples.ca/en/Xerox-WorkCentre-6027-NI-Colour-Laser-MultiFunction-Printer/product_1593983_2-CA_1_20001,6027/NI,
65,Brother HL-L2380DW Monochrome Wireless Duplex Laser Printer,$149.97,https://www.staples.ca/en/Brother-HL-L2380DW-Monochrome-Wireless-Duplex-Laser-Printer/product_1174234_2-CA_1_20001,HLL2380DW,
66,Epson® Expression ET-3600 EcoTank All-in-One Supertank Printer (C11CF73201),$529.84,https://www.staples.ca/en/Epson-Expression-ET-3600-EcoTank-All-in-One-Supertank-Printer-C11CF73201-/product_2431838_2-CA_1_20001,C11CF73201,
67,Canon imageCLASS MF733Cdw Wireless Multifunction Colour Laser Printer with NFC technology (1474C009),$749.99,https://www.staples.ca/en/Canon-imageCLASS-MF733Cdw-Wireless-Multifunction-Colour-Laser-Printer-with-NFC-technology-1474C009-/product_2656788_2-CA_1_20001,1474C009,
68,Epson® WorkForce ET-16500 EcoTank Wide-format All-in-One Supertank Printer (C11CF49201),"$1,199.94",https://www.staples.ca/en/Epson-WorkForce-ET-16500-EcoTank-Wide-format-All-in-One-Supertank-Printer-C11CF49201-/product_2417126_2-CA_1_20001,C11CF49201,
69,HP® LaserJet Pro M402n Printer (C5F93A),$299.99,https://www.staples.ca/en/HP-LaserJet-Pro-M402n-Printer-C5F93A-/product_1893049_2-CA_1_20001,C5F93A#BGJ,
70,HP® Officejet 250 Mobile All-in-One Printer (CZ992A#B1H),$399.71,https://www.staples.ca/en/HP-Officejet-250-Mobile-All-in-One-Printer-CZ992A-B1H-/product_2414864_2-CA_1_20001,CZ992A#B1H,
71,HP® Colour LaserJet MFP M477fnw All-in-One Laser Printer (CF377A#BGJ),$629.96,https://www.staples.ca/en/HP-Colour-LaserJet-MFP-M477fnw-All-in-One-Laser-Printer-CF377A-BGJ-/product_1889398_2-CA_1_20001,CF377A#BGJ,
72,Brother MFC-J5830DW Business Smart Pro Colour Inkjet All-in-One ADF Wireless Printer (MFCJ5830DW),$289.96,https://www.staples.ca/en/Brother-MFC-J5830DW-Business-Smart-Pro-Colour-Inkjet-All-in-One-ADF-Wireless-Printer-MFCJ5830DW-/product_2425719_2-CA_1_20001,MFC-J5830DW,
73,Lexmark CX417de Multifunction Colour Laser Printer (28DC550),$339.96,https://www.staples.ca/en/Lexmark-CX417de-Multifunction-Colour-Laser-Printer-28DC550-/product_2716174_2-CA_1_20001,28DC550,
74,Brother MFC-L5800DW All-in-One Wireless Duplex Monochrome Laser Printer,$349.99,https://www.staples.ca/en/Brother-MFC-L5800DW-All-in-One-Wireless-Duplex-Monochrome-Laser-Printer/product_2123929_2-CA_1_20001,MFC-L5800DW,
75,Canon PIXMA PRO-100 Wireless Colour Inkjet Printer (6228B003),$499.99,https://www.staples.ca/en/Canon-PIXMA-PRO-100-Wireless-Colour-Inkjet-Printer-6228B003-/product_148765_2-CA_1_20001,6228B003,
76,Canon PIXMA G1200 MegaTank Inkjet Printer (0629C003),$269.86,https://www.staples.ca/en/Canon-PIXMA-G1200-MegaTank-Inkjet-Printer-0629C003-/product_2723681_2-CA_1_20001,0629C003,
77,HP® PageWide Pro 477dw Multifunction Wireless Duplex Colour Inkjet Printer (D3Q20A#B1H),$499.99,https://www.staples.ca/en/HP-PageWide-Pro-477dw-Multifunction-Wireless-Duplex-Colour-Inkjet-Printer-D3Q20A-B1H-/product_2093160_2-CA_1_20001,D3Q20A#B1H,
78,Xerox WorkCentre 3215/NI Monochrome Laser MultiFunction Printer,$319.96,https://www.staples.ca/en/Xerox-WorkCentre-3215-NI-Monochrome-Laser-MultiFunction-Printer/product_1499775_2-CA_1_20001,3215NI,
79,HP® LaserJet Pro M130fn All-in-One Printer (G3Q59A#BGJ),$229.84,https://www.staples.ca/en/HP-LaserJet-Pro-M130fn-All-in-One-Printer-G3Q59A-BGJ-/product_2423252_2-CA_1_20001,G3Q59A#BGJ,
80,Lexmark CS417dn Single Function Colour Laser Printer (28DC050),$214.96,https://www.staples.ca/en/Lexmark-CS417dn-Single-Function-Colour-Laser-Printer-28DC050-/product_2716173_2-CA_1_20001,28DC050,
81,HP® DeskJet 3758 Wireless Photo All-in-One Inkjet Printer (T8W83A#B1H),$79.98,https://www.staples.ca/en/HP-DeskJet-3758-Wireless-Photo-All-in-One-Inkjet-Printer-T8W83A-B1H-/product_2724504_2-CA_1_20001,T8W83A#B1H,
82,Epson® WorkForce WF-7610 Wireless Colour All-in-One Inkjet Printer with AirPrint (C11CC98201),$179.83,https://www.staples.ca/en/Epson-WorkForce-WF-7610-Wireless-Colour-All-in-One-Inkjet-Printer-with-AirPrint-C11CC98201-/product_219313_2-CA_1_20001,C11CC98201,
83,Brother MFC-9330CDW Colour Laser Multifunction Printer,$529.96,https://www.staples.ca/en/Brother-MFC-9330CDW-Colour-Laser-Multifunction-Printer/product_1138778_2-CA_1_20001,MFC 9330CDW,
84,Canon imageCLASS D1550 Wireless Laser Multifunction Printer (0291C009),$749.99,https://www.staples.ca/en/Canon-imageCLASS-D1550-Wireless-Laser-Multifunction-Printer-0291C009-/product_2093932_2-CA_1_20001,0291C009,
85,HP® Officejet 200 Mobile Printer (CZ993A#B1H),$299.99,https://www.staples.ca/en/HP-Officejet-200-Mobile-Printer-CZ993A-B1H-/product_2313202_2-CA_1_20001,CZ993A#B1H,
86,Lexmark MX417de Mono Multifunction Printer (35SC701),$249.96,https://www.staples.ca/en/Lexmark-MX417de-Mono-Multifunction-Printer-35SC701-/product_2716172_2-CA_1_20001,35SC701,
87,Brother MFC-L6700DW All-in-One Wireless Duplex Monochrome Laser Printer,$549.99,https://www.staples.ca/en/Brother-MFC-L6700DW-All-in-One-Wireless-Duplex-Monochrome-Laser-Printer/product_2129331_2-CA_1_20001,MFC-L6700DW,
88,Samsung Xpress M3015DW Monochrome Wireless Laser Printer (SL-M3015DW/XAA),$199.99,https://www.staples.ca/en/Samsung-Xpress-M3015DW-Monochrome-Wireless-Laser-Printer-SL-M3015DW-XAA-/product_2009069_2-CA_1_20001,SL-M3015DW/XAA,
89,Xerox Phaser 6022/NI Colour Laser Printer,$299.00,https://www.staples.ca/en/Xerox-Phaser-6022-NI-Colour-Laser-Printer/product_1593984_2-CA_1_20001,6022/NI,
90,Lexmark MX317dn Mono Multifunction Laser Printer (35SC700),$254.96,https://www.staples.ca/en/Lexmark-MX317dn-Mono-Multifunction-Laser-Printer-35SC700-/product_2716168_2-CA_1_20001,35SC700,
91,Canon imageCLASS D560 Multifunction Copier (6371B048),$129.99,https://www.staples.ca/en/Canon-imageCLASS-D560-Multifunction-Copier-6371B048-/product_990144_2-CA_1_20001,6371B048,
92,Canon PIXMA MG2525 All-in-One Inkjet Printer (0727C003),$49.99,https://www.staples.ca/en/Canon-PIXMA-MG2525-All-in-One-Inkjet-Printer-0727C003-/product_2497890_2-CA_1_20001,0727C003,
93,Epson Expression ET-2600 EcoTank All-in-One Supertank Printer,$349.96,https://www.staples.ca/en/Epson-Expression-ET-2600-EcoTank-All-in-One-Supertank-Printer/product_2520697_2-CA_1_20001,C11CF46201,
94,Lexmark MS317DN Monochrome Single Function Laser Printer (35SC060),$149.96,https://www.staples.ca/en/Lexmark-MS317DN-Monochrome-Single-Function-Laser-Printer-35SC060-/product_2716180_2-CA_1_20001,35SC060,
95,Brother HL-L8360CDW Business Wireless Colour Laser Printer,$499.99,https://www.staples.ca/en/Brother-HL-L8360CDW-Business-Wireless-Colour-Laser-Printer/product_2707161_2-CA_1_20001,HLL8360CDW,
96,"Epson WorkForce Pro WF-R4640 EcoTank Wireless All-in-One Inkjet Printer with Scanner, Copier and Fax","$1,399.99",https://www.staples.ca/en/Epson-WorkForce-Pro-WF-R4640-EcoTank-Wireless-All-in-One-Inkjet-Printer-with-Scanner-Copier-and-Fax/product_1694230_2-CA_1_20001,C11CE69201,
97,HP® LaserJet Pro MFP M227fdn 4-in-1 Printer (G3Q79A#BGJ),$319.99,https://www.staples.ca/en/HP-LaserJet-Pro-MFP-M227fdn-4-in-1-Printer-G3Q79A-BGJ-/product_2608229_2-CA_1_20001,G3Q79A#BGJ,
98,"Canon PIXMA MG3029 Photo Inkjet All-in-One Printer, Black (1346C003)",$99.99,https://www.staples.ca/en/Canon-PIXMA-MG3029-Photo-Inkjet-All-in-One-Printer-Black-1346C003-/product_2508914_2-CA_1_20001,1346C003,
99,Epson Expression ET-2650 EcoTank All-in-One Supertank Printer,$369.83,https://www.staples.ca/en/Epson-Expression-ET-2650-EcoTank-All-in-One-Supertank-Printer/product_2536522_2-CA_1_20001,C11CF47201,
100,Lexmark CS317dn Single Function Colour Laser Printer (28CC050),$174.96,https://www.staples.ca/en/Lexmark-CS317dn-Single-Function-Colour-Laser-Printer-28CC050-/product_2716169_2-CA_1_20001,28CC050,
101,Brother MFC-J6535DW Business Smart Pro Wireless Printer with Inkvestment Cartridges (MFCJ6535DW),$379.99,https://www.staples.ca/en/Brother-MFC-J6535DW-Business-Smart-Pro-Wireless-Printer-with-Inkvestment-Cartridges-MFCJ6535DW-/product_2425718_2-CA_1_20001,MFC-J6535DW,
102,Epson® WorkForce WF-7110 Wireless Colour Inkjet Printer with AirPrint (C11CC99201),$226.03,https://www.staples.ca/en/Epson-WorkForce-WF-7110-Wireless-Colour-Inkjet-Printer-with-AirPrint-C11CC99201-/product_1053799_2-CA_1_20001,C11CC99201,
103,Brother HL-L6200DW Wireless Duplex Monochrome Laser Printer,$349.99,https://www.staples.ca/en/Brother-HL-L6200DW-Wireless-Duplex-Monochrome-Laser-Printer/product_2072143_2-CA_1_20001,HL-L6200DW,
104,Epson Expression ET-2500 EcoTank Wireless All-in-One Inkjet Printer with Scanner and Copier,$379.96,https://www.staples.ca/en/Epson-Expression-ET-2500-EcoTank-Wireless-All-in-One-Inkjet-Printer-with-Scanner-and-Copier/product_1694227_2-CA_1_20001,C11CE92201,
105,Lexmark CX317dn Multifunction Colour Laser Printer (28CC550),$239.96,https://www.staples.ca/en/Lexmark-CX317dn-Multifunction-Colour-Laser-Printer-28CC550-/product_2716170_2-CA_1_20001,28CC550,
106,Brother MFC-7240 Laser Multifunction Printer,$269.71,https://www.staples.ca/en/Brother-MFC-7240-Laser-Multifunction-Printer/product_931228_2-CA_1_20001,MFC7240,
107,Xerox Phaser 3260/DNI Monochrome Laser Printer,$259.96,https://www.staples.ca/en/Xerox-Phaser-3260-DNI-Monochrome-Laser-Printer/product_1499774_2-CA_1_20001,3260DNI,
108,Brother MFC-J5330DW Business Smart Plus Colour Inkjet Printer (MFCJ5330DW),$239.99,https://www.staples.ca/en/Brother-MFC-J5330DW-Business-Smart-Plus-Colour-Inkjet-Printer-MFCJ5330DW-/product_2496227_2-CA_1_20001,MFCJ5330DW,
109,"Canon SELPHY CP1200 Wireless Compact Photo Inkjet Printer, Black",$149.99,https://www.staples.ca/en/Canon-SELPHY-CP1200-Wireless-Compact-Photo-Inkjet-Printer-Black/product_2074308_2-CA_1_20001,0599C001,
110,HP® LaserJet Pro M501dn Printer (J8H61A#BGJ),$654.99,https://www.staples.ca/en/HP-LaserJet-Pro-M501dn-Printer-J8H61A-BGJ-/product_2102739_2-CA_1_20001,J8H61A#BGJ,
111,Lexmark CX517de Multifunction Colour Laser Printer (28EC500),$549.96,https://www.staples.ca/en/Lexmark-CX517de-Multifunction-Colour-Laser-Printer-28EC500-/product_2716178_2-CA_1_20001,28EC500,
112,Canon MAXIFY MB2120 Small Office/Home Office All-in-One Inkjet Printer (0959C003),$79.75,https://www.staples.ca/en/Canon-MAXIFY-MB2120-Small-Office-Home-Office-All-in-One-Inkjet-Printer-0959C003-/product_2454262_2-CA_1_20001,0959C003,
113,Samsung CLX-6260FW Network Ready Wireless All-in-One Colour Duplex Laser Printer,$799.96,https://www.staples.ca/en/Samsung-CLX-6260FW-Network-Ready-Wireless-All-in-One-Colour-Duplex-Laser-Printer/product_390625_2-CA_1_20001,CLX-6260FW/XAA,
114,Epson® LQ-590 Dot Matrix Printer,$542.33,https://www.staples.ca/en/Epson-LQ-590-Dot-Matrix-Printer/product_573729_2-CA_1_20001,C11C558001,
115,Xerox VersaLink C405/DN All-in-One Colour Laser Printer,"$1,279.99",https://www.staples.ca/en/Xerox-VersaLink-C405-DN-All-in-One-Colour-Laser-Printer/product_2647397_2-CA_1_20001,C405/DN,
116,Xerox Phaser 6510/DN Color Laser Printer,$389.96,https://www.staples.ca/en/Xerox-Phaser-6510-DN-Color-Laser-Printer/product_2580317_2-CA_1_20001,6510/DN,
117,HP® LaserJet Pro 500 M570dn All-in-One Colour Laser Printer (CZ271A#BGJ),"$1,099.99",https://www.staples.ca/en/HP-LaserJet-Pro-500-M570dn-All-in-One-Colour-Laser-Printer-CZ271A-BGJ-/product_1293693_2-CA_1_20001,CZ271A#BGJ,
118,Lexmark MS417dn Monochrome Single Function Laser Printer (35SC260),$234.96,https://www.staples.ca/en/Lexmark-MS417dn-Monochrome-Single-Function-Laser-Printer-35SC260-/product_2716171_2-CA_1_20001,35SC260,
119,HP® LaserJet Enterprise M506x Printer (F2A70A),$779.99,https://www.staples.ca/en/HP-LaserJet-Enterprise-M506x-Printer-F2A70A-/product_1852720_2-CA_1_20001,F2A70A#BGJ,
120,Brother MFC-J4620DW Business Smart Colour Inkjet NFC All-in-One Printer,$219.99,https://www.staples.ca/en/Brother-MFC-J4620DW-Business-Smart-Colour-Inkjet-NFC-All-in-One-Printer/product_1171540_2-CA_1_20001,MFCJ4620DW,
121,Samsung ProXpress M3870FW Wireless All-in-One Monochrome Laser Printer with Duplex,$459.96,https://www.staples.ca/en/Samsung-ProXpress-M3870FW-Wireless-All-in-One-Monochrome-Laser-Printer-with-Duplex/product_61742_2-CA_1_20001,SL-M3870FW/XAA,
122,Lexmark MS312DN Monochrome Laser Single Function Printer (35S0060),$199.98,https://www.staples.ca/en/Lexmark-MS312DN-Monochrome-Laser-Single-Function-Printer-35S0060-/product_1171113_2-CA_1_20001,35S0060,
123,HP® LaserJet Enterprise M506n Printer (F2A68A),$714.99,https://www.staples.ca/en/HP-LaserJet-Enterprise-M506n-Printer-F2A68A-/product_1852719_2-CA_1_20001,F2A68A#BGJ,
124,Polaroid Zip Mobile Instant Photoprinter,$179.99,https://www.staples.ca/en/Polaroid-Zip-Mobile-Instant-Photoprinter/product_SS5737759_2-CA_1_20001,none,
125,"Canon PIXMA MG3020 All-in-One Inkjet Printer, Grey (1346C043)",$99.96,https://www.staples.ca/en/Canon-PIXMA-MG3020-All-in-One-Inkjet-Printer-Grey-1346C043-/product_2497893_2-CA_1_20001,1346C043,
126,HP PageWide Pro 577z Multifunction Printer (K9Z76A),"$1,489.99",https://www.staples.ca/en/HP-PageWide-Pro-577z-Multifunction-Printer-K9Z76A-/product_2072453_2-CA_1_20001,K9Z76A,
127,Xerox WorkCentre 3225/DNI Monochrome Laser MultiFunction Printer,$379.96,https://www.staples.ca/en/Xerox-WorkCentre-3225-DNI-Monochrome-Laser-MultiFunction-Printer/product_1499776_2-CA_1_20001,3225DNI,
128,Lexmark MX310DN Monochrome Laser Multifunction Printer (35S5700),$399.98,https://www.staples.ca/en/Lexmark-MX310DN-Monochrome-Laser-Multifunction-Printer-35S5700-/product_164218_2-CA_1_20001,35S5700,
129,HP® LaserJet Pro MFP M521dn All-in-One Monochrome Laser Printer (A8P79A#BGJ),"$1,039.96",https://www.staples.ca/en/HP-LaserJet-Pro-MFP-M521dn-All-in-One-Monochrome-Laser-Printer-A8P79A-BGJ-/product_203214_2-CA_1_20001,A8P79A#BGJ,
130,Lexmark MX517de Mono Multifunction Printer (35SC703),$469.96,https://www.staples.ca/en/Lexmark-MX517de-Mono-Multifunction-Printer-35SC703-/product_2716176_2-CA_1_20001,35SC703,
131,Epson® SureColour P400 Inkjet Colour Printer (C11CE85201),$719.99,https://www.staples.ca/en/Epson-SureColour-P400-Inkjet-Colour-Printer-C11CE85201-/product_1935474_2-CA_1_20001,C11CE85201,
132,MakerBot Replicator Z18 3D Printer,"$8,599.99",https://www.staples.ca/en/MakerBot-Replicator-Z18-3D-Printer/product_1182822_2-CA_1_20001,MP05950,
133,Lexmark MX617de Mono Multifunction Printer (35SC705),$724.96,https://www.staples.ca/en/Lexmark-MX617de-Mono-Multifunction-Printer-35SC705-/product_2716181_2-CA_1_20001,35SC705,
134,Brother HL-L8350CDW Wireless Colour Laser Printer with Duplex,$499.99,https://www.staples.ca/en/Brother-HL-L8350CDW-Wireless-Colour-Laser-Printer-with-Duplex/product_161114_2-CA_1_20001,HL-L8350CDW,
135,HP® LaserJet Enterprise M553n Colour Laser Printer (B5L24ABGJ),$799.96,https://www.staples.ca/en/HP-LaserJet-Enterprise-M553n-Colour-Laser-Printer-B5L24ABGJ-/product_1689227_2-CA_1_20001,B5L24ABGJ,
136,Xerox Work Center 6515/N Color Multifunction Printer,$429.96,https://www.staples.ca/en/Xerox-Work-Center-6515-N-Color-Multifunction-Printer/product_2580335_2-CA_1_20001,6515/N,
137,HP® Colour LaserJet Pro M452dn Laser Printer (CF389A#BGJ),$499.96,https://www.staples.ca/en/HP-Colour-LaserJet-Pro-M452dn-Laser-Printer-CF389A-BGJ-/product_1889397_2-CA_1_20001,CF389A#BGJ,
138,Canon imageCLASS MF810Cdn Colour Multifunction Laser Printer (9548B001),"$1,299.99",https://www.staples.ca/en/Canon-imageCLASS-MF810Cdn-Colour-Multifunction-Laser-Printer-9548B001-/product_1519497_2-CA_1_20001,9548B001,
139,Canon MAXIFY MB5420 All-in-One Inkjet Printer,$429.96,https://www.staples.ca/en/Canon-MAXIFY-MB5420-All-in-One-Inkjet-Printer/product_2497889_2-CA_1_20001,0971C003,
140,Epson® FX-890 Dot Matrix Printer,$532.56,https://www.staples.ca/en/Epson-FX-890-Dot-Matrix-Printer/product_515729_2-CA_1_20001,C11C524001,
141,Lexmark MS617dn Mono Single Function Laser Printer (35SC400),$369.96,https://www.staples.ca/en/Lexmark-MS617dn-Mono-Single-Function-Laser-Printer-35SC400-/product_2716179_2-CA_1_20001,35SC400,
142,Canon imageCLASS MF212W Monochrome Laser Multifunction Printer (9540B056),$199.99,https://www.staples.ca/en/Canon-imageCLASS-MF212W-Monochrome-Laser-Multifunction-Printer-9540B056-/product_1385570_2-CA_1_20001,9540B056,
143,Lexmark MS810n Monochrome Laser Single Function Printer (40G0100),$839.96,https://www.staples.ca/en/Lexmark-MS810n-Monochrome-Laser-Single-Function-Printer-40G0100-/product_49565_2-CA_1_20001,40G0100,
144,HP® PageWide Pro 477dn Multifunction Inkjet Printer (D3Q19A),$689.99,https://www.staples.ca/en/HP-PageWide-Pro-477dn-Multifunction-Inkjet-Printer-D3Q19A-/product_2072925_2-CA_1_20001,D3Q19A#B1H,
145,Xerox Phaser 6510/N Color Laser Printer,$349.96,https://www.staples.ca/en/Xerox-Phaser-6510-N-Color-Laser-Printer/product_2580332_2-CA_1_20001,6510/N,
146,Samsung ProXpress SL-M3320ND Monochrome Laser Printer,$279.96,https://www.staples.ca/en/Samsung-ProXpress-SL-M3320ND-Monochrome-Laser-Printer/product_1277837_2-CA_1_20001,SL-M3320ND,
147,HP PageWide Pro 452dw Wireless Laserjet Printer (D3Q16A),$499.99,https://www.staples.ca/en/HP-PageWide-Pro-452dw-Wireless-Laserjet-Printer-D3Q16A-/product_2072452_2-CA_1_20001,D3Q16A,
148,"Samsung Proxpress SL-M3370FD Laser Multifunction Printer, Monochrome",$419.96,https://www.staples.ca/en/Samsung-Proxpress-SL-M3370FD-Laser-Multifunction-Printer-Monochrome/product_1015007_2-CA_1_20001,SLM3370FDXAA,
149,Xerox® WorkCentre® 6515/DNI Color Multifunction Printer,$589.96,https://www.staples.ca/en/Xerox-WorkCentre-6515-DNI-Color-Multifunction-Printer/product_2580333_2-CA_1_20001,6515/DNI,
150,Lexmark CS517de Single Function Colour Laser Printer (28EC050),$599.96,https://www.staples.ca/en/Lexmark-CS517de-Single-Function-Colour-Laser-Printer-28EC050-/product_2716177_2-CA_1_20001,28EC050,
151,Lexmark MS315DN Monochrome Laser Single Function Printer (35S0160),$349.96,https://www.staples.ca/en/Lexmark-MS315DN-Monochrome-Laser-Single-Function-Printer-35S0160-/product_1171108_2-CA_1_20001,35S0160,
152,HP® Colour LaserJet Enterprise M553dn Colour Laser Printer (B5L25ABGJ),$999.96,https://www.staples.ca/en/HP-Colour-LaserJet-Enterprise-M553dn-Colour-Laser-Printer-B5L25ABGJ-/product_1689513_2-CA_1_20001,B5L25ABGJ,
153,Lexmark CX410e Colour Laser Multifunction Printer (28D0500),$799.96,https://www.staples.ca/en/Lexmark-CX410e-Colour-Laser-Multifunction-Printer-28D0500-/product_49570_2-CA_1_20001,28D0500,
154,Xerox® WorkCentre® 6515/DN Color Multifunction Printer,$539.96,https://www.staples.ca/en/Xerox-WorkCentre-6515-DN-Color-Multifunction-Printer/product_2580331_2-CA_1_20001,6515/DN,
155,Xerox Phaser 3260/DI Monochrome Laser Printer,$229.96,https://www.staples.ca/en/Xerox-Phaser-3260-DI-Monochrome-Laser-Printer/product_1499773_2-CA_1_20001,3260DI,
156,HP® Color LaserJet Professional CP5225dn Printer (CE712A),"$2,049.99",https://www.staples.ca/en/HP-Color-LaserJet-Professional-CP5225dn-Printer-CE712A-/product_354095_2-CA_1_20001,CE712A#BGJ,
157,Epson® LQ-2090 Dot Matrix Printer,$851.05,https://www.staples.ca/en/Epson-LQ-2090-Dot-Matrix-Printer/product_573728_2-CA_1_20001,C11C559001,
158,"Fujifilm instax SHARE SP-2 Smartphone Printer, Silver (600016187)",$199.99,https://www.staples.ca/en/Fujifilm-instax-SHARE-SP-2-Smartphone-Printer-Silver-600016187-/product_2453903_2-CA_1_20001,600016187,
159,Canon MAXIFY IB4120 Business All-in-One Inkjet Printer,$189.99,https://www.staples.ca/en/Canon-MAXIFY-IB4120-Business-All-in-One-Inkjet-Printer/product_2497887_2-CA_1_20001,0972C003,
160,HP® Color LaserJet Enterprise MFP M577f Printer (B5L47A),"$2,549.99",https://www.staples.ca/en/HP-Color-LaserJet-Enterprise-MFP-M577f-Printer-B5L47A-/product_1950125_2-CA_1_20001,B5L47A#BGJ,
161,Epson® SureColour P600 Single Function Inkjet Printer (C11CE21201),"$1,096.43",https://www.staples.ca/en/Epson-SureColour-P600-Single-Function-Inkjet-Printer-C11CE21201-/product_1543471_2-CA_1_20001,C11CE21201,
162,Lexmark CX410de Colour Laser Multifunction Printer (28D0550),$899.96,https://www.staples.ca/en/Lexmark-CX410de-Colour-Laser-Multifunction-Printer-28D0550-/product_307048_2-CA_1_20001,28D0550,
163,Xerox Phaser 7500/DN Colour Laser Printer,"$2,999.99",https://www.staples.ca/en/Xerox-Phaser-7500-DN-Colour-Laser-Printer/product_810100_2-CA_1_20001,7500DN,
164,Xerox VersaLink C405/N All-in-One Colour Laser Printer,"$1,149.99",https://www.staples.ca/en/Xerox-VersaLink-C405-N-All-in-One-Colour-Laser-Printer/product_2647398_2-CA_1_20001,C405/N,
165,Samsung Network-Ready Colour Laser Printer with Duplex (CLP-680ND),$499.96,https://www.staples.ca/en/Samsung-Network-Ready-Colour-Laser-Printer-with-Duplex-CLP-680ND-/product_147742_2-CA_1_20001,CLP-680ND/XAA,
166,HP® Colour LaserJet Enterprise MFP M577dn Printer (B5L46A#BGJ),"$2,099.99",https://www.staples.ca/en/HP-Colour-LaserJet-Enterprise-MFP-M577dn-Printer-B5L46A-BGJ-/product_1950127_2-CA_1_20001,B5L46A#BGJ,
167,Xerox Phaser 6510/DNI Color Laser Printer,$439.96,https://www.staples.ca/en/Xerox-Phaser-6510-DNI-Color-Laser-Printer/product_2580334_2-CA_1_20001,6510/DNI,
168,Lexmark MS510dn Monochrome Laser Single Function Printer (35S0300),$769.96,https://www.staples.ca/en/Lexmark-MS510dn-Monochrome-Laser-Single-Function-Printer-35S0300-/product_164211_2-CA_1_20001,35S0300,
169,Xerox Phaser 3610/N Monochrome Laser Printer,$709.96,https://www.staples.ca/en/Xerox-Phaser-3610-N-Monochrome-Laser-Printer/product_285134_2-CA_1_20001,3610/N,
170,Lexmark MS817n Mono Single Function Laser Printer (40GC100),$564.96,https://www.staples.ca/en/Lexmark-MS817n-Mono-Single-Function-Laser-Printer-40GC100-/product_2716182_2-CA_1_20001,40GC100,
171,Lexmark CX510de Colour Laser Multifunction Printer (28E0500),"$1,399.98",https://www.staples.ca/en/Lexmark-CX510de-Colour-Laser-Multifunction-Printer-28E0500-/product_307049_2-CA_1_20001,28E0500,
172,Brother HL-L9200CDW Wireless Colour Laser Printer,$699.99,https://www.staples.ca/en/Brother-HL-L9200CDW-Wireless-Colour-Laser-Printer/product_2395399_2-CA_1_20001,HLL9200CDW,
173,HP® LaserJet Enterprise 700 M712dn Monochorme Laser Printer (CF236A#BGJ),"$2,599.96",https://www.staples.ca/en/HP-LaserJet-Enterprise-700-M712dn-Monochorme-Laser-Printer-CF236A-BGJ-/product_106542_2-CA_1_20001,CF236A#BGJ,
174,Lexmark MS610DN Monochrome Laser Single Function Printer (35S0400),$839.96,https://www.staples.ca/en/Lexmark-MS610DN-Monochrome-Laser-Single-Function-Printer-35S0400-/product_164212_2-CA_1_20001,35S0400,
175,Lexmark MS517dn Mono Single Function Laser Printer (35SC300),$339.96,https://www.staples.ca/en/Lexmark-MS517dn-Mono-Single-Function-Laser-Printer-35SC300-/product_2716175_2-CA_1_20001,35SC300,
176,Lexmark MS415DN Monochrome Laser Single Function Printer (35S0260),$469.96,https://www.staples.ca/en/Lexmark-MS415DN-Monochrome-Laser-Single-Function-Printer-35S0260-/product_1171107_2-CA_1_20001,35S0260,
177,Canon imagePROGRAF iPF5100 Large Format Printer (2157B002),"$2,549.99",https://www.staples.ca/en/Canon-imagePROGRAF-iPF5100-Large-Format-Printer-2157B002-/product_806457_2-CA_1_20001,2157B002,
178,Lexmark MX410de Monochrome Laser Multifunction Printer (35S5701),$639.96,https://www.staples.ca/en/Lexmark-MX410de-Monochrome-Laser-Multifunction-Printer-35S5701-/product_219439_2-CA_1_20001,35S5701,
179,Samsung ProXpress M3820DW Wireless Monochrome Laser Printer with Duplex,$349.96,https://www.staples.ca/en/Samsung-ProXpress-M3820DW-Wireless-Monochrome-Laser-Printer-with-Duplex/product_61737_2-CA_1_20001,SL-M3820DW,
180,HP® LaserJet Enterprise 700 M712n Printer (CF235A),"$2,219.99",https://www.staples.ca/en/HP-LaserJet-Enterprise-700-M712n-Printer-CF235A-/product_106543_2-CA_1_20001,CF235A#BGJ,
181,HP PageWide Pro 452dn Printer (D3Q15A),$509.99,https://www.staples.ca/en/HP-PageWide-Pro-452dn-Printer-D3Q15A-/product_2072451_2-CA_1_20001,D3Q15A,
182,HP® Color LaserJet Enterprise M750dn Printer (D3L09A),"$3,059.99",https://www.staples.ca/en/HP-Color-LaserJet-Enterprise-M750dn-Printer-D3L09A-/product_390215_2-CA_1_20001,D3L09A#BGJ,
183,HP® LaserJet Enterprise 700 M725dn All-in-One Monochrome Laser Printer (CF066A#BGJ),"$3,899.96",https://www.staples.ca/en/HP-LaserJet-Enterprise-700-M725dn-All-in-One-Monochrome-Laser-Printer-CF066A-BGJ-/product_1293685_2-CA_1_20001,CF066A#BGJ,
184,Lexmark MX611de Monochrome Laser Multifunction Printer (35S6701),"$1,499.98",https://www.staples.ca/en/Lexmark-MX611de-Monochrome-Laser-Multifunction-Printer-35S6701-/product_307086_2-CA_1_20001,35S6701,
185,Lexmark CS410DN Colour Laser Single Function Printer (28D0050D),$449.98,https://www.staples.ca/en/Lexmark-CS410DN-Colour-Laser-Single-Function-Printer-28D0050D-/product_125056_2-CA_1_20001,28D0050D,
186,Xerox VersaLink B405/DN All-in-One Monochrome Laser Printer,$899.96,https://www.staples.ca/en/Xerox-VersaLink-B405-DN-All-in-One-Monochrome-Laser-Printer/product_2647394_2-CA_1_20001,B405/DN,
187,"Canon MAXIFY MB5120 3.5"" All-in-One Touch LCD Inkjet Printer",$329.96,https://www.staples.ca/en/Canon-MAXIFY-MB5120-3-5-All-in-One-Touch-LCD-Inkjet-Printer/product_2497888_2-CA_1_20001,0960C003,
188,HP® LaserJet Enterprise MFP M527dn Printer (F2A76A),"$1,849.99",https://www.staples.ca/en/HP-LaserJet-Enterprise-MFP-M527dn-Printer-F2A76A-/product_1950123_2-CA_1_20001,F2A76A#BGJ,
189,HP PageWide Enterprise Colour MFP 586f Printer (G1W40A),"$2,959.96",https://www.staples.ca/en/HP-PageWide-Enterprise-Colour-MFP-586f-Printer-G1W40A-/product_2244799_2-CA_1_20001,G1W40A#BGJ,
190,Xerox Phaser 7800/DN Colour Laser Printer,"$5,149.96",https://www.staples.ca/en/Xerox-Phaser-7800-DN-Colour-Laser-Printer/product_164394_2-CA_1_20001,7800DN,
191,Lexmark CX725de Multi Function Colour Laser Printer (40C9500),"$2,889.99",https://www.staples.ca/en/Lexmark-CX725de-Multi-Function-Colour-Laser-Printer-40C9500-/product_2180328_2-CA_1_20001,40C9500,
192,Canon imageCLASS LBP612Cdw Wireless Colour Laser Printer (1477C004),$427.50,https://www.staples.ca/en/Canon-imageCLASS-LBP612Cdw-Wireless-Colour-Laser-Printer-1477C004-/product_2724405_2-CA_1_20001,1477C004,
193,HP® LaserJet Enterprise M527F Multifunction Secure Laser Printer (F2A77A#BGJ),"$2,065.99",https://www.staples.ca/en/HP-LaserJet-Enterprise-M527F-Multifunction-Secure-Laser-Printer-F2A77A-BGJ-/product_1950122_2-CA_1_20001,F2A77A#BGJ,
194,Lexmark CX510dthe Colour Laser Multifunction Printer (28E0550),"$1,749.98",https://www.staples.ca/en/Lexmark-CX510dthe-Colour-Laser-Multifunction-Printer-28E0550-/product_307051_2-CA_1_20001,28E0550,
195,Lexmark CX310n Colour Laser Multifunction Printer (28C0500),$599.96,https://www.staples.ca/en/Lexmark-CX310n-Colour-Laser-Multifunction-Printer-28C0500-/product_307046_2-CA_1_20001,28C0500,
196,HP® Designjet T795 ePrinter (CR649C#B1K),"$5,499.96",https://www.staples.ca/en/HP-Designjet-T795-ePrinter-CR649C-B1K-/product_1485227_2-CA_1_20001,CR649C#B1K,
197,Lexmark MX511de Monochrome Laser Multifunction Printer (35S5703),"$1,129.96",https://www.staples.ca/en/Lexmark-MX511de-Monochrome-Laser-Multifunction-Printer-35S5703-/product_307082_2-CA_1_20001,35S5703,
198,Lexmark CX310dn Colour Laser Multifunction Printer (28C0550),$689.96,https://www.staples.ca/en/Lexmark-CX310dn-Colour-Laser-Multifunction-Printer-28C0550-/product_307047_2-CA_1_20001,28C0550,
199,Lexmark CX410DTE Colour Laser Multifunction Printer (28D0600),"$1,099.96",https://www.staples.ca/en/Lexmark-CX410DTE-Colour-Laser-Multifunction-Printer-28D0600-/product_164225_2-CA_1_20001,28D0600,
200,HP® Colour LaserJet Enterprise M553x Colour Laser Printer (B5L26ABGJ),"$1,599.96",https://www.staples.ca/en/HP-Colour-LaserJet-Enterprise-M553x-Colour-Laser-Printer-B5L26ABGJ-/product_1689228_2-CA_1_20001,B5L26ABGJ,
201,Xerox VersaLink C400/DN Colour Laser Printer,$809.99,https://www.staples.ca/en/Xerox-VersaLink-C400-DN-Colour-Laser-Printer/product_2647396_2-CA_1_20001,C400/DN,
202,"Canon ImagePROGRAF PRO-4000S, 44"" Printer, 8 Color LUCIA PRO Ink System, Built-in 320GB hard disk","$5,945.99",https://www.staples.ca/en/Canon-ImagePROGRAF-PRO-4000S-44-Printer-8-Color-LUCIA-PRO-Ink-System-Built-in-320GB-hard-disk/product_2616237_2-CA_1_20001,1123C002,
203,Lexmark CS310N Colour Laser Single Function Printer (28C0000),$329.96,https://www.staples.ca/en/Lexmark-CS310N-Colour-Laser-Single-Function-Printer-28C0000-/product_164194_2-CA_1_20001,28C0000,
204,Lexmark CS510de Colour Laser Single Function Printer (2.8E+51),$749.98,https://www.staples.ca/en/Lexmark-CS510de-Colour-Laser-Single-Function-Printer-2-8E-51-/product_307029_2-CA_1_20001,28E0050,
205,"HP® Laserjet Cp5220 Cp5225N Laser Printer, Colour, 600 X 600 Dpi Print, Plain Paper Print, Desktop (CE711ABGJ)","$1,929.96",https://www.staples.ca/en/HP-Laserjet-Cp5220-Cp5225N-Laser-Printer-Colour-600-X-600-Dpi-Print-Plain-Paper-Print-Desktop-CE711ABGJ-/product_483545_2-CA_1_20001,CE711ABGJ,
206,"Canon ImagePROGRAF PRO-2000 24"" Printer, 11 Colour LUCIA Pro Ink Systems","$3,799.99",https://www.staples.ca/en/Canon-ImagePROGRAF-PRO-2000-24-Printer-11-Colour-LUCIA-Pro-Ink-Systems/product_2616235_2-CA_1_20001,1124C002,
207,HP Envy Photo 6255 Inkjet All-in-One Printer (K7G18A#A2L),$159.91,https://www.staples.ca/en/HP-Envy-Photo-6255-Inkjet-All-in-One-Printer-K7G18A-A2L-/product_2786167_2-CA_1_20001,K7G18A#A2L,
208,Lexmark MS610dtn Monochrome Laser Single Function Printer (35S0450),"$1,059.96",https://www.staples.ca/en/Lexmark-MS610dtn-Monochrome-Laser-Single-Function-Printer-35S0450-/product_307015_2-CA_1_20001,35S0450,
209,Lexmark MX511dte Monochrome Laser Multifunction Printer (35S5941),"$1,349.96",https://www.staples.ca/en/Lexmark-MX511dte-Monochrome-Laser-Multifunction-Printer-35S5941-/product_307083_2-CA_1_20001,35S5941,
210,Lexmark MS810DN Monochrome Laser Single Function Printer (40G0110),$899.98,https://www.staples.ca/en/Lexmark-MS810DN-Monochrome-Laser-Single-Function-Printer-40G0110-/product_164213_2-CA_1_20001,40G0110,
211,HP® LaserJet Enterprise 700 M775dn All-in-One Colour Laser Printer (CC522A#BGJ),"$4,469.96",https://www.staples.ca/en/HP-LaserJet-Enterprise-700-M775dn-All-in-One-Colour-Laser-Printer-CC522A-BGJ-/product_106537_2-CA_1_20001,CC522A#BGJ,
212,Lexmark MS810DTN Monochrome Laser Single Function Printer (40G0410),"$1,349.96",https://www.staples.ca/en/Lexmark-MS810DTN-Monochrome-Laser-Single-Function-Printer-40G0410-/product_164214_2-CA_1_20001,40G0410,
213,HP® PageWide Pro 552dw Inkjet Printer (D3Q17A),$799.99,https://www.staples.ca/en/HP-PageWide-Pro-552dw-Inkjet-Printer-D3Q17A-/product_2072454_2-CA_1_20001,D3Q17A#B1H,
214,Lexmark CS310DN Colour Laser Single Function Printer (28C0050),$449.96,https://www.staples.ca/en/Lexmark-CS310DN-Colour-Laser-Single-Function-Printer-28C0050-/product_164197_2-CA_1_20001,28C0050,
215,HP® LaserJet Enterprise 700 M775f All-in-One Colour Laser Printer (CC523A#BGJ),"$5,649.96",https://www.staples.ca/en/HP-LaserJet-Enterprise-700-M775f-All-in-One-Colour-Laser-Printer-CC523A-BGJ-/product_106536_2-CA_1_20001,CC523A#BGJ,
216,HP PageWide Enterprise Colour 556dn Printer (G1W46A),"$1,159.96",https://www.staples.ca/en/HP-PageWide-Enterprise-Colour-556dn-Printer-G1W46A-/product_2244796_2-CA_1_20001,G1W46A#BGJ,
217,Xerox Phaser 5550/N Monochrome Laser Printer,"$2,999.99",https://www.staples.ca/en/Xerox-Phaser-5550-N-Monochrome-Laser-Printer/product_747818_2-CA_1_20001,5550N,
218,Xerox Phaser 7800/GX Colour Laser Printer,"$6,649.96",https://www.staples.ca/en/Xerox-Phaser-7800-GX-Colour-Laser-Printer/product_164396_2-CA_1_20001,7800GX,
219,Canon PIXMA iP8720 Wireless Inkjet Photo Printer (8746B003),$349.99,https://www.staples.ca/en/Canon-PIXMA-iP8720-Wireless-Inkjet-Photo-Printer-8746B003-/product_2795232_2-CA_1_20001,8746B003,
220,Lexmark MX912dxe Monochrome Laser Multi Function (26Z0102),"$19,199.98",https://www.staples.ca/en/Lexmark-MX912dxe-Monochrome-Laser-Multi-Function-26Z0102-/product_1485254_2-CA_1_20001,26Z0102,
221,Xerox Versalink B400/N Monochrome Laser Printer,$849.99,https://www.staples.ca/en/Xerox-Versalink-B400-N-Monochrome-Laser-Printer/product_2647393_2-CA_1_20001,B400/N,
222,Lexmark CS410DTN Colour Laser Single Function Printer (28D0100),$649.98,https://www.staples.ca/en/Lexmark-CS410DTN-Colour-Laser-Single-Function-Printer-28D0100-/product_164201_2-CA_1_20001,28D0100,
223,Xerox Phaser 7500/DT Colour Laser Printer,"$3,449.99",https://www.staples.ca/en/Xerox-Phaser-7500-DT-Colour-Laser-Printer/product_815751_2-CA_1_20001,7500DT,
224,"Canon ImagePROGRAF iPF670  24"" Printer, 5 Colour Dye/Pigment Ink Systems","$1,499.99",https://www.staples.ca/en/Canon-ImagePROGRAF-iPF670-24-Printer-5-Colour-Dye-Pigment-Ink-Systems/product_1685250_2-CA_1_20001,9854B005,
225,HP® LaserJet Enterprise 700 M712XH Network-Ready Monochrome Laser Printer with Duplex (CF238A#BGJ),"$3,379.96",https://www.staples.ca/en/HP-LaserJet-Enterprise-700-M712XH-Network-Ready-Monochrome-Laser-Printer-with-Duplex-CF238A-BGJ-/product_163696_2-CA_1_20001,CF238A#BGJá,
226,Lexmark MX510de Monochrome Laser Multifunction Printer (35S5702),"$1,039.96",https://www.staples.ca/en/Lexmark-MX510de-Monochrome-Laser-Multifunction-Printer-35S5702-/product_307081_2-CA_1_20001,35S5702,
227,Xerox Phaser 7500/N Colour Laser Printer,"$2,649.99",https://www.staples.ca/en/Xerox-Phaser-7500-N-Colour-Laser-Printer/product_810102_2-CA_1_20001,7500N,
228,Xerox Phaser 3610/DN Monochrome Laser Printer,$779.96,https://www.staples.ca/en/Xerox-Phaser-3610-DN-Monochrome-Laser-Printer/product_285133_2-CA_1_20001,3610/DN,
229,"Lexmark™ 2590+ 24 Pin 360 x360 dpi 80 Columns Monochrome Dot MatrixPrinter W/Parallel/USB,556 cps(11C0113)",$481.03,https://www.staples.ca/en/Lexmark-2590-24-Pin-360-x360-dpi-80-Columns-Monochrome-Dot-MatrixPrinter-W-Parallel-USB-556-cps-11C0113-/product_1033567_2-CA_1_20001,11C0113,
230,Lexmark CS410n Colour Laser Single Function Printer (28D0000),$479.96,https://www.staples.ca/en/Lexmark-CS410n-Colour-Laser-Single-Function-Printer-28D0000-/product_164199_2-CA_1_20001,28D0000,
231,HP® LaserJet Enterprise 700 M775z All-in-One Colour Laser Printer (CC524A#BGJ),"$6,599.96",https://www.staples.ca/en/HP-LaserJet-Enterprise-700-M775z-All-in-One-Colour-Laser-Printer-CC524A-BGJ-/product_106535_2-CA_1_20001,CC524A#BGJ,
232,Epson® FX-2190 Wide-Format Dot Matrix Printer,$772.25,https://www.staples.ca/en/Epson-FX-2190-Wide-Format-Dot-Matrix-Printer/product_615148_2-CA_1_20001,C11C526001,
233,HP® Colour LaserJet Enterprise Flow MFP M577z Printer (B5L48A),"$2,999.96",https://www.staples.ca/en/HP-Colour-LaserJet-Enterprise-Flow-MFP-M577z-Printer-B5L48A-/product_1950124_2-CA_1_20001,B5L48A#BGJ,
234,Lexmark MX710de Monochrome Laser Multifunction Printer (24T7401),"$2,299.98",https://www.staples.ca/en/Lexmark-MX710de-Monochrome-Laser-Multifunction-Printer-24T7401-/product_49568_2-CA_1_20001,24T7401,
235,Lexmark MX810de Monochrome Laser Multifunction Printer (24T7407),"$3,629.99",https://www.staples.ca/en/Lexmark-MX810de-Monochrome-Laser-Multifunction-Printer-24T7407-/product_307093_2-CA_1_20001,24T7407,
236,Lexmark CS820dtfe Single Function Colour Laser Printer (21K0250),"$2,549.98",https://www.staples.ca/en/Lexmark-CS820dtfe-Single-Function-Colour-Laser-Printer-21K0250-/product_2244846_2-CA_1_20001,21K0250,
237,"Canon ImagePROGRAF iPF670 24"" Printer, 5 Colour Dye/Pigment Ink Systems with Stand","$1,799.99",https://www.staples.ca/en/Canon-ImagePROGRAF-iPF670-24-Printer-5-Colour-Dye-Pigment-Ink-Systems-with-Stand/product_2616233_2-CA_1_20001,9854B002,
238,HP® LaserJet Enterprise 700 M725f All-in-One Monochrome Laser Printer (CF067A#BGJ),"$4,999.96",https://www.staples.ca/en/HP-LaserJet-Enterprise-700-M725f-All-in-One-Monochrome-Laser-Printer-CF067A-BGJ-/product_1293687_2-CA_1_20001,CF067A#BGJ,
239,Lexmark X925de Colour Laser Multifunction Printer (24Z0653),"$3,799.98",https://www.staples.ca/en/Lexmark-X925de-Colour-Laser-Multifunction-Printer-24Z0653-/product_307041_2-CA_1_20001,24Z0653,
240,HP Envy Photo 7155 Inkjet All-in-One Printer (K7G93A#A2L),$179.85,https://www.staples.ca/en/HP-Envy-Photo-7155-Inkjet-All-in-One-Printer-K7G93A-A2L-/product_2786168_2-CA_1_20001,K7G93A#A2L,
241,Lexmark MS811N Monochrome Laser Single Function Printer (40G0200),$999.98,https://www.staples.ca/en/Lexmark-MS811N-Monochrome-Laser-Single-Function-Printer-40G0200-/product_163690_2-CA_1_20001,40G0200áá,
242,Lexmark MX611dhe Monochrome Laser Multifunction Printer (35S6702),"$1,799.98",https://www.staples.ca/en/Lexmark-MX611dhe-Monochrome-Laser-Multifunction-Printer-35S6702-/product_307088_2-CA_1_20001,35S6702,
243,Lexmark MX611dte Monochrome Laser Multifunction Printer (35S6800),"$1,699.98",https://www.staples.ca/en/Lexmark-MX611dte-Monochrome-Laser-Multifunction-Printer-35S6800-/product_307087_2-CA_1_20001,35S6800,
244,Lexmark CX510dhe Colour Laser Multifunction Printer (28E0615),"$1,549.98",https://www.staples.ca/en/Lexmark-CX510dhe-Colour-Laser-Multifunction-Printer-28E0615-/product_307050_2-CA_1_20001,28E0615,
245,"Lexmark Mx611Dfe Laser Multifunction Printer, Monochrome, Plain Paper Print, Desktop (35S6744)","$1,799.98",https://www.staples.ca/en/Lexmark-Mx611Dfe-Laser-Multifunction-Printer-Monochrome-Plain-Paper-Print-Desktop-35S6744-/product_1187375_2-CA_1_20001,35S6744,
246,HP PageWide Enterprise Colour Flow MFP 586z Printer (G1W41A),"$3,594.96",https://www.staples.ca/en/HP-PageWide-Enterprise-Colour-Flow-MFP-586z-Printer-G1W41A-/product_2244797_2-CA_1_20001,G1W41A#BGJ,
247,Xerox VersaLink B400/DN Monochrome Laser Printer,$919.99,https://www.staples.ca/en/Xerox-VersaLink-B400-DN-Monochrome-Laser-Printer/product_2647383_2-CA_1_20001,B400/DN,
248,"Canon ImagePROGRAF iPF770 36"" Printer, 5 Colour Dye/Pigment Ink System with Stand & Basket","$3,895.99",https://www.staples.ca/en/Canon-ImagePROGRAF-iPF770-36-Printer-5-Colour-Dye-Pigment-Ink-System-with-Stand-Basket/product_2616234_2-CA_1_20001,9856B002,
249,HP® Color LaserJet Enterprise M651xh Printer (CZ257A),"$3,709.99",https://www.staples.ca/en/HP-Color-LaserJet-Enterprise-M651xh-Printer-CZ257A-/product_1485226_2-CA_1_20001,CZ257A#BGJ,
250,"Canon ImagePROGRAF PRO-4000 44"" Printer, 11 Colour LUCIA PRO Ink System","$6,995.99",https://www.staples.ca/en/Canon-ImagePROGRAF-PRO-4000-44-Printer-11-Colour-LUCIA-PRO-Ink-System/product_2616236_2-CA_1_20001,1127C002,
251,Lexmark MS811dtn Monochrome Laser Single Function Printer (40G0440),"$1,449.98",https://www.staples.ca/en/Lexmark-MS811dtn-Monochrome-Laser-Single-Function-Printer-40G0440-/product_307024_2-CA_1_20001,40G0440,
252,Lexmark CX725dhe Multi Function Colour Laser Printer (40C9501),"$2,799.98",https://www.staples.ca/en/Lexmark-CX725dhe-Multi-Function-Colour-Laser-Printer-40C9501-/product_2396892_2-CA_1_20001,40C9501,
253,Xerox VersaLink C400/N Colour Laser Printer,$699.99,https://www.staples.ca/en/Xerox-VersaLink-C400-N-Colour-Laser-Printer/product_2647395_2-CA_1_20001,C400/N,
254,Xerox WorkCentre 4265 Monochrome Multifunctional Printer (4265XF),"$5,699.96",https://www.staples.ca/en/Xerox-WorkCentre-4265-Monochrome-Multifunctional-Printer-4265XF-/product_1499782_2-CA_1_20001,4265XF,
255,"MakerBot® PLA Filament, Large Spool, True Colour Collection",$69.99,https://www.staples.ca/en/MakerBot-PLA-Filament-Large-Spool-True-Colour-Collection/product_SS2699399_2-CA_1_20001,none,
256,HP® LaserJet Enterprise 700 M775z+ All-in-One Colour Laser Printer (CF304A#BGJ),"$6,899.96",https://www.staples.ca/en/HP-LaserJet-Enterprise-700-M775z-All-in-One-Colour-Laser-Printer-CF304A-BGJ-/product_106534_2-CA_1_20001,CF304A#BGJ,
257,Xerox WorkCentre 4265/X Monochrome Laser MultiFunction Printer,"$3,499.99",https://www.staples.ca/en/Xerox-WorkCentre-4265-X-Monochrome-Laser-MultiFunction-Printer/product_1499781_2-CA_1_20001,4265X,
258,Lexmark CX725dthe Multi Function Colour Laser Printer (40C9502),"$3,459.00",https://www.staples.ca/en/Lexmark-CX725dthe-Multi-Function-Colour-Laser-Printer-40C9502-/product_2396895_2-CA_1_20001,40C9502,
259,Lexmark MS911de Monochrome Laser Single Function (26Z0000),"$3,779.98",https://www.staples.ca/en/Lexmark-MS911de-Monochrome-Laser-Single-Function-26Z0000-/product_1485255_2-CA_1_20001,26Z0000,
260,Epson® DFX-9000 Dot Matrix Printer,"$4,157.96",https://www.staples.ca/en/Epson-DFX-9000-Dot-Matrix-Printer/product_740742_2-CA_1_20001,C11C605001,
261,Lexmark MS610dte Monochrome Laser Single Function Printer (35S0550),"$1,309.96",https://www.staples.ca/en/Lexmark-MS610dte-Monochrome-Laser-Single-Function-Printer-35S0550-/product_307019_2-CA_1_20001,35S0550,
262,HP® Color LaserJet Enterprise M750xh Printer (D3L10A),"$4,979.99",https://www.staples.ca/en/HP-Color-LaserJet-Enterprise-M750xh-Printer-D3L10A-/product_1841809_2-CA_1_20001,D3L10A#BGJ,
263,HP® LaserJet Enterprise MFP M630f Monochrome Laser Printer (B3G85ABGJ),"$4,342.76",https://www.staples.ca/en/HP-LaserJet-Enterprise-MFP-M630f-Monochrome-Laser-Printer-B3G85ABGJ-/product_1833595_2-CA_1_20001,B3G85ABGJ,
264,Xerox Phaser 7500/DX Colour Laser Printer,"$4,699.99",https://www.staples.ca/en/Xerox-Phaser-7500-DX-Colour-Laser-Printer/product_815770_2-CA_1_20001,7500DX,
265,HP® Color LaserJet Enterprise M651n Printer (CZ255A),"$1,749.99",https://www.staples.ca/en/HP-Color-LaserJet-Enterprise-M651n-Printer-CZ255A-/product_1065023_2-CA_1_20001,CZ255ABGJ,
266,Epson® FX-890N Dot Matrix Printer,$867.30,https://www.staples.ca/en/Epson-FX-890N-Dot-Matrix-Printer/product_740739_2-CA_1_20001,C11C524001NT,
267,Lexmark MS710dn Monochrome Laser Single Function Printer (40G0510),$849.98,https://www.staples.ca/en/Lexmark-MS710dn-Monochrome-Laser-Single-Function-Printer-40G0510-/product_307020_2-CA_1_20001,40G0510,
268,"Xerox Phaser 4622Dt Laser Printer, Monochrome, 1200 X 1200 Dpi Print, Plain Paper Print, Desktop","$1,799.96",https://www.staples.ca/en/Xerox-Phaser-4622Dt-Laser-Printer-Monochrome-1200-X-1200-Dpi-Print-Plain-Paper-Print-Desktop/product_1187525_2-CA_1_20001,4622DT,
269,Lexmark MS711dn Monochrome Laser Single Function Printer (40G0610),"$1,199.98",https://www.staples.ca/en/Lexmark-MS711dn-Monochrome-Laser-Single-Function-Printer-40G0610-/product_307021_2-CA_1_20001,40G0610,
270,HP Envy Photo 7855 Inkjet All-in-One Printer (K7R96A#A2L),$239.94,https://www.staples.ca/en/HP-Envy-Photo-7855-Inkjet-All-in-One-Printer-K7R96A-A2L-/product_2786173_2-CA_1_20001,K7R96A#A2L,
271,Lexmark MX710dhe Monochrome Laser Multifunction Printer (24T7310),"$2,599.98",https://www.staples.ca/en/Lexmark-MX710dhe-Monochrome-Laser-Multifunction-Printer-24T7310-/product_307089_2-CA_1_20001,24T7310,
272,Lexmark CX860dte Multifunction Colour Laser Printer (42K0071),"$13,199.96",https://www.staples.ca/en/Lexmark-CX860dte-Multifunction-Colour-Laser-Printer-42K0071-/product_2396925_2-CA_1_20001,42K0071,
273,Lexmark X954dhe Colour Laser Multifunction Printer (22Z0021),"$15,499.98",https://www.staples.ca/en/Lexmark-X954dhe-Colour-Laser-Multifunction-Printer-22Z0021-/product_307044_2-CA_1_20001,22Z0021,
274,Xerox Phaser 7800/DX Colour Laser Printer,"$6,499.96",https://www.staples.ca/en/Xerox-Phaser-7800-DX-Colour-Laser-Printer/product_164395_2-CA_1_20001,7800DX,
275,Fujitsu® DL7400 Monochrome Dot Matrix Printer,"$1,403.20",https://www.staples.ca/en/Fujitsu-DL7400-Monochrome-Dot-Matrix-Printer/product_1020925_2-CA_1_20001,KA02038-B203,
276,Canon imageCLASS D570 Monochrome Laser Printer (1418C025),$337.50,https://www.staples.ca/en/Canon-imageCLASS-D570-Monochrome-Laser-Printer-1418C025-/product_2724410_2-CA_1_20001,1418C025,
277,HP® LaserJet Enterprise M806dn Printer (CZ244A#BGJ),"$3,859.99",https://www.staples.ca/en/HP-LaserJet-Enterprise-M806dn-Printer-CZ244A-BGJ-/product_390218_2-CA_1_20001,CZ244A#BGJ,
278,Lexmark MX511dhe Monochrome Laser Multifunction Printer (35S5704),"$1,379.96",https://www.staples.ca/en/Lexmark-MX511dhe-Monochrome-Laser-Multifunction-Printer-35S5704-/product_307084_2-CA_1_20001,35S5704,
279,HP PageWide Enterprise Colour MFP 586dn Printer (G1W39A),"$2,549.96",https://www.staples.ca/en/HP-PageWide-Enterprise-Colour-MFP-586dn-Printer-G1W39A-/product_2244800_2-CA_1_20001,G1W39A#BGJ,
280,Lexmark MS610de Monochrome Laser Single Function Printer (35S0500),"$1,079.96",https://www.staples.ca/en/Lexmark-MS610de-Monochrome-Laser-Single-Function-Printer-35S0500-/product_307016_2-CA_1_20001,35S0500,
281,HP® LaserJet Enterprise MFP M630h Monochrome Laser Printer (J7X28ABGJ),"$3,199.96",https://www.staples.ca/en/HP-LaserJet-Enterprise-MFP-M630h-Monochrome-Laser-Printer-J7X28ABGJ-/product_1689380_2-CA_1_20001,J7X28ABGJ,
282,HP LaserJet Enterprise M607N Monochrome Laser Printer (K0Q14A#BGJ),$929.99,https://www.staples.ca/en/HP-LaserJet-Enterprise-M607N-Monochrome-Laser-Printer-K0Q14A-BGJ-/product_2705761_2-CA_1_20001,K0Q14A#BGJ,
283,Lexmark CX825dte Multi Function Colour Laser Printer (42K0041),"$4,699.98",https://www.staples.ca/en/Lexmark-CX825dte-Multi-Function-Colour-Laser-Printer-42K0041-/product_2396923_2-CA_1_20001,42K0041,
284,Xerox WorkCentre 4265/S Monochrome Laser MultiFunction Printer,"$2,999.96",https://www.staples.ca/en/Xerox-WorkCentre-4265-S-Monochrome-Laser-MultiFunction-Printer/product_1499780_2-CA_1_20001,4265S,
285,Lexmark MS811dn Monochrome Laser Single Function Printer (40G0210),"$1,199.98",https://www.staples.ca/en/Lexmark-MS811dn-Monochrome-Laser-Single-Function-Printer-40G0210-/product_307023_2-CA_1_20001,40G0210,
286,Lexmark CS510dte Colour Laser Single Function Printer (28E0100),$949.98,https://www.staples.ca/en/Lexmark-CS510dte-Colour-Laser-Single-Function-Printer-28E0100-/product_307030_2-CA_1_20001,28E0100,
287,"Lexmark™ 2591+ 24 Pin 360 x360 dpi 136 Columns Monochrome Dot MatrixPrinter W/Parallel,556 cps(11C0119)",$632.64,https://www.staples.ca/en/Lexmark-2591-24-Pin-360-x360-dpi-136-Columns-Monochrome-Dot-MatrixPrinter-W-Parallel-556-cps-11C0119-/product_1033570_2-CA_1_20001,11C0119,
288,Lexmark X952dte Colour Laser Multifunction Printer (22Z0020),"$13,499.96",https://www.staples.ca/en/Lexmark-X952dte-Colour-Laser-Multifunction-Printer-22Z0020-/product_307043_2-CA_1_20001,22Z0020,
289,Lexmark MX910de 26Z0100 Mono Laser Multi Function (26Z0100),"$9,599.98",https://www.staples.ca/en/Lexmark-MX910de-26Z0100-Mono-Laser-Multi-Function-26Z0100-/product_1485252_2-CA_1_20001,26Z0100,
290,"Xerox Phaser 4622Dn Laser Printer, Monochrome, 1200 X 1200 Dpi Print, Plain Paper Print, Desktop","$1,499.96",https://www.staples.ca/en/Xerox-Phaser-4622Dn-Laser-Printer-Monochrome-1200-X-1200-Dpi-Print-Plain-Paper-Print-Desktop/product_1187521_2-CA_1_20001,4622DN,
291,Lexmark CS720dte Single Function Colour Laser Printer (40C9101),"$1,699.96",https://www.staples.ca/en/Lexmark-CS720dte-Single-Function-Colour-Laser-Printer-40C9101-/product_2396758_2-CA_1_20001,40C9101,
292,Epson® FX-2190N Wide-Format Dot Matrix Printer,"$1,035.19",https://www.staples.ca/en/Epson-FX-2190N-Wide-Format-Dot-Matrix-Printer/product_740741_2-CA_1_20001,C11C526001NT,
293,"Lexmark C950De LED Printer, Colour, 1200 X 1200 Dpi Print, Plain Paper Print, Desktop (22Z0000)","$4,733.17",https://www.staples.ca/en/Lexmark-C950De-LED-Printer-Colour-1200-X-1200-Dpi-Print-Plain-Paper-Print-Desktop-22Z0000-/product_1187378_2-CA_1_20001,22Z0000,
294,Xerox Phaser 5550/DT Monochrome Laser Printer,"$4,599.99",https://www.staples.ca/en/Xerox-Phaser-5550-DT-Monochrome-Laser-Printer/product_747819_2-CA_1_20001,5550DT,
295,"Lexmark™ 2590n+ 24 Pin 360 x360 dpi 80 Columns Monochrome Dot MatrixPrinter W/RJ-45/USB,556 cps(11C0118)",$640.29,https://www.staples.ca/en/Lexmark-2590n-24-Pin-360-x360-dpi-80-Columns-Monochrome-Dot-MatrixPrinter-W-RJ-45-USB-556-cps-11C0118-/product_1033569_2-CA_1_20001,11C0118,
296,HP LaserJet Enterprise M608Dn Monochrome Laser Printer (K0Q18A#BGJ),"$1,389.99",https://www.staples.ca/en/HP-LaserJet-Enterprise-M608Dn-Monochrome-Laser-Printer-K0Q18A-BGJ-/product_2705763_2-CA_1_20001,K0Q18A#BGJ,
297,"Lexmark™ 2591n+ 24 Pin 360 x360 dpi 136 Columns Monochrome Dot MatrixPrinter W/RJ-45/USB,556 cps(11C2957)",$791.25,https://www.staples.ca/en/Lexmark-2591n-24-Pin-360-x360-dpi-136-Columns-Monochrome-Dot-MatrixPrinter-W-RJ-45-USB-556-cps-11C2957-/product_1033571_2-CA_1_20001,11C2957,
298,HP LaserJet Enterprise Flow M681F Color Multifunction Printer (J8A12A#BGJ),"$4,649.99",https://www.staples.ca/en/HP-LaserJet-Enterprise-Flow-M681F-Color-Multifunction-Printer-J8A12A-BGJ-/product_2795222_2-CA_1_20001,J8A12A#BGJ,
299,Lexmark MS810de Monochrome Laser Single Function Printer (40G0150),"$1,099.98",https://www.staples.ca/en/Lexmark-MS810de-Monochrome-Laser-Single-Function-Printer-40G0150-/product_307022_2-CA_1_20001,40G0150,
300,HP LaserJet Enterprise M652Dn Color Laser Printer (J7Z99A#BGJ),"$1,619.99",https://www.staples.ca/en/HP-LaserJet-Enterprise-M652Dn-Color-Laser-Printer-J7Z99A-BGJ-/product_2764708_2-CA_1_20001,J7Z99A#BGJ,
301,Lexmark CS725dte Single Function Colour Laser Printer (40C9001),"$1,599.98",https://www.staples.ca/en/Lexmark-CS725dte-Single-Function-Colour-Laser-Printer-40C9001-/product_2244847_2-CA_1_20001,40C9001,
302,Lexmark MX811de Monochrome Laser Multifunction Printer (24T7419),"$4,099.98",https://www.staples.ca/en/Lexmark-MX811de-Monochrome-Laser-Multifunction-Printer-24T7419-/product_307102_2-CA_1_20001,24T7419,
303,Xerox Phaser 5550/DN Monochrome Laser Printer,"$3,499.99",https://www.staples.ca/en/Xerox-Phaser-5550-DN-Monochrome-Laser-Printer/product_747817_2-CA_1_20001,5550DN,
304,Lexmark CS720de Single Function Colour Laser Printer (40C9100),"$1,309.96",https://www.staples.ca/en/Lexmark-CS720de-Single-Function-Colour-Laser-Printer-40C9100-/product_2244848_2-CA_1_20001,40C9100,
305,Lexmark MS812de Monochrome Laser Single Function Printer (40G0350),"$1,949.98",https://www.staples.ca/en/Lexmark-MS812de-Monochrome-Laser-Single-Function-Printer-40G0350-/product_307028_2-CA_1_20001,40G0350,
306,Lexmark MX711de Monochrome Laser Multifunction Printer (24T7404),"$3,199.98",https://www.staples.ca/en/Lexmark-MX711de-Monochrome-Laser-Multifunction-Printer-24T7404-/product_307090_2-CA_1_20001,24T7404,
307,Lexmark MX911dte 26Z0101 Mono Laser Multi Function (26Z0101),"$13,699.98",https://www.staples.ca/en/Lexmark-MX911dte-26Z0101-Mono-Laser-Multi-Function-26Z0101-/product_1485253_2-CA_1_20001,26Z0101,
308,Lexmark CX825de Multi Function Colour Laser Printer (42K0040),"$3,999.98",https://www.staples.ca/en/Lexmark-CX825de-Multi-Function-Colour-Laser-Printer-42K0040-/product_2396921_2-CA_1_20001,42K0040,
309,Lexmark MX810dfe Monochrome Laser Multifunction Printer (24T7408),"$3,799.98",https://www.staples.ca/en/Lexmark-MX810dfe-Monochrome-Laser-Multifunction-Printer-24T7408-/product_307094_2-CA_1_20001,24T7408,
310,Lexmark MX810dte Monochrome Laser Multifunction Printer (24T7411),"$3,749.98",https://www.staples.ca/en/Lexmark-MX810dte-Monochrome-Laser-Multifunction-Printer-24T7411-/product_307096_2-CA_1_20001,24T7411,
311,Lexmark CS725de Single Function Colour Laser Printer (40C9000),"$1,799.96",https://www.staples.ca/en/Lexmark-CS725de-Single-Function-Colour-Laser-Printer-40C9000-/product_2180329_2-CA_1_20001,40C9000,
312,Lexmark CX825dtfe Multi Function Colour Laser Printer (42K0042),"$5,049.98",https://www.staples.ca/en/Lexmark-CX825dtfe-Multi-Function-Colour-Laser-Printer-42K0042-/product_2180326_2-CA_1_20001,42K0042,
313,Lexmark CS820dte Single Function Colour Laser Printer (21K0150),"$2,199.98",https://www.staples.ca/en/Lexmark-CS820dte-Single-Function-Colour-Laser-Printer-21K0150-/product_2396832_2-CA_1_20001,21K0150,
314,Lexmark MS812dn Monochrome Laser Single Function Printer (40G0310),"$1,749.98",https://www.staples.ca/en/Lexmark-MS812dn-Monochrome-Laser-Single-Function-Printer-40G0310-/product_307025_2-CA_1_20001,40G0310,
315,"Lexmark™ 2581n+ 9 Pin 240 x144 dpi 136 Columns Monochrome Dot MatrixPrinter W/RJ-45/USB,618 cps(11C2956)",$720.44,https://www.staples.ca/en/Lexmark-2581n-9-Pin-240-x144-dpi-136-Columns-Monochrome-Dot-MatrixPrinter-W-RJ-45-USB-618-cps-11C2956-/product_1033566_2-CA_1_20001,11C2956,
316,Lexmark MS812dtn Monochrome Laser Single Function Printer (40G0470),"$1,999.98",https://www.staples.ca/en/Lexmark-MS812dtn-Monochrome-Laser-Single-Function-Printer-40G0470-/product_307026_2-CA_1_20001,40G0470,
317,HP LaserJet Enterprise Flow M682Z Color Multifunction Printer (J8A17A#BGJ),"$7,169.99",https://www.staples.ca/en/HP-LaserJet-Enterprise-Flow-M682Z-Color-Multifunction-Printer-J8A17A-BGJ-/product_2795224_2-CA_1_20001,J8A17A#BGJ,
318,Lexmark MX711dthe Monochrome Laser Multifunction Printer (24T7406),"$3,749.98",https://www.staples.ca/en/Lexmark-MX711dthe-Monochrome-Laser-Multifunction-Printer-24T7406-/product_307092_2-CA_1_20001,24T7406,
319,Lexmark MX811dxme Monochrome Laser Multifunction Printer (24T7430),"$4,899.98",https://www.staples.ca/en/Lexmark-MX811dxme-Monochrome-Laser-Multifunction-Printer-24T7430-/product_307111_2-CA_1_20001,24T7430,
320,Lexmark MX810dxfe Monochrome Laser Multifunction Printer (24T7416),"$4,299.98",https://www.staples.ca/en/Lexmark-MX810dxfe-Monochrome-Laser-Multifunction-Printer-24T7416-/product_307100_2-CA_1_20001,24T7416,
321,Lexmark CX860de Multi Function Colour Laser Printer (42K0070),"$11,999.96",https://www.staples.ca/en/Lexmark-CX860de-Multi-Function-Colour-Laser-Printer-42K0070-/product_2396924_2-CA_1_20001,42K0070,
322,Lexmark MX811dxfe Monochrome Laser Multifunction Printer (24T7428),"$4,899.98",https://www.staples.ca/en/Lexmark-MX811dxfe-Monochrome-Laser-Multifunction-Printer-24T7428-/product_307110_2-CA_1_20001,24T7428,
323,HP LaserJet Enterprise M653Dn Color Laser Printer (J8A04A#BGJ),"$2,049.99",https://www.staples.ca/en/HP-LaserJet-Enterprise-M653Dn-Color-Laser-Printer-J8A04A-BGJ-/product_2735801_2-CA_1_20001,J8A04A#BGJ,
324,Lexmark MX810dtme Monochrome Laser Multifunction Printer (24T7414),"$4,049.98",https://www.staples.ca/en/Lexmark-MX810dtme-Monochrome-Laser-Multifunction-Printer-24T7414-/product_307098_2-CA_1_20001,24T7414,
325,HP LaserJet Enterprise M609X Monochrome Laser Printer (K0Q22A#BGJ),"$2,499.99",https://www.staples.ca/en/HP-LaserJet-Enterprise-M609X-Monochrome-Laser-Printer-K0Q22A-BGJ-/product_2735799_2-CA_1_20001,K0Q22A#BGJ,
326,Lexmark MX610de Monochrome Laser Multifunction Printer (35S6700),"$1,399.98",https://www.staples.ca/en/Lexmark-MX610de-Monochrome-Laser-Multifunction-Printer-35S6700-/product_307085_2-CA_1_20001,35S6700,
327,Lexmark CX820dtfe Multi Function Colour Laser Printer (42K0012),"$4,799.98",https://www.staples.ca/en/Lexmark-CX820dtfe-Multi-Function-Colour-Laser-Printer-42K0012-/product_2396920_2-CA_1_20001,42K0012,
328,Lexmark MX812dxme Monochrome Laser Multifunction Printer (24T7442),"$5,499.98",https://www.staples.ca/en/Lexmark-MX812dxme-Monochrome-Laser-Multifunction-Printer-24T7442-/product_307120_2-CA_1_20001,24T7442,
329,Lexmark MX812dtme Monochrome Laser Multifunction Printer (24T7438),"$5,249.98",https://www.staples.ca/en/Lexmark-MX812dtme-Monochrome-Laser-Multifunction-Printer-24T7438-/product_307117_2-CA_1_20001,24T7438,
330,Lexmark MX810dme Monochrome Laser Multifunction Printer (24T7410),"$3,799.98",https://www.staples.ca/en/Lexmark-MX810dme-Monochrome-Laser-Multifunction-Printer-24T7410-/product_307095_2-CA_1_20001,24T7410,
331,Lexmark MX711dhe Monochrome Laser Multifunction Printer (24T7320),"$3,499.98",https://www.staples.ca/en/Lexmark-MX711dhe-Monochrome-Laser-Multifunction-Printer-24T7320-/product_307091_2-CA_1_20001,24T7320,
332,Lexmark MX810dtfe Monochrome Laser Multifunction Printer (24T7412),"$4,049.98",https://www.staples.ca/en/Lexmark-MX810dtfe-Monochrome-Laser-Multifunction-Printer-24T7412-/product_307097_2-CA_1_20001,24T7412,
333,Lexmark MX810dxme Monochrome Laser Multifunction Printer (24T7418),"$4,299.98",https://www.staples.ca/en/Lexmark-MX810dxme-Monochrome-Laser-Multifunction-Printer-24T7418-/product_307101_2-CA_1_20001,24T7418,
334,Lexmark CS820de Single Function Colour Laser Printer (21K0200),"$2,659.96",https://www.staples.ca/en/Lexmark-CS820de-Single-Function-Colour-Laser-Printer-21K0200-/product_2300517_2-CA_1_20001,21K0200,
335,HP LaserJet Enterprise M608N Monochrome Laser Printer (K0Q17A#BGJ),"$1,199.99",https://www.staples.ca/en/HP-LaserJet-Enterprise-M608N-Monochrome-Laser-Printer-K0Q17A-BGJ-/product_2705765_2-CA_1_20001,K0Q17A#BGJ,
336,Lexmark MX810dxe Monochrome Laser Multifunction Printer (24T7415),"$3,999.98",https://www.staples.ca/en/Lexmark-MX810dxe-Monochrome-Laser-Multifunction-Printer-24T7415-/product_307099_2-CA_1_20001,24T7415,
337,HP LaserJet Enterprise M607Dn Monochrome Laser Printer (K0Q15A#BGJ),"$1,179.99",https://www.staples.ca/en/HP-LaserJet-Enterprise-M607Dn-Monochrome-Laser-Printer-K0Q15A-BGJ-/product_2705764_2-CA_1_20001,K0Q15A#BGJ,
338,HP LaserJet Enterprise M608X Monochrome Laser Printer (K0Q19A#BGJ),"$1,799.99",https://www.staples.ca/en/HP-LaserJet-Enterprise-M608X-Monochrome-Laser-Printer-K0Q19A-BGJ-/product_2735509_2-CA_1_20001,K0Q19A#BGJ,
339,Lexmark MX811dxe Monochrome Laser Multifunction Printer (24T7427),"$4,599.98",https://www.staples.ca/en/Lexmark-MX811dxe-Monochrome-Laser-Multifunction-Printer-24T7427-/product_307108_2-CA_1_20001,24T7427,
340,HP LaserJet Enterprise M609Dn Monochrome Laser Printer (K0Q21A#BGJ),"$2,049.99",https://www.staples.ca/en/HP-LaserJet-Enterprise-M609Dn-Monochrome-Laser-Printer-K0Q21A-BGJ-/product_2764647_2-CA_1_20001,K0Q21A#BGJ,
341,Lexmark MX812dxfe Monochrome Laser Multifunction Printer (24T7440),"$5,499.98",https://www.staples.ca/en/Lexmark-MX812dxfe-Monochrome-Laser-Multifunction-Printer-24T7440-/product_307119_2-CA_1_20001,24T7440,
342,HP LaserJet Enterprise M653X Color Laser Printer (J8A05A#BGJ),"$2,499.99",https://www.staples.ca/en/HP-LaserJet-Enterprise-M653X-Color-Laser-Printer-J8A05A-BGJ-/product_2795221_2-CA_1_20001,J8A05A#BGJ,
343,Lexmark CX820de Multi Function Colour Laser Printer (42K0010),"$3,499.98",https://www.staples.ca/en/Lexmark-CX820de-Multi-Function-Colour-Laser-Printer-42K0010-/product_2396919_2-CA_1_20001,42K0010,
344,HP LaserJet Enterprise Flow M681Z Color Multifunction Printer (J8A13A#BGJ),"$6,449.99",https://www.staples.ca/en/HP-LaserJet-Enterprise-Flow-M681Z-Color-Multifunction-Printer-J8A13A-BGJ-/product_2795223_2-CA_1_20001,J8A13A#BGJ,
345,HP LaserJet Enterprise M652N Color Laser Printer (J7Z98A#BGJ),"$1,249.99",https://www.staples.ca/en/HP-LaserJet-Enterprise-M652N-Color-Laser-Printer-J7Z98A-BGJ-/product_2735800_2-CA_1_20001,J7Z98A#BGJ,
