ID,Name,Price,Link,Images
0,LG 24LJ4540 24-Inch HD 720p LED TV (2017),189.99,https://www.newegg.ca/Product/Product.aspx?Item=16C-000P-001A2CVF,https://images10.newegg.com/NeweggImage/ProductImageCompressAll300/16C-000P-001A2-S01.jpg?ex=2
1,"Samsung UN50JU6500 50"" Class 4K Ultra HD Smart LED TV","1,199.99",https://www.newegg.ca/Product/Product.aspx?Item=9SIA8992WU2441,https://images10.newegg.com/ProductImageCompressAll300/89-354-973-01.jpg?ex=2
2,"Haier 65"" LED HDTV 1080P 120Hz","1,299.99",https://www.newegg.ca/Product/Product.aspx?Item=9SIA9W43JU2424,https://images10.newegg.com/ProductImageCompressAll300/A9W4_130923362029578131VDivfh5T8V.jpg?ex=2
3,"Hisense 32"" H3 Series 1366x768 LED TV (32H3B)",279.99,https://www.newegg.ca/Product/Product.aspx?Item=9SIAE345WC7551,https://images10.newegg.com/NeweggImage/ProductImageCompressAll300/AE34_1_201706291020346215.jpg?ex=2
4,"Proscan 49"" 4K UHD LED TV (PLDED4935A)",599.99,https://www.newegg.ca/Product/Product.aspx?Item=9SIAE345WC7564,https://images10.newegg.com/NeweggImage/ProductImageCompressAll300/AE34_1_20170629341616570.jpg?ex=2
5,"Axess TVD1801-13 13.3"" LED AC/DC TV with DVD Player Brand New TVD-1801",231.77,https://www.newegg.ca/Product/Product.aspx?Item=9SIA90R6DV5070,https://images10.newegg.com/NeweggImage/ProductImageCompressAll300/A391_130927836332480081oYWWx0EJ0U.jpg?ex=2
6,"LG 55LF5950 55"" 1080p LED Smart TV","1,199.99",https://www.newegg.ca/Product/Product.aspx?Item=9SIA8993T95562,https://images10.newegg.com/ProductImageCompressAll300/A5SR_1308552925963125537K9mfAdrde.jpg?ex=2
7,"Samsung MU6500 Curved 65"" 4K UHD with Wi-Fi Smart TV (UN65MU6500)","2,099.99",https://www.newegg.ca/Product/Product.aspx?Item=9SIAE345WC7569,https://images10.newegg.com/NeweggImage/ProductImageCompressAll300/AE34_1_20170629941221957.jpg?ex=2
8,"Proscan 40"" 4K UHD LED TV (PLED4049)",499.99,https://www.newegg.ca/Product/Product.aspx?Item=9SIAE345WC7542,https://images10.newegg.com/NeweggImage/ProductImageCompressAll300/AE34_1_201706291508692557.jpg?ex=2
9,"Sharp 65"" N5200 series 1080p Full HD Smart TV (LC65N5200U)","1,699.99",https://www.newegg.ca/Product/Product.aspx?Item=9SIAE345WC7529,https://images10.newegg.com/NeweggImage/ProductImageCompressAll300/AE34_1_20170629230239855.jpg?ex=2
10,"Hisense 49"" 1080p 60Hz LED TV (49H3C)",545.00,https://www.newegg.ca/Product/Product.aspx?Item=9SIAE345WC7507,https://images10.newegg.com/NeweggImage/ProductImageCompressAll300/AE34_1_201706291614531259.jpg?ex=2
11,"Samsung 8 Series 75"" 4K UHD 240 Smart LED TV (UN75MU8000)","5,499.99",https://www.newegg.ca/Product/Product.aspx?Item=9SIAE345WC7535,https://images10.newegg.com/NeweggImage/ProductImageCompressAll300/AE34_1_201706291711995087.jpg?ex=2
12,Hisense 50H4C 50-Inch 1080p Smart LED TV,647.99,https://www.newegg.ca/Product/Product.aspx?Item=9SIAE345WC7516,https://images10.newegg.com/NeweggImage/ProductImageCompressAll300/A0ZX_1_20160714929003448.jpg?ex=2
13,SAMSUNG - HOSPITALITY TVS 48IN PRO IDIOM SMART LED TV,799.99,https://www.newegg.ca/Product/Product.aspx?Item=16C-0003-00244CVF,https://images10.newegg.com/NeweggImage/ProductImageCompressAll300/16C-0003-00244CVF-S01.jpg?ex=2
14,Samsung 55-Inch UN55KS9000 4K Ultra HD Smart LED TV,"1,800.00",https://www.newegg.ca/Product/Product.aspx?Item=9SIA5SF59X3551,https://images10.newegg.com/NeweggImage/ProductImageCompressAll300/A5SF_131303750664639873aK1AQWG6F1.jpg?ex=2
15,"Avera Digital 40"" 1080p 60Hz LED-LCD HDTV 40AER10",349.95,https://www.newegg.ca/Product/Product.aspx?Item=9SIA8X058K8302,https://images10.newegg.com/NeweggImage/ProductImageCompressAll300/89-651-003-15.jpg?ex=2
16,"Samsung J6201 Series 55"" 1080p Motion Rate 120 LED HD Smart TV (UN55J6201)","1,099.99",https://www.newegg.ca/Product/Product.aspx?Item=9SIAE345WC7553,https://images10.newegg.com/NeweggImage/ProductImageCompressAll300/AE34_1_201706291587430429.jpg?ex=2
17,"Samsung 24"" 720p Edgelit HD Smart LED TV (UN24H4500)",279.99,https://www.newegg.ca/Product/Product.aspx?Item=9SIAE345WC7592,https://images10.newegg.com/NeweggImage/ProductImageCompressAll300/AE34_1_201706291468299255.jpg?ex=2
18,"Panasonic 55"" 4K Ultra HD Smart LED TV (TC55EX600)","1,499.00",https://www.newegg.ca/Product/Product.aspx?Item=9SIAE345WC7494,https://images10.newegg.com/NeweggImage/ProductImageCompressAll300/AE34_1_20170629769413867.jpg?ex=2
19,"Samsung 8 Series 82"" UHD 240 Smart LED TV (UN82MU8000)","6,999.99",https://www.newegg.ca/Product/Product.aspx?Item=9SIAE345WC7523,https://images10.newegg.com/NeweggImage/ProductImageCompressAll300/AE34_1_20170629519302909.jpg?ex=2
20,"Samsung KU6270 Series 60"" 4K UHD Smart TV (UN60KU6270)","1,699.99",https://www.newegg.ca/Product/Product.aspx?Item=9SIAE345WC7526,https://images10.newegg.com/NeweggImage/ProductImageCompressAll300/AE34_1_201706291300724718.jpg?ex=2
21,"Hisense 55"" U6 Series 4K UHD Smart TV (55U6)",999.99,https://www.newegg.ca/Product/Product.aspx?Item=9SIAE345WC7578,https://images10.newegg.com/NeweggImage/ProductImageCompressAll300/AE34_1_201706291927384025.jpg?ex=2
22,LG Electronics 42LF5800 42-Inch 1080p Smart LED TV (2015 Model),599.99,https://www.newegg.ca/Product/Product.aspx?Item=9SIA89937V1811,https://images10.newegg.com/ProductImageCompressAll300/89-007-037-06.jpg?ex=2
23,"LG 65"" 2160p 120Hz LED-LCD HDTV 65UF6450","2,059.99",https://www.newegg.ca/Product/Product.aspx?Item=9SIA9U13SA9555,https://images10.newegg.com/ProductImageCompressAll300/A5SR_130869925368812842kunXCDAh86.jpg?ex=2
24,55-Inch Samsung UN55KS8500 Curved 4K SUHD Smart LED TV (2016),"1,599.99",https://www.newegg.ca/Product/Product.aspx?Item=9SIA5SF44A6871,https://images10.newegg.com/ProductImageCompressAll300/A5SF_131081607425744922Gv0sLxmvfz.jpg?ex=2
25,"LG 65"" 4K UHD HDR OLED Smart TV (OLED65B7P)","3,699.99",https://www.newegg.ca/Product/Product.aspx?Item=9SIA5SF5UC5304,https://images10.newegg.com/NeweggImage/ProductImageCompressAll300/ABH5_131505037433622233lnRm1kqLBY.jpg?ex=2
26,"Samsung HG40ND690DFXZA 40"" Full HD Smart TV Black LED TV","1,029.99",https://www.newegg.ca/Product/Product.aspx?Item=9SIA9U16DW0511,https://images10.newegg.com/NeweggImage/ProductImageCompressAll300/09Z-01HK-00081-06.jpg?ex=2
27,"Hisense 50"" H6 Series 4K UHD 120 60Hz Smart TV (50H6607)",999.99,https://www.newegg.ca/Product/Product.aspx?Item=9SIAE345WC7524,https://images10.newegg.com/NeweggImage/ProductImageCompressAll300/AE34_1_2017062942966117.jpg?ex=2
28,"Sharp 65"" N7000 series 4K UHD Smart TV (LC65N7000U)","2,299.99",https://www.newegg.ca/Product/Product.aspx?Item=9SIAE345WC7544,https://images10.newegg.com/NeweggImage/ProductImageCompressAll300/AE34_1_20170629269521590.jpg?ex=2
29,"Hisense Roku 32"" 720p Smart LED TV (32H4C)",349.99,https://www.newegg.ca/Product/Product.aspx?Item=9SIAE345WC7534,https://images10.newegg.com/NeweggImage/ProductImageCompressAll300/AE34_1_201706291580261974.jpg?ex=2
30,VIZIO D50-E1 D-Series 50-Inch 4K UHD Smart LED TV (2017),"1,041.99",https://www.newegg.ca/Product/Product.aspx?Item=9SIA7BB65C4411,https://images10.newegg.com/NeweggImage/ProductImageCompressAll300/16C-0014-000M0-S01.jpg?ex=2
31,"LG 49LF5900 49"" 1080p 60Hz IPS LED Smart TV (49LF5900)",999.99,https://www.newegg.ca/Product/Product.aspx?Item=9SIA9U13SA8862,https://images10.newegg.com/ProductImageCompressAll300/A899_130838722533164840KzXn9TxY2l.jpg?ex=2
32,Panasonic TC40D400 40 Inch HD Television with Easey-to-Use Features,499.00,https://www.newegg.ca/Product/Product.aspx?Item=9SIA7DC53D3637,https://images10.newegg.com/ProductImageCompressAll300/A7DC_1312386415437980573TPOhFw56k.jpg?ex=2
33,Samsung HG55NE890UFXZA 55Inch Ultra Slim Edge Lit Led,"2,399.99",https://www.newegg.ca/Product/Product.aspx?Item=0WX-0012-00626CVF,https://images10.newegg.com/NeweggImage/ProductImageCompressAll300/A91N_1_20160901697888023.jpg?ex=2
34,"Sharp 55"" 4K UHD 120 AquoMotion Smart LED TV (LC55N8002U)","1,499.99",https://www.newegg.ca/Product/Product.aspx?Item=9SIAE345WC7545,https://images10.newegg.com/NeweggImage/ProductImageCompressAll300/AE34_1_20170629366986162.jpg?ex=2
35,Samsung UN49K6250 Curved 49-Inch 1080P Smart LED TV,"1,399.00",https://www.newegg.ca/Product/Product.aspx?Item=9SIA9U15UX6525,https://images10.newegg.com/NeweggImage/ProductImageCompressAll300/A9U1_131420180996921221P0U0OhQ7mH.jpg?ex=2
36,"Samsung KU6490 Series 65"" Curved 4K UHD Smart TV - Dark Titan Colour (UN65KU6491)","2,099.99",https://www.newegg.ca/Product/Product.aspx?Item=9SIAE345WC7582,https://images10.newegg.com/NeweggImage/ProductImageCompressAll300/AE34_1_20170629524241339.jpg?ex=2
37,"VIZIO M50-D1 50"" 4K 120Hz LED-LCD HDTV, Black",899.99,https://www.newegg.ca/Product/Product.aspx?Item=N82E16889262512CVF,https://images10.newegg.com/NeweggImage/ProductImageCompressAll300/89-262-512-02.jpg?ex=2
38,"SAMSUNG 32"" UN32J4000CFXZC 720P LED TV 2015 MODEL",281.18,https://www.newegg.ca/Product/Product.aspx?Item=9SIAA4Y6FD3712,https://images10.newegg.com/NeweggImage/ProductImageCompressAll300/AA4Y_131516912132063661bH8AVv2fPz.jpg?ex=2
39,"Samsung KU6290 Series 70"" 4K UHD Smart TV (UN70KU6290)","2,999.99",https://www.newegg.ca/Product/Product.aspx?Item=9SIAE345WC7547,https://images10.newegg.com/NeweggImage/ProductImageCompressAll300/AE34_1_2017062973785963.jpg?ex=2
40,Samsung Electronics UN55MU6500 55-Inch Curved  4K Ultra HD Smart LED TV,999.99,https://www.newegg.ca/Product/Product.aspx?Item=9SIA5SF5UC1234,https://images10.newegg.com/NeweggImage/ProductImageCompressAll300/A5SF_131412468173384354n2yXVdai7q.jpg?ex=2
41,"Sharp 60"" N5100 Series 1080p Full HD Smart TV (LC60N5100U)","1,499.99",https://www.newegg.ca/Product/Product.aspx?Item=9SIAE345WC7555,https://images10.newegg.com/NeweggImage/ProductImageCompressAll300/AE34_1_20170629406763904.jpg?ex=2
42,"Samsung UN48H4005 48"" Class 720p 60Hz LED HDTV",589.99,https://www.newegg.ca/Product/Product.aspx?Item=9SIA8993966845,https://images10.newegg.com/ProductImageCompressAll300/A899_130979494643408665cO6IG9Q5RC.jpg?ex=2
43,"Samsung 60"" 4K Ultra HD LED Tizen Smart TV (UN60KU6290)","1,899.99",https://www.newegg.ca/Product/Product.aspx?Item=9SIA9U156B0585,https://images10.newegg.com/ProductImageCompressAll300/A9U1_131268333586724780nRMEBR6RBY.jpg?ex=2
44,"Sharp 65"" 4K UHD 120 AquoMotion Smart LED TV (LC65N8002U)","2,099.99",https://www.newegg.ca/Product/Product.aspx?Item=9SIAE345WC7530,https://images10.newegg.com/NeweggImage/ProductImageCompressAll300/AE34_1_20170629494522133.jpg?ex=2
45,LG Electronics 55UF6800 55-Inch 4K Ultra HD Smart LED TV (2015 Model),"1,599.99",https://www.newegg.ca/Product/Product.aspx?Item=9SIA8993FK5755,https://images10.newegg.com/ProductImageCompressAll300/A5SR_130855252715103453k0uRIM9v8w.jpg?ex=2
46,"Samsung MU9000 65"" 4K UHD with Wi-Fi Smart TV (UN65MU9000)","3,597.99",https://www.newegg.ca/Product/Product.aspx?Item=9SIAE345WC7531,https://images10.newegg.com/NeweggImage/ProductImageCompressAll300/AE34_1_201706291619334645.jpg?ex=2
47,Panasonic TC32C400 32 inch Television with Easy-to-Use Features,299.00,https://www.newegg.ca/Product/Product.aspx?Item=9SIA7DC5318990,https://images10.newegg.com/ProductImageCompressAll300/A7DC_131238639425660332nzgdvggMtK.jpg?ex=2
48,PC WHOLESALE 55KU6290 4K SMART TV,"1,700.00",https://www.newegg.ca/Product/Product.aspx?Item=9SIA9U15528716,https://images10.newegg.com/ProductImageCompressAll300/A9U1_131263908994153263yDiDUdmqaF.jpg?ex=2
49,"Sharp 50"" 4K UHD 120 AquoMotion Smart LED TV (LC50N8002U)","1,199.99",https://www.newegg.ca/Product/Product.aspx?Item=9SIAE345WC7527,https://images10.newegg.com/NeweggImage/ProductImageCompressAll300/AE34_1_20170629508117180.jpg?ex=2
50,LG 50LF5800 50-in. Smart 1080p LED TV,899.99,https://www.newegg.ca/Product/Product.aspx?Item=9SIA89937V1810,https://images10.newegg.com/ProductImageCompressAll300/A899_130838725078025766jD2WQQDHBY.jpg?ex=2
51,"Proscan 55"" 1080p 120Hz LED HDTV PLED5529A",699.98,https://www.newegg.ca/Product/Product.aspx?Item=9SIAE345WC7703,https://images10.newegg.com/NeweggImage/ProductImageCompressAll300/AE34_1_20170629460554887.jpg?ex=2
52,"Samsung 75"" 4K UHD HDR LED Tizen Smart TV UN75MU6300FXZC","2,799.99",https://www.newegg.ca/Product/Product.aspx?Item=9SIA5SF5UC2625,https://images10.newegg.com/NeweggImage/ProductImageCompressAll300/A5SF_1314125074998170450tHcttiFkT.jpg?ex=2
53,"Samsung KS9500 Series 65"" Curved Supreme Motion Rate 240 4K SUHD Smart LED TV","2,559.99",https://www.newegg.ca/Product/Product.aspx?Item=9SIA5SF5YN4540,https://images10.newegg.com/NeweggImage/ProductImageCompressAll300/AE34_1_2017062913092704.jpg?ex=2
54,SHARP PNLE901 W/3YR LTD COM WARR,"9,226.99",https://www.newegg.ca/Product/Product.aspx?Item=16C-000W-000E2CVF,https://images10.newegg.com/NeweggImage/ProductImageCompressAll300/16C-000W-000E2-S02.jpg?ex=2
55,"Sharp 55"" 4K UHD 120 AquoMotion Smart LED TV (LC55N7002U)","1,199.99",https://www.newegg.ca/Product/Product.aspx?Item=9SIAE345WC7493,https://images10.newegg.com/NeweggImage/ProductImageCompressAll300/AE34_1_201706291059543114.jpg?ex=2
56,Samsung HG32NE478BFXZA 32In Slim Direct Lit Led Blan Pro Idiom,479.99,https://www.newegg.ca/Product/Product.aspx?Item=1YF-007D-00001CVF,https://images10.newegg.com/NeweggImage/ProductImageCompressAll300/A91N_1_201606291226066966.jpg?ex=2
57,"Proscan 32"" 720p 60Hz LED HD TV + Roku Stick Included! (PLDED3231A)",299.99,https://www.newegg.ca/Product/Product.aspx?Item=9SIAE345WC7521,https://images10.newegg.com/NeweggImage/ProductImageCompressAll300/AE34_1_20170629175166142.jpg?ex=2
58,"Samsung MU6500 49"" Curved 4K UHD with Wi-Fi Smart TV (UN49MU6500)","1,199.99",https://www.newegg.ca/Product/Product.aspx?Item=9SIAE345WC7492,https://images10.newegg.com/NeweggImage/ProductImageCompressAll300/AE34_1_20170629213700650.jpg?ex=2
59,"Samsung KU7000 Series 65"" 4K UHD Smart TV (UN65KU7000)","2,499.99",https://www.newegg.ca/Product/Product.aspx?Item=9SIAE345WC7511,https://images10.newegg.com/NeweggImage/ProductImageCompressAll300/AE34_1_201706291363140571.jpg?ex=2
60,"Proscan 65"" 60Hz D-LED 4K UHD TV (PLDED6535A)","1,199.99",https://www.newegg.ca/Product/Product.aspx?Item=9SIAE345WC7546,https://images10.newegg.com/NeweggImage/ProductImageCompressAll300/AE34_1_201706291018434436.jpg?ex=2
61,"Vizio D24Hn-E1 D-Series - 24"" Class (23.54"" Viewable) Led Tv",199.99,https://www.newegg.ca/Product/Product.aspx?Item=16C-0014-000P9CVF,https://images10.newegg.com/NeweggImage/ProductImageCompressAll300/16C-0014-000P9CVF-S01.jpg?ex=2
62,Samsung UN65KU7000 65-Inch 4K Ultra HD Smart LED TV,"1,599.99",https://www.newegg.ca/Product/Product.aspx?Item=9SIA5SF55J4142,https://images10.newegg.com/ProductImageCompressAll300/A5SF_131257958799597980FrPD19SQmp.jpg?ex=2
63,"Hisense 50"" H7 Series 4K UHD Bluetooth Smart TV (50H7607)","1,099.99",https://www.newegg.ca/Product/Product.aspx?Item=9SIAE345WC7581,https://images10.newegg.com/NeweggImage/ProductImageCompressAll300/AE34_1_2017062994269096.jpg?ex=2
64,"Samsung KU6270 Series 40"" 4K UHD Smart TV (UN40KU6270)",799.99,https://www.newegg.ca/Product/Product.aspx?Item=9SIAE345WC7537,https://images10.newegg.com/NeweggImage/ProductImageCompressAll300/AE34_1_20170629949673311.jpg?ex=2
65,LG Electronics 43UH6500 43-Inch 4K Ultra HD Smart LED TV (2016 Model),"1,099.99",https://www.newegg.ca/Product/Product.aspx?Item=9SIA89941F7669,https://images10.newegg.com/ProductImageCompressAll300/A4P0_131044418107204549zQHx986BJP.jpg?ex=2
66,LG Electronics 55LF6100 55-Inch 1080p Smart LED TV (2015 Model),"1,099.99",https://www.newegg.ca/Product/Product.aspx?Item=9SIA8993FK5753,https://images10.newegg.com/ProductImageCompressAll300/89-007-032-06.jpg?ex=2
67,"Westinghouse 43"" 4K LED-LCD HDTV",299.99,https://www.newegg.ca/Product/Product.aspx?Item=N82E16889234101,https://images10.newegg.com/NeweggImage/ProductImageCompressAll300/89-234-101-S01.jpg?ex=2
68,"RCA 24"" 1080p 60Hz LED TV",129.99,https://www.newegg.ca/Product/Product.aspx?Item=N82E16889206111,https://images10.newegg.com/NeweggImage/ProductImageCompressAll300/89-206-111-Z01.jpg?ex=2
69,"Quasar 24"" 720p LED-LCD HDTV",129.99,https://www.newegg.ca/Product/Product.aspx?Item=N82E16889997004,https://images10.newegg.com/NeweggImage/ProductImageCompressAll300/89-997-004-Z01.jpg?ex=2
70,"RCA LED20G30RQ  20"" LED TV, Black",99.99,https://www.newegg.ca/Product/Product.aspx?Item=16C-0028-00013,https://images10.newegg.com/NeweggImage/ProductImageCompressAll300/A9SK_1_201611011234179135.jpg?ex=2
71,LG 49UH6100.A 49-inch 4K Ultra HD LED Smart TV - 3840 x 2160 - TruMotion 120 Hz - webOS 3.0 - Wi-Fi - HDMI,549.00,https://www.newegg.ca/Product/Product.aspx?Item=9SIAD785F32776,https://images10.newegg.com/NeweggImage/ProductImageCompressAll300/A22F_1_201611121876737557.jpg?ex=2
72,"LG LH5750 55LH5750 55"" 1080p LED-LCD TV - 16:9 - HDTV 1080p - Black - ATSC - 1920 x 1080 - Virtual Surround Plus - 20 W RMS - Direct LED - Smart TV - 2 x HDMI - USB - Ethernet - Wireless LAN - PC ...",799.00,https://www.newegg.ca/Product/Product.aspx?Item=9SIAD785F32658,https://images10.newegg.com/NeweggImage/ProductImageCompressAll300/A22F_1_20161015297674473.jpg?ex=2
73,Samsung 8-Series UN55KS8500 55-inch Class 4K SUHD Smart Curved LED TV - 3840 x 2160 - 240 MR - Black,"2,099.99",https://www.newegg.ca/Product/Product.aspx?Item=9SIA8994Z16188,https://images10.newegg.com/ProductImageCompressAll300/A22F_1_201609222053005671.jpg?ex=2
74,LG 55UF6800 55-inch LED Smart 4K Ultra HDTV - 3840 x 2160 - TruMotion 120 Hz - Quad-Core Processor - webOS 2.0 - Wi-Fi - HDMI,999.00,https://www.newegg.ca/Product/Product.aspx?Item=9SIAD785F32834,https://images10.newegg.com/NeweggImage/ProductImageCompressAll300/V02W_1_20151113932229734.jpg?ex=2
75,LG UH5500 50UH5500 50-inch 4k Ultra HD LED Smart TV - 3840 x 2160 - TruMotion 120 Hz - webOS 3.0 - Magic Remote - Wi-Fi - HDMI,849.00,https://www.newegg.ca/Product/Product.aspx?Item=9SIAD785F32833,https://images10.newegg.com/NeweggImage/ProductImageCompressAll300/A22F_1_20161015656721142.jpg?ex=2
76,"L.G  65EG9600 65"" Smart Curved 4K OLED 3D TV w/webOS 2.0","3,499.00",https://www.newegg.ca/Product/Product.aspx?Item=9SIAD785F32655,https://images10.newegg.com/NeweggImage/ProductImageCompressAll300/A299_1_20160211639080855.jpg?ex=2
77,LG UH5500 65UH5500 65-inch 4k Ultra HD LED Smart TV - 3840 x 2160 - TruMotion 120 Hz - webOS 3.0 - Magic Remote - Wi-Fi - HDMI,"1,399.00",https://www.newegg.ca/Product/Product.aspx?Item=9SIAD785HN6515,https://images10.newegg.com/NeweggImage/ProductImageCompressAll300/A22F_1_201610151574872097.jpg?ex=2
78,"LG 55"" 1080p LED-LCD HDTV -","1,750.00",https://www.newegg.ca/Product/Product.aspx?Item=9SIAD785HN6524,https://images10.newegg.com/NeweggImage/ProductImageCompressAll300/89-007-170-01.jpg?ex=2
79,LG Electronics 55UH7650 55-Inch 4K Ultra HD LED Smart TV Grade A,"1,650.00",https://www.newegg.ca/Product/Product.aspx?Item=9SIAD785HN6523,https://images10.newegg.com/NeweggImage/ProductImageCompressAll300/AD78_1_201703171213820544.jpg?ex=2
80,Samsung UN60J6200 60-in. 1080p Smart LED TV,"1,230.00",https://www.newegg.ca/Product/Product.aspx?Item=9SIA8993208684,https://images10.newegg.com/ProductImageCompressAll300/A899_130807592222289056vgwHdbI6i3.jpg?ex=2
81,Samsung 6-Series UN55KU6290 55-inch 4K Ultra HD Smart LED TV - 3840 x 2160 - 120 MR - Black,"1,100.00",https://www.newegg.ca/Product/Product.aspx?Item=9SIA8995264816,https://images10.newegg.com/ProductImageCompressAll300/A22F_1_201610151916465118.jpg?ex=2
82,"LG 55"" 1080p Curved OLED 3D WiFi Smart Cinema Screen Dual Core THX Certified","1,750.00",https://www.newegg.ca/Product/Product.aspx?Item=9SIAD785HN6513,https://images10.newegg.com/NeweggImage/ProductImageCompressAll300/89-007-089-01.jpg?ex=2
83,"49"" UF6900 4K UHD Smart LED TV with webOS",849.00,https://www.newegg.ca/Product/Product.aspx?Item=9SIAD785HN6519,https://images10.newegg.com/NeweggImage/ProductImageCompressAll300/AD78_131383052264633735RBhYLevqbx.jpg?ex=2
84,"LG OLED65B6P 65"" 2160p OLED TV - 16:9 - 4K UHDTV - NTSC - 3840 x 2160 - Dolby Digital, DTS, Surround - 4 x HDMI - USB - Ethernet - Wireless LAN - PC Streaming - Internet Access - Media Player","4,199.00",https://www.newegg.ca/Product/Product.aspx?Item=9SIAD785F32596,https://images10.newegg.com/NeweggImage/ProductImageCompressAll300/A22F_1_20161210467162321.jpg?ex=2
85,"LG 55"" 1080p 120Hz LED-LCD HDTV",699.00,https://www.newegg.ca/Product/Product.aspx?Item=9SIAD785HN6522,https://images10.newegg.com/NeweggImage/ProductImageCompressAll300/89-007-110-01.jpg?ex=2
86,Samsung UN48J6520 48-in. 1080p Smart Curved LED TV,929.99,https://www.newegg.ca/Product/Product.aspx?Item=9SIA8993219979,https://images10.newegg.com/ProductImageCompressAll300/A899_130807746944716506aogYyVMzdi.jpg?ex=2
87,"Vizio E-series 70"" 1080p 240Hz LED-LCD HDTV E70-C3B","1,249.99",https://www.newegg.ca/Product/Product.aspx?Item=N82E16889262606,https://images10.newegg.com/NeweggImage/ProductImageCompressAll300/cs.jpg?ex=2
88,"LG OLED65E6P 65"" 3D 2160p OLED TV - 16:9 - 4K UHDTV - 3840 x 2160 - Dolby Digital, DTS, Surround - 3 x HDMI - USB - Ethernet - Wireless LAN - PC Streaming - Internet Access - Media Player","4,599.00",https://www.newegg.ca/Product/Product.aspx?Item=9SIAD785HN6521,https://images10.newegg.com/NeweggImage/ProductImageCompressAll300/A22F_1_201612032139344785.jpg?ex=2
89,Samsung UN50JU6500 50-in. Smart 4K Ultra HD LED TV,"1,174.99",https://www.newegg.ca/Product/Product.aspx?Item=9SIA8993214146,https://images10.newegg.com/ProductImageCompressAll300/A899_130807682894945415cDSJT0VqzO.jpg?ex=2
90,Samsung UN32J5205 32-inch LED Smart TV - 1920 x 1080 - 60 Motion Rate - Wi-Fi / Ethernet - HDMI,360.00,https://www.newegg.ca/Product/Product.aspx?Item=9SIA8993246853,https://images10.newegg.com/ProductImageCompressAll300/A22F_1_20150924531077637.jpg?ex=2
91,"43"" UF6800 4K UHD Smart LED TV with webOS",699.00,https://www.newegg.ca/Product/Product.aspx?Item=9SIAD785HP1333,https://images10.newegg.com/NeweggImage/ProductImageCompressAll300/AD78_1313830490057213444WfIJUupKS.jpg?ex=2
92,Samsung UN48J5000 48-in. 1080p LED TV,599.99,https://www.newegg.ca/Product/Product.aspx?Item=9SIA8993966824,https://images10.newegg.com/ProductImageCompressAll300/A899_130849157080068538n310qqV4xB.jpg?ex=2
93,"LG LH5700 43LH5700 43"" 1080p LED-LCD TV - 16:9 - 1920 x 1080 - Virtual Surround Plus - 20 W RMS - LED - Smart TV - 2 x HDMI - USB - Ethernet - Wireless LAN - PC Streaming - Internet Access",499.00,https://www.newegg.ca/Product/Product.aspx?Item=9SIAD785CS7419,https://images10.newegg.com/NeweggImage/ProductImageCompressAll300/A22F_1_201610211648585264.jpg?ex=2
94,"LG LH5700 49LH5700 49"" 1080p LED-LCD TV - 16:9 - 1920 x 1080 - Virtual Surround Plus, DTS - 20 W RMS - LED - Smart TV - 2 x HDMI - USB - Ethernet - Wireless LAN - PC Streaming - Internet Access",699.00,https://www.newegg.ca/Product/Product.aspx?Item=9SIAD785F32772,https://images10.newegg.com/NeweggImage/ProductImageCompressAll300/A22F_1_20161015343713770.jpg?ex=2
95,"49"" UF6800 4K UHD Smart LED TV with webOS",799.00,https://www.newegg.ca/Product/Product.aspx?Item=9SIAD785HN6520,https://images10.newegg.com/NeweggImage/ProductImageCompressAll300/AD78_1313830509505807575t12FmjUGa.jpg?ex=2
96,Vizio Small Format Televisions,239.99,https://www.newegg.ca/Product/Product.aspx?Item=16C-0014-000P8CVF,https://images10.newegg.com/NeweggImage/ProductImageCompressAll300/16C-0014-000P8CVF-S01.jpg?ex=2
97,Samsung UN40MU6300FXZA 40-Inch 4K Ultra HD Smart TV with HDR Pro,899.99,https://www.newegg.ca/Product/Product.aspx?Item=9SIAE345WC7590,https://images10.newegg.com/NeweggImage/ProductImageCompressAll300/89-356-307-S02.jpg?ex=2
98,LG OLED65E7P 65-Inch 4K UHD OLED Smart TV with HDR (2017),"4,249.99",https://www.newegg.ca/Product/Product.aspx?Item=9SIA5SF5UC5255,https://images10.newegg.com/NeweggImage/ProductImageCompressAll300/16C-000P-00162-V04.jpg?ex=2
99,Samsung UN50MU6300FXZA 50-Inch 4K Ultra HD Smart TV with HDR Pro,843.99,https://www.newegg.ca/Product/Product.aspx?Item=9SIABDH6DB6947,https://images10.newegg.com/NeweggImage/ProductImageCompressAll300/89-356-314-S02.jpg?ex=2
100,LG 65SJ8500 65-Inch Super 4K Ultra HD Smart TV w/ Nano Cell (2017),"2,099.99",https://www.newegg.ca/Product/Product.aspx?Item=9SIA5SF5UC5341,https://images10.newegg.com/NeweggImage/ProductImageCompressAll300/16C-000P-00165-S02.jpg?ex=2
101,"Vizio 70"" 4K Effective Refresh Rate 120Hz LCD HDTV","2,899.99",https://www.newegg.ca/Product/Product.aspx?Item=N82E16889262607CVF,https://images10.newegg.com/NeweggImage/ProductImageCompressAll300/89-262-607CVF-S01.jpg?ex=2
102,LG 49UJ6300 49-Inch 4K UHD Smart LED TV with HDR (2017),749.99,https://www.newegg.ca/Product/Product.aspx?Item=9SIABH56D89136,https://images10.newegg.com/NeweggImage/ProductImageCompressAll300/89-007-354-S02.jpg?ex=2
103,"VIZIO D32hn-E0 D-Series 32"" Class Full Array LED TV",259.99,https://www.newegg.ca/Product/Product.aspx?Item=N82E16889262557CVF,https://images10.newegg.com/NeweggImage/ProductImageCompressAll300/89-262-557CVF-S06.jpg?ex=2
104,Samsung UN40MU7000FXZA 40-Inch 4K Ultra HD Smart TV with HDR Pro,"1,199.99",https://www.newegg.ca/Product/Product.aspx?Item=9SIAE345WC7541,https://images10.newegg.com/NeweggImage/ProductImageCompressAll300/89-356-308-S02.jpg?ex=2
105,LG OLED55E7P 55-Inch 4K UHD OLED Smart TV with HDR (2017),"3,049.99",https://www.newegg.ca/Product/Product.aspx?Item=9SIA5SF5UC5270,https://images10.newegg.com/NeweggImage/ProductImageCompressAll300/16C-000P-00160-V01.jpg?ex=2
106,VIZIO M50-D1 SmartCast M-Series 50-Inch 4K UHD Smart LED TV w/ HDR,"1,224.99",https://www.newegg.ca/Product/Product.aspx?Item=9SIA7BB5US2481,https://images10.newegg.com/NeweggImage/ProductImageCompressAll300/89-262-512-S01.jpg?ex=2
107,Samsung UN55MU6300FXZA 55-Inch 4K Ultra HD Smart TV with HDR Pro,"1,299.99",https://www.newegg.ca/Product/Product.aspx?Item=9SIAE345WC7499,https://images10.newegg.com/NeweggImage/ProductImageCompressAll300/89-356-315-S06.jpg?ex=2
108,VIZIO D39f-E1 D-Series 39-Inch Full-Array 1080p HD Smart LED TV (2017),429.99,https://www.newegg.ca/Product/Product.aspx?Item=16C-0014-000R2CVF,https://images10.newegg.com/NeweggImage/ProductImageCompressAll300/16C-0014-000R2-S01.jpg?ex=2
109,Samsung UN65MU6300FXZA 65-Inch 4K Ultra HD Smart TV with HDR Pro,"1,299.99",https://www.newegg.ca/Product/Product.aspx?Item=9SIA5SF5UC2463,https://images10.newegg.com/NeweggImage/ProductImageCompressAll300/89-356-322-S02.jpg?ex=2
110,LG 55LJ5500 55-Inch Full HD 1080p Smart LED TV (2017),"1,086.99",https://www.newegg.ca/Product/Product.aspx?Item=9SIA7BB6675491,https://images10.newegg.com/NeweggImage/ProductImageCompressAll300/89-007-356-S01.jpg?ex=2
111,"VIZIO - 55"" Class (54.64"" Diag.) - LED - 2160p - with Chromecast Built-in - 4K UHD Home Theater Display with High Dynamic Range - Black","1,037.99",https://www.newegg.ca/Product/Product.aspx?Item=16C-0014-000R6CVF,https://images10.newegg.com/NeweggImage/ProductImageCompressAll300/AE7U_1_201707172022719991.jpg?ex=2
112,Samsung UN49MU7000FXZA 49-Inch 4K UHD Smart LED TV with HDR Pro,"1,399.99",https://www.newegg.ca/Product/Product.aspx?Item=9SIAE345WC7497,https://images10.newegg.com/NeweggImage/ProductImageCompressAll300/89-356-311-S02.jpg?ex=2
113,Samsung UN55MU8000FXZA 55-Inch 4K Premium UHD Smart LED TV (2017),"1,499.99",https://www.newegg.ca/Product/Product.aspx?Item=9SIA5SF5UC1388,https://images10.newegg.com/NeweggImage/ProductImageCompressAll300/89-356-319-S02.jpg?ex=2
114,Samsung UN65MU6500FXZA 65-Inch 4K Ultra HD Curved Smart TV with HDR Pro,"1,699.99",https://www.newegg.ca/Product/Product.aspx?Item=9SIA5SF5UC2467,https://images10.newegg.com/NeweggImage/ProductImageCompressAll300/89-356-323-S02.jpg?ex=2
115,"VIZIO D39hn-E0 D-Series 39"" Class Full Array LED TV",385.99,https://www.newegg.ca/Product/Product.aspx?Item=N82E16889262542CVF,https://images10.newegg.com/NeweggImage/ProductImageCompressAll300/89-262-542-S06.jpg?ex=2
116,LG Electronics 60UH7700 60-Inch 4K Ultra HD Smart LED TV,"2,199.99",https://www.newegg.ca/Product/Product.aspx?Item=9SIA8994YS7296,https://images10.newegg.com/ProductImageCompressAll300/89-007-198-01.jpg?ex=2
117,Samsung UN32J4000AFXZA 32-Inch 720p HD LED TV - Black (2014),332.96,https://www.newegg.ca/Product/Product.aspx?Item=9SIA66K5MR1621,https://images10.newegg.com/NeweggImage/ProductImageCompressAll300/89-354-949-04.jpg?ex=2
118,"VIZIO - 65"" Class (64.5"" Diag.) - LED - 2160p - with Chromecast Built-in - 4K UHD Home Theater Display with High Dynamic Range - Black","1,587.99",https://www.newegg.ca/Product/Product.aspx?Item=16C-0014-000R7CVF,https://images10.newegg.com/NeweggImage/ProductImageCompressAll300/AE7U_1_20170717629418399.jpg?ex=2
119,VIZIO D50-E1 D-Series 50-Inch 4K UHD Smart LED TV (2017),789.99,https://www.newegg.ca/Product/Product.aspx?Item=16C-0014-000M0CVF,https://images10.newegg.com/NeweggImage/ProductImageCompressAll300/16C-0014-000M0-S01.jpg?ex=2
120,Samsung UN43MU6300FXZA 43-Inch 4K Ultra HD Smart TV with HDR Pro,"1,119.38",https://www.newegg.ca/Product/Product.aspx?Item=9SIAEK56845726,https://images10.newegg.com/NeweggImage/ProductImageCompressAll300/89-356-309-S02.jpg?ex=2
121,Samsung UN32J4500AFXZA 32-Inch 720p HD Smart LED TV - Black,484.01,https://www.newegg.ca/Product/Product.aspx?Item=9SIAEK56846229,https://images10.newegg.com/NeweggImage/ProductImageCompressAll300/A1CZ_1_20160331092235896.jpg?ex=2
122,VIZIO D43-D2 D-Series 43-Inch Full-Array 1080p HD Smart LED TV,609.43,https://www.newegg.ca/Product/Product.aspx?Item=9SIAAYY61D9713,https://images10.newegg.com/NeweggImage/ProductImageCompressAll300/89-262-494-S01.jpg?ex=2
123,VIZIO D50n-E1 D-Series 50-Inch Full-Array 1080p HD LED TV (2017),585.99,https://www.newegg.ca/Product/Product.aspx?Item=16C-0014-000P7CVF,https://images10.newegg.com/NeweggImage/ProductImageCompressAll300/16C-0014-000P7-S01.jpg?ex=2
124,VIZIO D50-D1 50-Inch 1080p HD Smart LED TV - Black,670.32,https://www.newegg.ca/Product/Product.aspx?Item=9SIAAYY6EU1716,https://images10.newegg.com/NeweggImage/ProductImageCompressAll300/89-262-495-04.jpg?ex=2
125,"RCA  55"" 4K UDH LED HDTV w/ 4 HDMI",581.99,https://www.newegg.ca/Product/Product.aspx?Item=9SIA7BB5YN9022,https://images10.newegg.com/NeweggImage/ProductImageCompressAll300/A1CZ_1_20170703449176936.jpg?ex=2
126,Samsung UN75MU6300FXZA 75-Inch 4K Ultra HD Smart TV with HDR Pro (2017),"3,799.99",https://www.newegg.ca/Product/Product.aspx?Item=9SIAE345WC7570,https://images10.newegg.com/NeweggImage/ProductImageCompressAll300/89-356-329-S02.jpg?ex=2
127,"Samsung J4500 Series 32"" 720p 60 Motion Rate Smart LED TV (UN32J4500)",329.99,https://www.newegg.ca/Product/Product.aspx?Item=9SIAE345WC7549,https://images10.newegg.com/NeweggImage/ProductImageCompressAll300/AE34_1_201706292137375510.jpg?ex=2
128,Samsung UN55MU6500FXZA 55-Inch 4K Ultra HD Curved Smart TV with HDR Pro (2017),"1,499.99",https://www.newegg.ca/Product/Product.aspx?Item=9SIAE345WC7539,https://images10.newegg.com/NeweggImage/ProductImageCompressAll300/89-356-316-S02.jpg?ex=2
129,"Proscan 32"" 1080p 60Hz LED-LCD HDTV - PLDED3273A",299.99,https://www.newegg.ca/Product/Product.aspx?Item=9SIAE345WC7514,https://images10.newegg.com/NeweggImage/ProductImageCompressAll300/A15M_1_20140628554863694.jpg?ex=2
130,"LG 55"" 4K LED-LCD HDTV","2,389.99",https://www.newegg.ca/Product/Product.aspx?Item=9SIA5SF5UC5310,https://images10.newegg.com/NeweggImage/ProductImageCompressAll300/ABH5_131503319300741933wDvGg0NYR3.jpg?ex=2
131,"SAMSUNG OH55D OHD SERIES - 55"" LED DISPLAY-OH55D","18,313.05",https://www.newegg.ca/Product/Product.aspx?Item=9SIAEK56809062,https://images10.newegg.com/NeweggImage/ProductImageCompressAll300/A3AR_1_20161005369247408.jpg?ex=2
132,Samsung UN65KU7500FXZA 65-Inch 2160p 4K UHD Smart Curved LED TV - Black (2016),"1,899.99",https://www.newegg.ca/Product/Product.aspx?Item=9SIABH55HY2238,https://images10.newegg.com/NeweggImage/ProductImageCompressAll300/89-356-143-04.jpg?ex=2
133,24 Inch Supersonic SC-2412 12 Volt AC/DC LED 1080p Digital HDTV w/ DVD Player,448.48,https://www.newegg.ca/Product/Product.aspx?Item=9SIAEK56813674,https://images10.newegg.com/NeweggImage/ProductImageCompressAll300/A13Y_1_20140502510739903.jpg?ex=2
134,"VIZIO D-Series D32x-D1 32"" Class Full Array LED Smart TV",428.99,https://www.newegg.ca/Product/Product.aspx?Item=9SIA7BB65C4412,https://images10.newegg.com/NeweggImage/ProductImageCompressAll300/A98Y_1_2016100132952875.jpg?ex=2
135,"VIZIO SMARTCAST M65-D0 ULTRA HD HDR HOME THEATER DISPLAY M SERIES - 65"" CLASS ( 64.52"" VIEWABLE ) LED DISPLAY - M65-D0","3,509.98",https://www.newegg.ca/Product/Product.aspx?Item=9SIAEK56809970,https://images10.newegg.com/NeweggImage/ProductImageCompressAll300/A3AR_1_20161006778038124.jpg?ex=2
136,Samsung UN78KS9800FXZA 78-Inch 2160p 4K SUHD Smart Curved LED TV - Black (2016),"12,999.99",https://www.newegg.ca/Product/Product.aspx?Item=9SIABH55V68008,https://images10.newegg.com/NeweggImage/ProductImageCompressAll300/89-356-129-02.jpg?ex=2
137,VIZIO D39hn-D0 39-Inch 720p HD LED TV - Black,396.96,https://www.newegg.ca/Product/Product.aspx?Item=9SIA66K3YM2299,https://images10.newegg.com/ProductImageCompressAll300/A3FA_1_20160225646531638.jpg?ex=2
138,22 Inch Supersonic SC-2211 12 Volt AC/DC Widescreen Full 1080p HD LED TV w/ ATSC Digital Tuner,195.15,https://www.newegg.ca/Product/Product.aspx?Item=9SIA66K5TF6887,https://images10.newegg.com/NeweggImage/ProductImageCompressAll300/A13Y_1_20140502510739908.jpg?ex=2
139,VIZIO E70-E3 SmartCast E-Series 70-Inch 4K UHD Smart XLED TV w/ HDR (2017),"2,437.99",https://www.newegg.ca/Product/Product.aspx?Item=9SIA7BB5US2944,https://images10.newegg.com/NeweggImage/ProductImageCompressAll300/89-262-559-S01.jpg?ex=2
140,LG Electronics 49UF6400 49-Inch 4K Ultra HD Smart LED TV (2015 Model),"1,249.99",https://www.newegg.ca/Product/Product.aspx?Item=9SIA8993FK5732,https://images10.newegg.com/ProductImageCompressAll300/A3YF_1308449886779126124VRpqoKS1j.jpg?ex=2
141,"Samsung MU9000 55"" 4K UHD with Wi-Fi Smart TV (UN55MU9000)","2,899.99",https://www.newegg.ca/Product/Product.aspx?Item=9SIAE345WC7495,https://images10.newegg.com/NeweggImage/ProductImageCompressAll300/AE34_1_20170629147962442.jpg?ex=2
142,VIZIO D50n-E1 D-Series 50-Inch Full-Array 1080p HD LED TV (2017),842.38,https://www.newegg.ca/Product/Product.aspx?Item=9SIAEK567Z8042,https://images10.newegg.com/NeweggImage/ProductImageCompressAll300/16C-0014-000P7-S01.jpg?ex=2
143,"Proscan 19"" 720p 60Hz LED-LCD HDTV - PLED1960A",139.99,https://www.newegg.ca/Product/Product.aspx?Item=9SIAE345WC7708,https://images10.newegg.com/NeweggImage/ProductImageCompressAll300/A1CZ_1_20130531143582767.jpg?ex=2
144,43IN LG SMRT LED TV,932.51,https://www.newegg.ca/Product/Product.aspx?Item=9SIAEK56845698,https://images10.newegg.com/NeweggImage/ProductImageCompressAll300/A3AR_1_201708171937762618.jpg?ex=2
145,32IN LED 1920X1080 5000:1 DM32,"1,062.48",https://www.newegg.ca/Product/Product.aspx?Item=9SIA5SC5BD1828,https://images10.newegg.com/NeweggImage/ProductImageCompressAll300/A3FA_1_201701311127475065.jpg?ex=2
146,"LG COMMERCIAL LITE 43LW340C LW340C SERIES - 43"" LED TV - 43LW340C","1,263.60",https://www.newegg.ca/Product/Product.aspx?Item=9SIAEK56810186,https://images10.newegg.com/NeweggImage/ProductImageCompressAll300/A3AR_1_20161006491204855.jpg?ex=2
147,LG Electronics 55UH7700 55-Inch 4K Ultra HD Smart LED TV (2016 Model),"2,499.99",https://www.newegg.ca/Product/Product.aspx?Item=9SIA95G5NK0948,https://images10.newegg.com/NeweggImage/ProductImageCompressAll300/89-007-199-01.jpg?ex=2
148,"VIZIO SmartCast E-Series E55-E2 55"" Class Ultra HD Home Theater Display","1,007.99",https://www.newegg.ca/Product/Product.aspx?Item=9SIA7BB5US2800,https://images10.newegg.com/NeweggImage/ProductImageCompressAll300/89-262-554-Z10.jpg?ex=2
149,"PROSCAN PLDED5068A 50"" 1080p 60Hz D-LED HDTV","1,868.73",https://www.newegg.ca/Product/Product.aspx?Item=9SIAEK567Z7644,https://images10.newegg.com/NeweggImage/ProductImageCompressAll300/A276_1_2014082612688092.jpg?ex=2
150,VIZIO D55n-E2 D-Series 55-Inch Full-Array 1080p HD LED TV (2017),"1,029.58",https://www.newegg.ca/Product/Product.aspx?Item=9SIAEK56835940,https://images10.newegg.com/NeweggImage/ProductImageCompressAll300/16E-001U-000G3-S01.jpg?ex=2
151,LG 24LJ4540 24-Inch HD 720p LED TV (2017),229.99,https://www.newegg.ca/Product/Product.aspx?Item=9SIA7RD6BJ7275,https://images10.newegg.com/NeweggImage/ProductImageCompressAll300/16C-000P-001A2-S01.jpg?ex=2
152,"Healthcare HDTV, Samsung, HG32NC693DFXZA",717.00,https://www.newegg.ca/Product/Product.aspx?Item=9SIA7RD4N15279,https://images10.newegg.com/ProductImageCompressAll300/A5D5_1_20150723480684553.jpg?ex=2
153,"TCL 32D100 32"" 720p LED TV",244.54,https://www.newegg.ca/Product/Product.aspx?Item=9SIA66K5UD4570,https://images10.newegg.com/NeweggImage/ProductImageCompressAll300/A1CZ_1_201701261263063373.jpg?ex=2
154,"LG 43LW540S 43"" LED DISPLAY - 43LW540S","1,101.75",https://www.newegg.ca/Product/Product.aspx?Item=9SIAEK56809677,https://images10.newegg.com/NeweggImage/ProductImageCompressAll300/A3AR_1_20161006495893392.jpg?ex=2
155,32IN COMMERCIAL LED LCD DISPLA,"1,135.33",https://www.newegg.ca/Product/Product.aspx?Item=9SIA5SC5BE3906,https://images10.newegg.com/NeweggImage/ProductImageCompressAll300/A3FA_1_201701311114015900.jpg?ex=2
156,LG Electronics 55LH5750 55-Inch 1080p Smart LED TV (2016 Model),"1,500.99",https://www.newegg.ca/Product/Product.aspx?Item=9SIA7BB4HH2084,https://images10.newegg.com/ProductImageCompressAll300/A3YF_131041863945964017Ncez8l8uSM.jpg?ex=2
157,Magnavox LED LCD HDTV - MVX50ME336V,"1,214.67",https://www.newegg.ca/Product/Product.aspx?Item=9SIAEK56820662,https://images10.newegg.com/NeweggImage/ProductImageCompressAll300/A3AR_1_20170118291849672.jpg?ex=2
158,"PROSCAN PLDED4897A 48"" 1080p D-LED TV",549.99,https://www.newegg.ca/Product/Product.aspx?Item=9SIAE345WC7702,https://images10.newegg.com/NeweggImage/ProductImageCompressAll300/A0ZX_1_201605041463820976.jpg?ex=2
159,Samsung HG32NE478BFXZA 32In Slim Direct Lit Led Blan Pro Idiom,533.99,https://www.newegg.ca/Product/Product.aspx?Item=9SIA7BB5UX7556,https://images10.newegg.com/NeweggImage/ProductImageCompressAll300/A91N_1_201606291226066966.jpg?ex=2
160,Vizio Large Format Displays 32 - 54,"1,169.98",https://www.newegg.ca/Product/Product.aspx?Item=9SIAEK56842334,https://images10.newegg.com/NeweggImage/ProductImageCompressAll300/0JC-008C-00011-S01.jpg?ex=2
161,32IN LED 1920X1080 5000:1 DB32E,926.71,https://www.newegg.ca/Product/Product.aspx?Item=9SIA7RD50E0623,https://images10.newegg.com/ProductImageCompressAll300/A3FA_1_20160225646531615.jpg?ex=2
162,"Vizio Smartcast E55-E1 E Series - 55"" Class (55.49 Viewable) Led Display",949.99,https://www.newegg.ca/Product/Product.aspx?Item=16C-0014-000R1CVF,https://images10.newegg.com/NeweggImage/ProductImageCompressAll300/16C-0014-000R1CVF-S01.jpg?ex=2
163,Magnavox LED LCD SMART TV - MVX40MV336X,840.92,https://www.newegg.ca/Product/Product.aspx?Item=9SIAEK56820800,https://images10.newegg.com/NeweggImage/ProductImageCompressAll300/A3AR_1_201701181682046128.jpg?ex=2
164,VIZIO D50f-E1 D-Series 50-Inch Full-Array 1080p HD Smart LED TV (2017),818.98,https://www.newegg.ca/Product/Product.aspx?Item=9SIAEK567Z8087,https://images10.newegg.com/NeweggImage/ProductImageCompressAll300/16C-0014-000R0-S05.jpg?ex=2
165,VIZIO E60-E3 SmartCast E-Series 60-Inch 4K UHD Smart XLED TV w/ HDR (2017),"1,754.98",https://www.newegg.ca/Product/Product.aspx?Item=9SIAEK56822523,https://images10.newegg.com/NeweggImage/ProductImageCompressAll300/89-262-555-S01.jpg?ex=2
166,"SONY FWD-48W650D BRAVIA PRO - 48"" CLASS ( 47.6"" VIEWABLE ) LED DISPLAY - FWD48W650D","1,719.85",https://www.newegg.ca/Product/Product.aspx?Item=9SIAEK56809950,https://images10.newegg.com/NeweggImage/ProductImageCompressAll300/A3AR_1_201610061700977901.jpg?ex=2
167,"Samsung 32"" 1080p LED TV HG32NC693DFXZA",657.99,https://www.newegg.ca/Product/Product.aspx?Item=9SIA7BB5UX7149,https://images10.newegg.com/NeweggImage/ProductImageCompressAll300/ACAY_1_201707201997778972.jpg?ex=2
168,LG Electronics 49UH6500 49-Inch 4K Ultra HD LED Smart TV (2016 Model),"1,399.99",https://www.newegg.ca/Product/Product.aspx?Item=9SIA89941F7713,https://images10.newegg.com/ProductImageCompressAll300/A4P0_131043475720830451vdRk8ckFXv.jpg?ex=2
169,"LG 49LW540S 49"" LED DISPLAY - 49LW540S","1,413.75",https://www.newegg.ca/Product/Product.aspx?Item=9SIAEK56809887,https://images10.newegg.com/NeweggImage/ProductImageCompressAll300/A3AR_1_20161006564916979.jpg?ex=2
170,"VIZIO - 65"" Class (64.5"" Diag.) - LED - 2160p - with Chromecast Built-in - 4K UHD Home Theater Display with High Dynamic Range - Black","2,246.99",https://www.newegg.ca/Product/Product.aspx?Item=9SIA7BB65C4428,https://images10.newegg.com/NeweggImage/ProductImageCompressAll300/AE7U_1_20170717629418399.jpg?ex=2
171,Quasar Sq5003 50in Led 1080p 60hz Hdtv,745.63,https://www.newegg.ca/Product/Product.aspx?Item=9SIAEK56813807,https://images10.newegg.com/NeweggImage/ProductImageCompressAll300/A78D_1_20160614836915669.jpg?ex=2
172,"Philips BDM3270QP2 32 inch class LED-Lit monitor, 2560x1440 res, 4ms, 50M:1DCR, VGA, DVI, Display Port, HDMI, USB, Spk",501.99,https://www.newegg.ca/Product/Product.aspx?Item=9SIA7BB5US9360,https://images10.newegg.com/NeweggImage/ProductImageCompressAll300/A3FA_1_201705221374633439.jpg?ex=2
173,28IN LED 1920X1080 3000:1,475.99,https://www.newegg.ca/Product/Product.aspx?Item=9SIA7RD50E0919,https://images10.newegg.com/ProductImageCompressAll300/A1K0_1_20161221369832376.jpg?ex=2
174,"VIZIO D48-D0 D-SERIES - 48"" CLASS ( 47.6"" VIEWABLE ) LED TV-D48-D0",935.98,https://www.newegg.ca/Product/Product.aspx?Item=9SIAEK56808883,https://images10.newegg.com/NeweggImage/ProductImageCompressAll300/A3AR_1_201610051712666895.jpg?ex=2
175,Magnavox LED LCD SMART TV - MVX32MV306X,654.05,https://www.newegg.ca/Product/Product.aspx?Item=9SIAEK56821450,https://images10.newegg.com/NeweggImage/ProductImageCompressAll300/A3AR_1_2017011871004352.jpg?ex=2
176,"VIZIO SmartCast E-Series E65-E0 65"" Class Ultra HD Home Theater Display","1,801.99",https://www.newegg.ca/Product/Product.aspx?Item=9SIA7BB5US2775,https://images10.newegg.com/NeweggImage/ProductImageCompressAll300/89-262-556-Z11.jpg?ex=2
177,LG Electronics 55LF6000 55-Inch 1080p LED TV (2015 Model),"1,046.99",https://www.newegg.ca/Product/Product.aspx?Item=9SIA7BB6DA9936,https://images10.newegg.com/NeweggImage/ProductImageCompressAll300/89-007-035-01.jpg?ex=2
178,VIZIO E65-E1 SmartCast E-Series 65-Inch Class Ultra HD XLED TV W/ HDR (2017),"1,754.98",https://www.newegg.ca/Product/Product.aspx?Item=9SIAEK567Z8297,https://images10.newegg.com/NeweggImage/ProductImageCompressAll300/89-262-605-S01.jpg?ex=2
179,"LG Electronics 55UH6550 55-Inch 4K Ultra HD Smart LED TV, 2016 Model","1,899.99",https://www.newegg.ca/Product/Product.aspx?Item=9SIA89941F7738,https://images10.newegg.com/ProductImageCompressAll300/A2GA_1_201604201308897544.jpg?ex=2
180,"Samsung  65"" Smart 4K Ultra LED HDTV","1,599.99",https://www.newegg.ca/Product/Product.aspx?Item=9SIA5SF5UC2501,https://images10.newegg.com/NeweggImage/ProductImageCompressAll300/A1CZ_1_20170718629139169.jpg?ex=2
181,"ViewSonic VG2449_H2 24"" Dual Pack Head-Only 1080p Monitors HDMI, DisplayPort, Mini DP, DP Out, VGA, Daisy Chain",521.31,https://www.newegg.ca/Product/Product.aspx?Item=9SIA7RD5Y22626,https://images10.newegg.com/NeweggImage/ProductImageCompressAll300/A3FA_1_201706221184843471.jpg?ex=2
182,VIZIO D48-D0 48-Inch 1080p HD Smart LED TV - Black,793.99,https://www.newegg.ca/Product/Product.aspx?Item=9SIA7BB65C4431,https://images10.newegg.com/NeweggImage/ProductImageCompressAll300/V01M_1_20160304124535210.jpg?ex=2
183,VIZIO D39f-E1 D-Series 39-Inch Full-Array 1080p HD Smart LED TV (2017),476.99,https://www.newegg.ca/Product/Product.aspx?Item=9SIA7BB5WA7581,https://images10.newegg.com/NeweggImage/ProductImageCompressAll300/16C-0014-000R2-S01.jpg?ex=2
184,Magnavox LED LCD HDTV - MVX32ME306V,560.61,https://www.newegg.ca/Product/Product.aspx?Item=9SIAEK56821624,https://images10.newegg.com/NeweggImage/ProductImageCompressAll300/A3AR_1_20170118792191729.jpg?ex=2
185,LG LED 32LV340C 32 1366x768 HD 350nit HDMI USB RS232 Speaker Black Retail,449.99,https://www.newegg.ca/Product/Product.aspx?Item=9SIA9U16DT3901,https://images10.newegg.com/NeweggImage/ProductImageCompressAll300/A0ZX_1_201705121715189416.jpg?ex=2
186,"Proscan 32"" 720p 60Hz Direct Led TV/DVD Combo PLDV321300",279.99,https://www.newegg.ca/Product/Product.aspx?Item=9SIAE345WC7502,https://images10.newegg.com/NeweggImage/ProductImageCompressAll300/89-270-028-02.jpg?ex=2
187,"Hitachi 32"" 720p LED TV LE32M4S9",465.32,https://www.newegg.ca/Product/Product.aspx?Item=9SIAEK56846024,https://images10.newegg.com/NeweggImage/ProductImageCompressAll300/89-200-048-01.jpg?ex=2
188,VIZIO D24Hn-E1 D-Series 24-Inch Edge-lit 720p HD LED TV (2017),253.48,https://www.newegg.ca/Product/Product.aspx?Item=9SIAEK567Z8425,https://images10.newegg.com/NeweggImage/ProductImageCompressAll300/16C-0014-000P9-S03.jpg?ex=2
189,"28"" LED 720p 60hz - UN28H4000AFXZA",448.66,https://www.newegg.ca/Product/Product.aspx?Item=9SIAEK56805668,https://images10.newegg.com/NeweggImage/ProductImageCompressAll300/A3AR_1_20160920232865167.jpg?ex=2
190,Quasar Sq4004 40in Led 1080p 60hz Hdtv,558.76,https://www.newegg.ca/Product/Product.aspx?Item=9SIAEK56813903,https://images10.newegg.com/NeweggImage/ProductImageCompressAll300/A0ZX_1_20160624125329354.jpg?ex=2
191,"23.8"" Widescreen LCD",393.22,https://www.newegg.ca/Product/Product.aspx?Item=9SIADGE5R86519,https://images10.newegg.com/NeweggImage/ProductImageCompressAll300/A3FA_1_20160701765033799.jpg?ex=2
192,"Proscan 24"" 1080p LED TV/DVD COMBO â€“ PLEDV2488A",209.99,https://www.newegg.ca/Product/Product.aspx?Item=9SIAE345WC7705,https://images10.newegg.com/NeweggImage/ProductImageCompressAll300/A0PG_1_20140523525070416.jpg?ex=2
193,"GPX TDE3274BP 32"" 1080p LED TV/DVD Combination",653.97,https://www.newegg.ca/Product/Product.aspx?Item=9SIAEK567Z8193,https://images10.newegg.com/NeweggImage/ProductImageCompressAll300/A8NP_1_201708101408589483.jpg?ex=2
194,T2424Z 23.8IN LED LCD MON 19X10 7MS HDMI,330.63,https://www.newegg.ca/Product/Product.aspx?Item=9SIADGE5R89260,https://images10.newegg.com/NeweggImage/ProductImageCompressAll300/A24G_1_20170118847466990.jpg?ex=2
195,"LED BACKLIGHT LCD PANEL,22IN 16:10 1680 X 1050 RESOLUTION,TN PANEL WITH 170O/160",286.71,https://www.newegg.ca/Product/Product.aspx?Item=9SIA66K5343981,https://images10.newegg.com/ProductImageCompressAll300/A24G_1_20161116163796775.jpg?ex=2
196,"16"" Class LED HDTV",295.99,https://www.newegg.ca/Product/Product.aspx?Item=9SIA8X036X2245,https://images10.newegg.com/ProductImageCompressAll300/A0FU_1_20140507513701348.jpg?ex=2
197,UN28H4500AFXZA Samsung H4500 - Led Tv - Hd - 28 Inch - 1366 X 768 - 720p - 16:9 - Wi-fi,330.47,https://www.newegg.ca/Product/Product.aspx?Item=9SIAAYY5DA8740,https://images10.newegg.com/NeweggImage/ProductImageCompressAll300/A1CZ_1_20160307652130445.jpg?ex=2
198,"SuperSonic 31.5"" LED HDTV SC-3210",560.61,https://www.newegg.ca/Product/Product.aspx?Item=9SIAEK56814428,https://images10.newegg.com/NeweggImage/ProductImageCompressAll300/A75X_1311531867524141793r2nE0sWaj.jpg?ex=2
199,VIZIO D32hn-D0 32-Inch 720p HD LED TV - Black,267.32,https://www.newegg.ca/Product/Product.aspx?Item=9SIA66K3YM3418,https://images10.newegg.com/ProductImageCompressAll300/89-262-446-07.jpg?ex=2
200,LG Electronics 24LH4530 24-Inch 720p LED TV (2016 Model),230.99,https://www.newegg.ca/Product/Product.aspx?Item=9SIA7BB4455033,https://images10.newegg.com/ProductImageCompressAll300/89-007-216-01.jpg?ex=2
201,"SuperSonic 13.3"" 720p LED-LCD HDTV SC-1311",142.52,https://www.newegg.ca/Product/Product.aspx?Item=9SIA66K5TF7204,https://images10.newegg.com/NeweggImage/ProductImageCompressAll300/ACAY_1_20170430347895324.jpg?ex=2
202,Vizio 24IN D-SERIES LED SMART TV 23.54IN DIAG NO RETURNS D24H-E1,243.99,https://www.newegg.ca/Product/Product.aspx?Item=9SIA7BB5VW5855,https://images10.newegg.com/NeweggImage/ProductImageCompressAll300/A3FA_1_201705011275569417.jpg?ex=2
203,"Acer KA270H 27"" LED LCD Monitor - 16:9 - 4 ms",280.21,https://www.newegg.ca/Product/Product.aspx?Item=9SIA66K6CZ9452,https://images10.newegg.com/NeweggImage/ProductImageCompressAll300/A3FA_1_20170724517043705.jpg?ex=2
204,"Naxa NTD-1356 13"" 720p HD LED TV with Built-In Digital TV Tuner & DVD/Media Player + Car Package, Black",324.98,https://www.newegg.ca/Product/Product.aspx?Item=9SIAEK56839304,https://images10.newegg.com/NeweggImage/ProductImageCompressAll300/A4P0_131183493445948248werK8KmKhl.jpg?ex=2
205,19 Inch Supersonic SC-1912 12 Volt AC/DC LED 1080p Digital HDTV  w/ DVD Player,202.98,https://www.newegg.ca/Product/Product.aspx?Item=9SIA66K5RB8290,https://images10.newegg.com/NeweggImage/ProductImageCompressAll300/A13Y_1_20140502510739901.jpg?ex=2
206,"SuperSonic 19"" 720p LED HDTV SC-1911",176.84,https://www.newegg.ca/Product/Product.aspx?Item=9SIA66K5TW8012,https://images10.newegg.com/NeweggImage/ProductImageCompressAll300/89-612-026-05.jpg?ex=2
207,"Hisense 55"" 4K 120 Hz (Native) LED TV 55H7B","1,214.99",https://www.newegg.ca/Product/Product.aspx?Item=9SIA7BB5UX8959,https://images10.newegg.com/NeweggImage/ProductImageCompressAll300/89-290-061-05.jpg?ex=2
208,Samsung QN55Q7FAMFXZA 55-Inch 4K Ultra HD QLED Smart TV with HDR Elite,"2,099.99",https://www.newegg.ca/Product/Product.aspx?Item=9SIA5SF5UC2434,https://images10.newegg.com/NeweggImage/ProductImageCompressAll300/89-356-297-S08.jpg?ex=2
209,Samsung HG55NE890UFXZA 55Inch Ultra Slim Edge Lit Led,"2,564.99",https://www.newegg.ca/Product/Product.aspx?Item=9SIA7BB5UX7668,https://images10.newegg.com/NeweggImage/ProductImageCompressAll300/A25V_1_201701131056265639.jpg?ex=2
210,60IN CLASS PROFESSIONAL LED DISPLAYq - PNE603,"4,527.84",https://www.newegg.ca/Product/Product.aspx?Item=9SIAEK56800085,https://images10.newegg.com/NeweggImage/ProductImageCompressAll300/A3AR_1_20160927802880375.jpg?ex=2
211,70IN LED BACKLIT LCD DISPLAY - E705,"5,043.05",https://www.newegg.ca/Product/Product.aspx?Item=9SIAEK567Z9701,https://images10.newegg.com/NeweggImage/ProductImageCompressAll300/A3AR_1_201609271092462514.jpg?ex=2
212,VIZIO E80-E3 SmartCast E-Series 80-Inch 4K UHD Smart XLED TV w/ HDR (2017),"6,629.98",https://www.newegg.ca/Product/Product.aspx?Item=9SIAEK56843084,https://images10.newegg.com/NeweggImage/ProductImageCompressAll300/0JC-008C-00010-S01.jpg?ex=2
213,Samsung QN65Q7FAMFXZA 65-Inch 4K Ultra HD QLED Smart TV with HDR Elite,"2,999.99",https://www.newegg.ca/Product/Product.aspx?Item=9SIA5SF5UC0606,https://images10.newegg.com/NeweggImage/ProductImageCompressAll300/89-356-300-S02.jpg?ex=2
214,Samsung UN65MU8000FXZA 65-Inch 4K Premium UHD Smart LED TV (2017),"1,899.99",https://www.newegg.ca/Product/Product.aspx?Item=9SIA5SF5UC2502,https://images10.newegg.com/NeweggImage/ProductImageCompressAll300/89-356-326-S02.jpg?ex=2
215,LG Electronics 65UH6550 65-Inch 2160p 4K Ultra HD Smart LED TV,"2,799.99",https://www.newegg.ca/Product/Product.aspx?Item=9SIA89941F7776,https://images10.newegg.com/ProductImageCompressAll300/89-007-200-S01.jpg?ex=2
216,Samsung UN55MU8500FXZA 55-Inch Curved 4K Premium UHD Smart LED TV (2017),"1,499.99",https://www.newegg.ca/Product/Product.aspx?Item=9SIA5SF5UC1406,https://images10.newegg.com/NeweggImage/ProductImageCompressAll300/89-356-320-S02.jpg?ex=2
217,"LG 65LX540S 65"" CLASS ( 64.8"" VIEWABLE ) LED TV-65LX540S","4,251.78",https://www.newegg.ca/Product/Product.aspx?Item=9SIAEK56808957,https://images10.newegg.com/NeweggImage/ProductImageCompressAll300/A3AR_1_20161005941931723.jpg?ex=2
218,Samsung UN65KS9800FXZA 65-Inch 2160p 4K SUHD Smart Curved LED TV - Black (2016),"3,999.99",https://www.newegg.ca/Product/Product.aspx?Item=9SIABH55HY2230,https://images10.newegg.com/NeweggImage/ProductImageCompressAll300/89-356-138-01.jpg?ex=2
219,LG 86SJ9570 86-Inch Super 4K Ultra HD Smart TV (2017),"10,799.99",https://www.newegg.ca/Product/Product.aspx?Item=9SIA5SF5UC5325,https://images10.newegg.com/NeweggImage/ProductImageCompressAll300/16C-000P-00191-S02.jpg?ex=2
220,Samsung QN65Q8CAMFXZA 65-Inch 4K Ultra HD Curved QLED Smart TV with HDR Elite,"3,499.99",https://www.newegg.ca/Product/Product.aspx?Item=9SIA5SF5UC2582,https://images10.newegg.com/NeweggImage/ProductImageCompressAll300/89-356-301-S01.jpg?ex=2
221,"55""(54.64""viewable) ultra-narrow bezel c - CDX5552","6,859.99",https://www.newegg.ca/Product/Product.aspx?Item=9SIAEK567Z9642,https://images10.newegg.com/NeweggImage/ProductImageCompressAll300/A3AR_1_201609272115803247.jpg?ex=2
222,Samsung QN75Q7FAMFXZA 75-Inch 4K Ultra HD Curved QLED Smart TV with HDR Elite,"5,799.99",https://www.newegg.ca/Product/Product.aspx?Item=9SIA5SF5UC4766,https://images10.newegg.com/NeweggImage/ProductImageCompressAll300/89-356-303-S02.jpg?ex=2
223,Samsung QN75Q8CAMFXZA 75-Inch 4K Ultra HD Curved QLED Smart TV with HDR Elite,"5,499.99",https://www.newegg.ca/Product/Product.aspx?Item=9SIA5SF5UC4872,https://images10.newegg.com/NeweggImage/ProductImageCompressAll300/89-356-304-S01.jpg?ex=2
224,70IN LED DISPLAY 1920X1080 - P703,"9,220.41",https://www.newegg.ca/Product/Product.aspx?Item=9SIAEK56800496,https://images10.newegg.com/NeweggImage/ProductImageCompressAll300/A3AR_1_201609271346587630.jpg?ex=2
225,80IN LED BACKLIT LCD DISPLAY - E805,"8,426.44",https://www.newegg.ca/Product/Product.aspx?Item=9SIAEK56800301,https://images10.newegg.com/NeweggImage/ProductImageCompressAll300/A3AR_1_201609271793740756.jpg?ex=2
226,Samsung QN55Q8CAMFXZA 55-Inch 4K Ultra HD Curved QLED Smart TV with HDR Elite,"2,699.99",https://www.newegg.ca/Product/Product.aspx?Item=9SIA5SF5UC2436,https://images10.newegg.com/NeweggImage/ProductImageCompressAll300/89-356-298-S01.jpg?ex=2
227,LG Electronics 55UH6150 55-Inch 4K Ultra HD Smart LED TV (2016 Model),"1,279.99",https://www.newegg.ca/Product/Product.aspx?Item=9SIA9U156B0475,https://images10.newegg.com/ProductImageCompressAll300/89-007-205-02.jpg?ex=2
228,"ViewSonic Commercial LED Display CDE4803 48"" Screen LED-lit Monitor","1,195.99",https://www.newegg.ca/Product/Product.aspx?Item=9SIA7BB4622901,https://images10.newegg.com/ProductImageCompressAll300/A3FA_1_20160310653038594.jpg?ex=2
229,"VIZIO - 55"" Class (54.64"" Diag.) - LED - 2160p - with Chromecast Built-in - 4K UHD Home Theater Display with High Dynamic Range - Black","1,359.99",https://www.newegg.ca/Product/Product.aspx?Item=9SIA7BB65C4407,https://images10.newegg.com/NeweggImage/ProductImageCompressAll300/AE7U_1_201707172022719991.jpg?ex=2
230,"Proscan 40"" 1080p 60Hz LED HDTV PLDED4016A",419.99,https://www.newegg.ca/Product/Product.aspx?Item=9SIAE345WC7518,https://images10.newegg.com/NeweggImage/ProductImageCompressAll300/A98C_1_201705091551023384.jpg?ex=2
231,"Vizio Smartcast E55-E1 E Series - 55"" Class (55.49 Viewable) Led Display","1,072.48",https://www.newegg.ca/Product/Product.aspx?Item=9SIAEK567Z8469,https://images10.newegg.com/NeweggImage/ProductImageCompressAll300/A3AR_1_20170622534893767.jpg?ex=2
232,"49"" LED Tv 120hz 1080p - 49D100",818.35,https://www.newegg.ca/Product/Product.aspx?Item=9SIAEK56821813,https://images10.newegg.com/NeweggImage/ProductImageCompressAll300/A3AR_1_20170122123449411.jpg?ex=2
233,"Samsung UN50J5200 50-Inch (49.5"" Diag.) 1080p Smart LED TV",799.99,https://www.newegg.ca/Product/Product.aspx?Item=9SIAE345WC7519,https://images10.newegg.com/NeweggImage/ProductImageCompressAll300/A7DC_131427357306243182EEmngNQLdW.jpg?ex=2
234,"Proscan 24"" 1080p 60Hz LED-LCD HDTV - PLED2435A",199.99,https://www.newegg.ca/Product/Product.aspx?Item=9SIAE345WC7513,https://images10.newegg.com/NeweggImage/ProductImageCompressAll300/A0ZX_1_20160427875025112.jpg?ex=2
235,"Samsung KU6290 Series 40"" 4K UHD Smart TV (UN40KU6290)",799.99,https://www.newegg.ca/Product/Product.aspx?Item=9SIAE345WC7566,https://images10.newegg.com/NeweggImage/ProductImageCompressAll300/AE34_1_20170629819367623.jpg?ex=2
236,LG Electronics 60UH6550 60-Inch 4K Ultra HD Smart LED TV,"2,399.99",https://www.newegg.ca/Product/Product.aspx?Item=9SIA89941F7763,https://images10.newegg.com/ProductImageCompressAll300/89-007-201-S01.jpg?ex=2
237,"Proscan PLDED3996A 39"" 1080p LED-LCD HDTV",349.99,https://www.newegg.ca/Product/Product.aspx?Item=9SIAE345WC7701,https://images10.newegg.com/NeweggImage/ProductImageCompressAll300/A1PC_1_201705171364150493.jpg?ex=2
238,Samsung UN40J5200 40-Inch 1080p Smart LED TV,489.99,https://www.newegg.ca/Product/Product.aspx?Item=9SIABH55ZE0320,https://images10.newegg.com/NeweggImage/ProductImageCompressAll300/A7DC_131427352677829484xALOJSyjMq.jpg?ex=2
239,Philips 43PFL4902/F7 43 Inch Smart 1080P Tv,534.57,https://www.newegg.ca/Product/Product.aspx?Item=9SIA66K5TX0980,https://images10.newegg.com/NeweggImage/ProductImageCompressAll300/27J-001S-00002-S01.jpg?ex=2
240,Naxa NTH-4002 40â€ Class Full HD LED TV with HOTEL Mode,445.36,https://www.newegg.ca/Product/Product.aspx?Item=9SIA66K6DJ7076,https://images10.newegg.com/NeweggImage/ProductImageCompressAll300/1B0-00FE-00001-S01.jpg?ex=2
241,Philips 40PFL4901/F7 Phillps 40 Inch Smart 1080P Tv,484.67,https://www.newegg.ca/Product/Product.aspx?Item=9SIA66K5TW5281,https://images10.newegg.com/NeweggImage/ProductImageCompressAll300/1YT-003E-00010-S01.jpg?ex=2
242,Naxa NT-3902 39 Inch Class Led Television,395.32,https://www.newegg.ca/Product/Product.aspx?Item=9SIA66K6D07813,https://images10.newegg.com/NeweggImage/ProductImageCompressAll300/ComingSoon300.JPG?ex=2
243,22 Inch Naxa NTD-2255 12 Volt AC/DC Widescreen LED 1080p HDTV ATSC Digital Tuner with DVD Player,485.78,https://www.newegg.ca/Product/Product.aspx?Item=9SIAEK56813653,https://images10.newegg.com/NeweggImage/ProductImageCompressAll300/A13Y_1_20151221589307740.jpg?ex=2
244,"Supersonic SC-2411 24"" 1080p HD LED LCD Television w/ ATSC Digital Tuner",373.73,https://www.newegg.ca/Product/Product.aspx?Item=9SIAEK56813851,https://images10.newegg.com/NeweggImage/ProductImageCompressAll300/A0ZX_1_201604272050795344.jpg?ex=2
245,"Naxa NTD-2256 22"" Class 1080p Full HD LED TV with DVD/Media Player and Car Package, Shiny Black",211.86,https://www.newegg.ca/Product/Product.aspx?Item=9SIA66K6403429,https://images10.newegg.com/NeweggImage/ProductImageCompressAll300/A3AR_1_201705261431142573.jpg?ex=2
246,VIZIO D39hn-E0 D-Series 39-Inch Full-Array 720p HD Smart LED TV,633.72,https://www.newegg.ca/Product/Product.aspx?Item=9SIAEK56810367,https://images10.newegg.com/NeweggImage/ProductImageCompressAll300/89-262-542-S06.jpg?ex=2
247,"Samsung J5205 Series 32"" 1080p 60Motion Rate LED Smart TV (UN32J5205)",399.99,https://www.newegg.ca/Product/Product.aspx?Item=9SIAE345WC7572,https://images10.newegg.com/NeweggImage/ProductImageCompressAll300/AE34_1_201706291052270614.jpg?ex=2
248,"GPX TE1982B 19"" LED HDTV",373.73,https://www.newegg.ca/Product/Product.aspx?Item=9SIAEK567Z8414,https://images10.newegg.com/NeweggImage/ProductImageCompressAll300/A0FU_1_20140527528245592.jpg?ex=2
249,"Supersonic SC-1511 15"" 720p LED-LCD TV - 16:9 - HDTV",159.39,https://www.newegg.ca/Product/Product.aspx?Item=9SIA66K5TF7300,https://images10.newegg.com/NeweggImage/ProductImageCompressAll300/A0ZX_1_20150410336405382.jpg?ex=2
250,32IN LED HDTV,371.88,https://www.newegg.ca/Product/Product.aspx?Item=9SIAEK56845526,https://images10.newegg.com/NeweggImage/ProductImageCompressAll300/A3AR_1_201708172144663664.jpg?ex=2
251,VIZIO D24h-E1 D-Series  24-Inch Edge-lit 720p HD Smart LED TV (2017),295.73,https://www.newegg.ca/Product/Product.aspx?Item=9SIAEK567Z8280,https://images10.newegg.com/NeweggImage/ProductImageCompressAll300/16C-0014-000P8-S01.jpg?ex=2
252,LG Electronics 55UH8500 55-Inch 4K Ultra HD Smart LED TV,"2,999.99",https://www.newegg.ca/Product/Product.aspx?Item=9SIA8994YS7245,https://images10.newegg.com/ProductImageCompressAll300/89-007-195-02.jpg?ex=2
253,LG 75UH8500 75-Inch Super 4K UHD Smart TV with HDR,"4,199.99",https://www.newegg.ca/Product/Product.aspx?Item=9SIABH556H4496,https://images10.newegg.com/NeweggImage/ProductImageCompressAll300/89-007-192-02.jpg?ex=2
254,LG Electronics 60UH6150 60-Inch 4K Ultra HD Smart LED TV,"1,749.99",https://www.newegg.ca/Product/Product.aspx?Item=9SIA9U156B0488,https://images10.newegg.com/ProductImageCompressAll300/89-007-204-02.jpg?ex=2
255,"LG 65LX341C 65"" CLASS ( 64.53"" VIEWABLE ) LED TV-65LX341C","4,062.24",https://www.newegg.ca/Product/Product.aspx?Item=9SIAEK56809309,https://images10.newegg.com/NeweggImage/ProductImageCompressAll300/A3AR_1_201610051544930107.jpg?ex=2
256,"SONY FWD-65X750D BRAVIA PRO - 65"" CLASS ( 64.5"" VIEWABLE ) LED DISPLAY - FWD65X750D","4,796.95",https://www.newegg.ca/Product/Product.aspx?Item=9SIAEK56809645,https://images10.newegg.com/NeweggImage/ProductImageCompressAll300/A3AR_1_201610061251544282.jpg?ex=2
257,"Samsung 8 Series 65"" 4K UHD 240 Smart LED TV (UN65MU8000)","2,999.99",https://www.newegg.ca/Product/Product.aspx?Item=9SIAE345WC7559,https://images10.newegg.com/NeweggImage/ProductImageCompressAll300/AE34_1_20170629714776060.jpg?ex=2
258,60in Interactive Display System - PNL603B,"7,340.57",https://www.newegg.ca/Product/Product.aspx?Item=9SIAEK567Z9632,https://images10.newegg.com/NeweggImage/ProductImageCompressAll300/A3AR_1_20160927791377018.jpg?ex=2
259,Samsung UN75JU6500FXZA 75-Inch 2160p 4K UHD Smart LED TV - Black (2015),"3,399.00",https://www.newegg.ca/Product/Product.aspx?Item=9SIABH55TX6311,https://images10.newegg.com/NeweggImage/ProductImageCompressAll300/89-354-998-02.jpg?ex=2
260,VIZIO R65-B2 Reference Series 65-Inch 4K UHD Smart LED TV w/ HDR,"11,699.98",https://www.newegg.ca/Product/Product.aspx?Item=9SIAEK56842839,https://images10.newegg.com/NeweggImage/ProductImageCompressAll300/16C-0014-000M3-S01.jpg?ex=2
261,"Samsung KS9800 Series 65"" Curved Supreme Motion Rate 240 4K SUHD Smart LED TV (UN65KS9800)","2,899.99",https://www.newegg.ca/Product/Product.aspx?Item=9SIA5SF5YN4543,https://images10.newegg.com/NeweggImage/ProductImageCompressAll300/AE34_1_20170629461442446.jpg?ex=2
262,"Samsung MU6300 49"" 4K UHD with Wi-Fi Smart TV (UN49MU6300)","1,069.99",https://www.newegg.ca/Product/Product.aspx?Item=9SIAE345WC7554,https://images10.newegg.com/NeweggImage/ProductImageCompressAll300/AE34_1_201706291350422210.jpg?ex=2
263,"Samsung 8 Series 65"" Curved 4K UHD 240 Smart LED TV (UN65MU8500)","3,199.99",https://www.newegg.ca/Product/Product.aspx?Item=9SIAE345WC7506,https://images10.newegg.com/NeweggImage/ProductImageCompressAll300/AE34_1_201706291570634408.jpg?ex=2
264,"Hisense 55"" H6 Series 4K 60Hz Motion Rate Smart TV (55H6607)","1,099.99",https://www.newegg.ca/Product/Product.aspx?Item=9SIAE345WC7491,https://images10.newegg.com/NeweggImage/ProductImageCompressAll300/AE34_1_201706291191993153.jpg?ex=2
265,LG Electronics 43UF6400 43-Inch 4K Ultra HD Smart LED TV (2015 Model),"1,049.99",https://www.newegg.ca/Product/Product.aspx?Item=9SIA8993T95487,https://images10.newegg.com/ProductImageCompressAll300/A3YF_130845011629503183joym5yUlEk.jpg?ex=2
266,"Samsung Q Series 65"" 4K UHD 240 HDR Smart QLED TV (QN65Q9F)","5,299.99",https://www.newegg.ca/Product/Product.aspx?Item=9SIA5SF5YN4474,https://images10.newegg.com/NeweggImage/ProductImageCompressAll300/AE34_1_201706291649988434.jpg?ex=2
267,LG 24LJ4540 24-Inch HD 720p LED TV (2017),189.99,https://www.newegg.ca/Product/Product.aspx?Item=16C-000P-001A2CVF,https://images10.newegg.com/NeweggImage/ProductImageCompressAll300/16C-000P-001A2-S01.jpg?ex=2
268,"Samsung Q Series 65"" 4K UHD 240 Smart QLED TV (QN65Q7F)","5,499.99",https://www.newegg.ca/Product/Product.aspx?Item=9SIAE345WC7573,https://images10.newegg.com/NeweggImage/ProductImageCompressAll300/AE34_1_20170629680389558.jpg?ex=2
269,"Samsung UN50JU6500 50"" Class 4K Ultra HD Smart LED TV","1,199.99",https://www.newegg.ca/Product/Product.aspx?Item=9SIA8992WU2441,https://images10.newegg.com/ProductImageCompressAll300/89-354-973-01.jpg?ex=2
270,"VIZIO E280I-B1 28"" Class 720p 60Hz Smart LED HDTV",391.69,https://www.newegg.ca/Product/Product.aspx?Item=9SIA8X036X2196,https://images10.newegg.com/ProductImageCompressAll300/89-262-343-09.jpg?ex=2
271,"Haier 65"" LED HDTV 1080P 120Hz","1,299.99",https://www.newegg.ca/Product/Product.aspx?Item=9SIA9W43JU2424,https://images10.newegg.com/ProductImageCompressAll300/A9W4_130923362029578131VDivfh5T8V.jpg?ex=2
272,"Hisense 43"" H6 Series 4K UHD Smart TV with 120 Motion Rate (43H6307)",799.95,https://www.newegg.ca/Product/Product.aspx?Item=9SIAE345WC7509,https://images10.newegg.com/NeweggImage/ProductImageCompressAll300/AE34_1_201706291977016486.jpg?ex=2
273,"Hisense 32"" H3 Series 1366x768 LED TV (32H3B)",279.99,https://www.newegg.ca/Product/Product.aspx?Item=9SIAE345WC7551,https://images10.newegg.com/NeweggImage/ProductImageCompressAll300/AE34_1_201706291020346215.jpg?ex=2
274,"Hisense 40"" H5 Series Full HD1080P 60Hz Smart LED TV (40H5507)",529.99,https://www.newegg.ca/Product/Product.aspx?Item=9SIAE345WC7498,https://images10.newegg.com/NeweggImage/ProductImageCompressAll300/AE34_1_20170629174290935.jpg?ex=2
275,"Proscan 49"" 4K UHD LED TV (PLDED4935A)",599.99,https://www.newegg.ca/Product/Product.aspx?Item=9SIAE345WC7564,https://images10.newegg.com/NeweggImage/ProductImageCompressAll300/AE34_1_20170629341616570.jpg?ex=2
276,"Axess TVD1801-13 13.3"" LED AC/DC TV with DVD Player Brand New TVD-1801",231.77,https://www.newegg.ca/Product/Product.aspx?Item=9SIA90R6DV5070,https://images10.newegg.com/NeweggImage/ProductImageCompressAll300/A391_130927836332480081oYWWx0EJ0U.jpg?ex=2
277,"Samsung UN58H5202 58"" 1080p 60Hz Smart LED TV",999.99,https://www.newegg.ca/Product/Product.aspx?Item=9SIAE345WC7503,https://images10.newegg.com/NeweggImage/ProductImageCompressAll300/A5SR_130690202077800801SjewCVBuLe.jpg?ex=2
278,"Hisense 55"" H7 Series 4K UHD Smart TV with 120 Motion Rate (55H7607)","1,199.99",https://www.newegg.ca/Product/Product.aspx?Item=9SIAE345WC7522,https://images10.newegg.com/NeweggImage/ProductImageCompressAll300/AE34_1_20170629949477042.jpg?ex=2
279,"LG 55LF5950 55"" 1080p LED Smart TV","1,199.99",https://www.newegg.ca/Product/Product.aspx?Item=9SIA8993T95562,https://images10.newegg.com/ProductImageCompressAll300/A5SR_1308552925963125537K9mfAdrde.jpg?ex=2
280,"Samsung MU6500 Curved 65"" 4K UHD with Wi-Fi Smart TV (UN65MU6500)","2,099.99",https://www.newegg.ca/Product/Product.aspx?Item=9SIAE345WC7569,https://images10.newegg.com/NeweggImage/ProductImageCompressAll300/AE34_1_20170629941221957.jpg?ex=2
281,"Samsung UN22F5000 22"" Class 1080p 60Hz LED HDTV",641.76,https://www.newegg.ca/Product/Product.aspx?Item=9SIA8X036X1533,https://images10.newegg.com/ProductImageCompressAll300/89-354-262-06.jpg?ex=2
282,"Proscan 40"" 4K UHD LED TV (PLED4049)",499.99,https://www.newegg.ca/Product/Product.aspx?Item=9SIAE345WC7542,https://images10.newegg.com/NeweggImage/ProductImageCompressAll300/AE34_1_201706291508692557.jpg?ex=2
283,"Proscan 55"" 4K UHD 60Hz LED TV (PLDED5515)",849.99,https://www.newegg.ca/Product/Product.aspx?Item=9SIAE345WC7562,https://images10.newegg.com/NeweggImage/ProductImageCompressAll300/AE34_1_201706291151331902.jpg?ex=2
284,"Sharp 65"" N5200 series 1080p Full HD Smart TV (LC65N5200U)","1,699.99",https://www.newegg.ca/Product/Product.aspx?Item=9SIAE345WC7529,https://images10.newegg.com/NeweggImage/ProductImageCompressAll300/AE34_1_20170629230239855.jpg?ex=2
285,"Sharp 55"" 4K UHD 120 AquoMotion Smart LED TV (LC55N8002U)","1,499.99",https://www.newegg.ca/Product/Product.aspx?Item=9SIAE345WC7545,https://images10.newegg.com/NeweggImage/ProductImageCompressAll300/AE34_1_20170629366986162.jpg?ex=2
286,"Hisense 49"" 1080p 60Hz LED TV (49H3C)",545.00,https://www.newegg.ca/Product/Product.aspx?Item=9SIAE345WC7507,https://images10.newegg.com/NeweggImage/ProductImageCompressAll300/AE34_1_201706291614531259.jpg?ex=2
287,Samsung UN49K6250 Curved 49-Inch 1080P Smart LED TV,"1,399.00",https://www.newegg.ca/Product/Product.aspx?Item=9SIA9U15UX6525,https://images10.newegg.com/NeweggImage/ProductImageCompressAll300/A9U1_131420180996921221P0U0OhQ7mH.jpg?ex=2
288,"Samsung 8 Series 75"" 4K UHD 240 Smart LED TV (UN75MU8000)","5,499.99",https://www.newegg.ca/Product/Product.aspx?Item=9SIAE345WC7535,https://images10.newegg.com/NeweggImage/ProductImageCompressAll300/AE34_1_201706291711995087.jpg?ex=2
289,"Proscan 60"" 1080P 120Hz LED TV (PLED6090)",899.99,https://www.newegg.ca/Product/Product.aspx?Item=9SIAE345WC7528,https://images10.newegg.com/NeweggImage/ProductImageCompressAll300/AE34_1_201706292086312399.jpg?ex=2
290,"Sharp 43"" N7000 series 4K UHD Smart TV (LC43N7000U)",899.99,https://www.newegg.ca/Product/Product.aspx?Item=9SIAE345WC7500,https://images10.newegg.com/NeweggImage/ProductImageCompressAll300/AE34_1_201706291240613217.jpg?ex=2
291,Hisense 50H4C 50-Inch 1080p Smart LED TV,647.99,https://www.newegg.ca/Product/Product.aspx?Item=9SIAE345WC7516,https://images10.newegg.com/NeweggImage/ProductImageCompressAll300/A0ZX_1_20160714929003448.jpg?ex=2
292,Samsung 55'' UNHD TV UN55KU6290F,"1,230.00",https://www.newegg.ca/Product/Product.aspx?Item=9SIA9U154N6833,https://images10.newegg.com/ProductImageCompressAll300/A9U1_131255981576649073wFRbC0mRVk.jpg?ex=2
293,SAMSUNG - HOSPITALITY TVS 48IN PRO IDIOM SMART LED TV,799.99,https://www.newegg.ca/Product/Product.aspx?Item=16C-0003-00244CVF,https://images10.newegg.com/NeweggImage/ProductImageCompressAll300/16C-0003-00244CVF-S01.jpg?ex=2
294,Samsung 55-Inch UN55KS9000 4K Ultra HD Smart LED TV,"1,800.00",https://www.newegg.ca/Product/Product.aspx?Item=9SIA5SF59X3551,https://images10.newegg.com/NeweggImage/ProductImageCompressAll300/A5SF_131303750664639873aK1AQWG6F1.jpg?ex=2
295,"Sharp 43"" 4K UHD 120 AquoMotion Smart LED TV (LC43N7002U)",899.99,https://www.newegg.ca/Product/Product.aspx?Item=9SIAE345WC7565,https://images10.newegg.com/NeweggImage/ProductImageCompressAll300/AE34_1_20170629135752389.jpg?ex=2
296,"Samsung MU9000 75"" 4K UHD with Wi-Fi Smart TV (UN75MU9000)","6,599.99",https://www.newegg.ca/Product/Product.aspx?Item=9SIAE345WC7568,https://images10.newegg.com/NeweggImage/ProductImageCompressAll300/AE34_1_201706291207356649.jpg?ex=2
297,"Avera Digital 40"" 1080p 60Hz LED-LCD HDTV 40AER10",349.95,https://www.newegg.ca/Product/Product.aspx?Item=9SIA8X058K8302,https://images10.newegg.com/NeweggImage/ProductImageCompressAll300/89-651-003-15.jpg?ex=2
298,Samsung UN40H5003 40-Inch 1080p LED TV (2014 Model),449.99,https://www.newegg.ca/Product/Product.aspx?Item=9SIAE345WC7709,https://images10.newegg.com/NeweggImage/ProductImageCompressAll300/A956_1_201605061397046480.jpg?ex=2
299,"Samsung J6201 Series 55"" 1080p Motion Rate 120 LED HD Smart TV (UN55J6201)","1,099.99",https://www.newegg.ca/Product/Product.aspx?Item=9SIAE345WC7553,https://images10.newegg.com/NeweggImage/ProductImageCompressAll300/AE34_1_201706291587430429.jpg?ex=2
300,"Samsung UN28H4000 28"" Class 720p 60Hz LED HDTV",206.00,https://www.newegg.ca/Product/Product.aspx?Item=9SIA8994UC6136,https://images10.newegg.com/ProductImageCompressAll300/16C-0003-000F4-02.jpg?ex=2
301,"Samsung 24"" 720p Edgelit HD Smart LED TV (UN24H4500)",279.99,https://www.newegg.ca/Product/Product.aspx?Item=9SIAE345WC7592,https://images10.newegg.com/NeweggImage/ProductImageCompressAll300/AE34_1_201706291468299255.jpg?ex=2
302,"SAMSUNG 65"" UN65MU6300FXZC SMART 4K UHD TV 2017 MODEL","1,645.88",https://www.newegg.ca/Product/Product.aspx?Item=9SIAA4Y6FD4172,https://images10.newegg.com/NeweggImage/ProductImageCompressAll300/AA4Y_1315169464789360913rNNGsDFrQ.jpg?ex=2
303,"Panasonic 55"" 4K Ultra HD Smart LED TV (TC55EX600)","1,499.00",https://www.newegg.ca/Product/Product.aspx?Item=9SIAE345WC7494,https://images10.newegg.com/NeweggImage/ProductImageCompressAll300/AE34_1_20170629769413867.jpg?ex=2
304,LG 24LJ4540 24-Inch HD 720p LED TV (2017),189.99,https://www.newegg.ca/Product/Product.aspx?Item=16C-000P-001A2CVF,https://images10.newegg.com/NeweggImage/ProductImageCompressAll300/16C-000P-001A2-S01.jpg?ex=2
305,"Samsung 8 Series 82"" UHD 240 Smart LED TV (UN82MU8000)","6,999.99",https://www.newegg.ca/Product/Product.aspx?Item=9SIAE345WC7523,https://images10.newegg.com/NeweggImage/ProductImageCompressAll300/AE34_1_20170629519302909.jpg?ex=2
306,"Samsung KU6270 Series 60"" 4K UHD Smart TV (UN60KU6270)","1,699.99",https://www.newegg.ca/Product/Product.aspx?Item=9SIAE345WC7526,https://images10.newegg.com/NeweggImage/ProductImageCompressAll300/AE34_1_201706291300724718.jpg?ex=2
307,"Hisense 55"" U6 Series 4K UHD Smart TV (55U6)",999.99,https://www.newegg.ca/Product/Product.aspx?Item=9SIAE345WC7578,https://images10.newegg.com/NeweggImage/ProductImageCompressAll300/AE34_1_201706291927384025.jpg?ex=2
308,LG Electronics 42LF5800 42-Inch 1080p Smart LED TV (2015 Model),599.99,https://www.newegg.ca/Product/Product.aspx?Item=9SIA89937V1811,https://images10.newegg.com/ProductImageCompressAll300/89-007-037-06.jpg?ex=2
309,"LG 65"" 2160p 120Hz LED-LCD HDTV 65UF6450","2,059.99",https://www.newegg.ca/Product/Product.aspx?Item=9SIA9U13SA9555,https://images10.newegg.com/ProductImageCompressAll300/A5SR_130869925368812842kunXCDAh86.jpg?ex=2
310,55-Inch Samsung UN55KS8500 Curved 4K SUHD Smart LED TV (2016),"1,599.99",https://www.newegg.ca/Product/Product.aspx?Item=9SIA5SF44A6871,https://images10.newegg.com/ProductImageCompressAll300/A5SF_131081607425744922Gv0sLxmvfz.jpg?ex=2
311,"LG 65"" 4K UHD HDR OLED Smart TV (OLED65B7P)","3,699.99",https://www.newegg.ca/Product/Product.aspx?Item=9SIA5SF5UC5304,https://images10.newegg.com/NeweggImage/ProductImageCompressAll300/ABH5_131505037433622233lnRm1kqLBY.jpg?ex=2
312,"Samsung HG40ND690DFXZA 40"" Full HD Smart TV Black LED TV","1,029.99",https://www.newegg.ca/Product/Product.aspx?Item=9SIA9U16DW0511,https://images10.newegg.com/NeweggImage/ProductImageCompressAll300/09Z-01HK-00081-06.jpg?ex=2
313,"Hisense 50"" H6 Series 4K UHD 120 60Hz Smart TV (50H6607)",999.99,https://www.newegg.ca/Product/Product.aspx?Item=9SIAE345WC7524,https://images10.newegg.com/NeweggImage/ProductImageCompressAll300/AE34_1_2017062942966117.jpg?ex=2
314,"Sharp 65"" N7000 series 4K UHD Smart TV (LC65N7000U)","2,299.99",https://www.newegg.ca/Product/Product.aspx?Item=9SIAE345WC7544,https://images10.newegg.com/NeweggImage/ProductImageCompressAll300/AE34_1_20170629269521590.jpg?ex=2
315,"Hisense Roku 32"" 720p Smart LED TV (32H4C)",349.99,https://www.newegg.ca/Product/Product.aspx?Item=9SIAE345WC7534,https://images10.newegg.com/NeweggImage/ProductImageCompressAll300/AE34_1_201706291580261974.jpg?ex=2
316,VIZIO D50-E1 D-Series 50-Inch 4K UHD Smart LED TV (2017),"1,041.99",https://www.newegg.ca/Product/Product.aspx?Item=9SIA7BB65C4411,https://images10.newegg.com/NeweggImage/ProductImageCompressAll300/16C-0014-000M0-S01.jpg?ex=2
317,"LG 49LF5900 49"" 1080p 60Hz IPS LED Smart TV (49LF5900)",999.99,https://www.newegg.ca/Product/Product.aspx?Item=9SIA9U13SA8862,https://images10.newegg.com/ProductImageCompressAll300/A899_130838722533164840KzXn9TxY2l.jpg?ex=2
318,Panasonic TC40D400 40 Inch HD Television with Easey-to-Use Features,499.00,https://www.newegg.ca/Product/Product.aspx?Item=9SIA7DC53D3637,https://images10.newegg.com/ProductImageCompressAll300/A7DC_1312386415437980573TPOhFw56k.jpg?ex=2
319,Samsung HG55NE890UFXZA 55Inch Ultra Slim Edge Lit Led,"2,399.99",https://www.newegg.ca/Product/Product.aspx?Item=0WX-0012-00626CVF,https://images10.newegg.com/NeweggImage/ProductImageCompressAll300/A91N_1_20160901697888023.jpg?ex=2
320,"Sharp 55"" 4K UHD 120 AquoMotion Smart LED TV (LC55N8002U)","1,499.99",https://www.newegg.ca/Product/Product.aspx?Item=9SIAE345WC7545,https://images10.newegg.com/NeweggImage/ProductImageCompressAll300/AE34_1_20170629366986162.jpg?ex=2
321,Samsung UN49K6250 Curved 49-Inch 1080P Smart LED TV,"1,399.00",https://www.newegg.ca/Product/Product.aspx?Item=9SIA9U15UX6525,https://images10.newegg.com/NeweggImage/ProductImageCompressAll300/A9U1_131420180996921221P0U0OhQ7mH.jpg?ex=2
322,"Samsung KU6490 Series 65"" Curved 4K UHD Smart TV - Dark Titan Colour (UN65KU6491)","2,099.99",https://www.newegg.ca/Product/Product.aspx?Item=9SIAE345WC7582,https://images10.newegg.com/NeweggImage/ProductImageCompressAll300/AE34_1_20170629524241339.jpg?ex=2
323,"VIZIO M50-D1 50"" 4K 120Hz LED-LCD HDTV, Black",899.99,https://www.newegg.ca/Product/Product.aspx?Item=N82E16889262512CVF,https://images10.newegg.com/NeweggImage/ProductImageCompressAll300/89-262-512-02.jpg?ex=2
324,"SAMSUNG 32"" UN32J4000CFXZC 720P LED TV 2015 MODEL",281.18,https://www.newegg.ca/Product/Product.aspx?Item=9SIAA4Y6FD3712,https://images10.newegg.com/NeweggImage/ProductImageCompressAll300/AA4Y_131516912132063661bH8AVv2fPz.jpg?ex=2
325,"Samsung KU6290 Series 70"" 4K UHD Smart TV (UN70KU6290)","2,999.99",https://www.newegg.ca/Product/Product.aspx?Item=9SIAE345WC7547,https://images10.newegg.com/NeweggImage/ProductImageCompressAll300/AE34_1_2017062973785963.jpg?ex=2
326,Samsung Electronics UN55MU6500 55-Inch Curved  4K Ultra HD Smart LED TV,999.99,https://www.newegg.ca/Product/Product.aspx?Item=9SIA5SF5UC1234,https://images10.newegg.com/NeweggImage/ProductImageCompressAll300/A5SF_131412468173384354n2yXVdai7q.jpg?ex=2
327,"Sharp 60"" N5100 Series 1080p Full HD Smart TV (LC60N5100U)","1,499.99",https://www.newegg.ca/Product/Product.aspx?Item=9SIAE345WC7555,https://images10.newegg.com/NeweggImage/ProductImageCompressAll300/AE34_1_20170629406763904.jpg?ex=2
328,"Samsung UN48H4005 48"" Class 720p 60Hz LED HDTV",589.99,https://www.newegg.ca/Product/Product.aspx?Item=9SIA8993966845,https://images10.newegg.com/ProductImageCompressAll300/A899_130979494643408665cO6IG9Q5RC.jpg?ex=2
329,"Samsung 60"" 4K Ultra HD LED Tizen Smart TV (UN60KU6290)","1,899.99",https://www.newegg.ca/Product/Product.aspx?Item=9SIA9U156B0585,https://images10.newegg.com/ProductImageCompressAll300/A9U1_131268333586724780nRMEBR6RBY.jpg?ex=2
330,"Sharp 65"" 4K UHD 120 AquoMotion Smart LED TV (LC65N8002U)","2,099.99",https://www.newegg.ca/Product/Product.aspx?Item=9SIAE345WC7530,https://images10.newegg.com/NeweggImage/ProductImageCompressAll300/AE34_1_20170629494522133.jpg?ex=2
331,LG Electronics 55UF6800 55-Inch 4K Ultra HD Smart LED TV (2015 Model),"1,599.99",https://www.newegg.ca/Product/Product.aspx?Item=9SIA8993FK5755,https://images10.newegg.com/ProductImageCompressAll300/A5SR_130855252715103453k0uRIM9v8w.jpg?ex=2
332,"Samsung MU9000 65"" 4K UHD with Wi-Fi Smart TV (UN65MU9000)","3,597.99",https://www.newegg.ca/Product/Product.aspx?Item=9SIAE345WC7531,https://images10.newegg.com/NeweggImage/ProductImageCompressAll300/AE34_1_201706291619334645.jpg?ex=2
333,Panasonic TC32C400 32 inch Television with Easy-to-Use Features,299.00,https://www.newegg.ca/Product/Product.aspx?Item=9SIA7DC5318990,https://images10.newegg.com/ProductImageCompressAll300/A7DC_131238639425660332nzgdvggMtK.jpg?ex=2
334,PC WHOLESALE 55KU6290 4K SMART TV,"1,700.00",https://www.newegg.ca/Product/Product.aspx?Item=9SIA9U15528716,https://images10.newegg.com/ProductImageCompressAll300/A9U1_131263908994153263yDiDUdmqaF.jpg?ex=2
335,"Sharp 50"" 4K UHD 120 AquoMotion Smart LED TV (LC50N8002U)","1,199.99",https://www.newegg.ca/Product/Product.aspx?Item=9SIAE345WC7527,https://images10.newegg.com/NeweggImage/ProductImageCompressAll300/AE34_1_20170629508117180.jpg?ex=2
336,LG 50LF5800 50-in. Smart 1080p LED TV,899.99,https://www.newegg.ca/Product/Product.aspx?Item=9SIA89937V1810,https://images10.newegg.com/ProductImageCompressAll300/A899_130838725078025766jD2WQQDHBY.jpg?ex=2
337,"Proscan 55"" 1080p 120Hz LED HDTV PLED5529A",699.98,https://www.newegg.ca/Product/Product.aspx?Item=9SIAE345WC7703,https://images10.newegg.com/NeweggImage/ProductImageCompressAll300/AE34_1_20170629460554887.jpg?ex=2
338,"Samsung 75"" 4K UHD HDR LED Tizen Smart TV UN75MU6300FXZC","2,799.99",https://www.newegg.ca/Product/Product.aspx?Item=9SIA5SF5UC2625,https://images10.newegg.com/NeweggImage/ProductImageCompressAll300/A5SF_1314125074998170450tHcttiFkT.jpg?ex=2
339,"Samsung KS9500 Series 65"" Curved Supreme Motion Rate 240 4K SUHD Smart LED TV","2,559.99",https://www.newegg.ca/Product/Product.aspx?Item=9SIA5SF5YN4540,https://images10.newegg.com/NeweggImage/ProductImageCompressAll300/AE34_1_2017062913092704.jpg?ex=2
340,SHARP PNLE901 W/3YR LTD COM WARR,"9,226.99",https://www.newegg.ca/Product/Product.aspx?Item=16C-000W-000E2CVF,https://images10.newegg.com/NeweggImage/ProductImageCompressAll300/16C-000W-000E2-S02.jpg?ex=2
341,"Sharp 55"" 4K UHD 120 AquoMotion Smart LED TV (LC55N7002U)","1,199.99",https://www.newegg.ca/Product/Product.aspx?Item=9SIAE345WC7493,https://images10.newegg.com/NeweggImage/ProductImageCompressAll300/AE34_1_201706291059543114.jpg?ex=2
342,Samsung HG32NE478BFXZA 32In Slim Direct Lit Led Blan Pro Idiom,479.99,https://www.newegg.ca/Product/Product.aspx?Item=1YF-007D-00001CVF,https://images10.newegg.com/NeweggImage/ProductImageCompressAll300/A91N_1_201606291226066966.jpg?ex=2
343,"Proscan 32"" 720p 60Hz LED HD TV + Roku Stick Included! (PLDED3231A)",299.99,https://www.newegg.ca/Product/Product.aspx?Item=9SIAE345WC7521,https://images10.newegg.com/NeweggImage/ProductImageCompressAll300/AE34_1_20170629175166142.jpg?ex=2
344,"Samsung MU6500 49"" Curved 4K UHD with Wi-Fi Smart TV (UN49MU6500)","1,199.99",https://www.newegg.ca/Product/Product.aspx?Item=9SIAE345WC7492,https://images10.newegg.com/NeweggImage/ProductImageCompressAll300/AE34_1_20170629213700650.jpg?ex=2
345,"Samsung KU7000 Series 65"" 4K UHD Smart TV (UN65KU7000)","2,499.99",https://www.newegg.ca/Product/Product.aspx?Item=9SIAE345WC7511,https://images10.newegg.com/NeweggImage/ProductImageCompressAll300/AE34_1_201706291363140571.jpg?ex=2
346,"Proscan 65"" 60Hz D-LED 4K UHD TV (PLDED6535A)","1,199.99",https://www.newegg.ca/Product/Product.aspx?Item=9SIAE345WC7546,https://images10.newegg.com/NeweggImage/ProductImageCompressAll300/AE34_1_201706291018434436.jpg?ex=2
347,"Vizio D24Hn-E1 D-Series - 24"" Class (23.54"" Viewable) Led Tv",199.99,https://www.newegg.ca/Product/Product.aspx?Item=16C-0014-000P9CVF,https://images10.newegg.com/NeweggImage/ProductImageCompressAll300/16C-0014-000P9CVF-S01.jpg?ex=2
348,Samsung UN65KU7000 65-Inch 4K Ultra HD Smart LED TV,"1,599.99",https://www.newegg.ca/Product/Product.aspx?Item=9SIA5SF55J4142,https://images10.newegg.com/ProductImageCompressAll300/A5SF_131257958799597980FrPD19SQmp.jpg?ex=2
349,"Hisense 50"" H7 Series 4K UHD Bluetooth Smart TV (50H7607)","1,099.99",https://www.newegg.ca/Product/Product.aspx?Item=9SIAE345WC7581,https://images10.newegg.com/NeweggImage/ProductImageCompressAll300/AE34_1_2017062994269096.jpg?ex=2
350,"Samsung KU6270 Series 40"" 4K UHD Smart TV (UN40KU6270)",799.99,https://www.newegg.ca/Product/Product.aspx?Item=9SIAE345WC7537,https://images10.newegg.com/NeweggImage/ProductImageCompressAll300/AE34_1_20170629949673311.jpg?ex=2
351,LG Electronics 43UH6500 43-Inch 4K Ultra HD Smart LED TV (2016 Model),"1,099.99",https://www.newegg.ca/Product/Product.aspx?Item=9SIA89941F7669,https://images10.newegg.com/ProductImageCompressAll300/A4P0_131044418107204549zQHx986BJP.jpg?ex=2
352,LG Electronics 55LF6100 55-Inch 1080p Smart LED TV (2015 Model),"1,099.99",https://www.newegg.ca/Product/Product.aspx?Item=9SIA8993FK5753,https://images10.newegg.com/ProductImageCompressAll300/89-007-032-06.jpg?ex=2
353,"Westinghouse 43"" 4K LED-LCD HDTV",299.99,https://www.newegg.ca/Product/Product.aspx?Item=N82E16889234101,https://images10.newegg.com/NeweggImage/ProductImageCompressAll300/89-234-101-S01.jpg?ex=2
354,"RCA 24"" 1080p 60Hz LED TV",129.99,https://www.newegg.ca/Product/Product.aspx?Item=N82E16889206111,https://images10.newegg.com/NeweggImage/ProductImageCompressAll300/89-206-111-Z01.jpg?ex=2
355,"Quasar 24"" 720p LED-LCD HDTV",129.99,https://www.newegg.ca/Product/Product.aspx?Item=N82E16889997004,https://images10.newegg.com/NeweggImage/ProductImageCompressAll300/89-997-004-Z01.jpg?ex=2
356,"RCA LED20G30RQ  20"" LED TV, Black",99.99,https://www.newegg.ca/Product/Product.aspx?Item=16C-0028-00013,https://images10.newegg.com/NeweggImage/ProductImageCompressAll300/A9SK_1_201611011234179135.jpg?ex=2
357,LG 49UH6100.A 49-inch 4K Ultra HD LED Smart TV - 3840 x 2160 - TruMotion 120 Hz - webOS 3.0 - Wi-Fi - HDMI,549.00,https://www.newegg.ca/Product/Product.aspx?Item=9SIAD785F32776,https://images10.newegg.com/NeweggImage/ProductImageCompressAll300/A22F_1_201611121876737557.jpg?ex=2
358,"LG LH5750 55LH5750 55"" 1080p LED-LCD TV - 16:9 - HDTV 1080p - Black - ATSC - 1920 x 1080 - Virtual Surround Plus - 20 W RMS - Direct LED - Smart TV - 2 x HDMI - USB - Ethernet - Wireless LAN - PC ...",799.00,https://www.newegg.ca/Product/Product.aspx?Item=9SIAD785F32658,https://images10.newegg.com/NeweggImage/ProductImageCompressAll300/A22F_1_20161015297674473.jpg?ex=2
359,Samsung 8-Series UN55KS8500 55-inch Class 4K SUHD Smart Curved LED TV - 3840 x 2160 - 240 MR - Black,"2,099.99",https://www.newegg.ca/Product/Product.aspx?Item=9SIA8994Z16188,https://images10.newegg.com/ProductImageCompressAll300/A22F_1_201609222053005671.jpg?ex=2
360,LG 55UF6800 55-inch LED Smart 4K Ultra HDTV - 3840 x 2160 - TruMotion 120 Hz - Quad-Core Processor - webOS 2.0 - Wi-Fi - HDMI,999.00,https://www.newegg.ca/Product/Product.aspx?Item=9SIAD785F32834,https://images10.newegg.com/NeweggImage/ProductImageCompressAll300/V02W_1_20151113932229734.jpg?ex=2
361,LG UH5500 50UH5500 50-inch 4k Ultra HD LED Smart TV - 3840 x 2160 - TruMotion 120 Hz - webOS 3.0 - Magic Remote - Wi-Fi - HDMI,849.00,https://www.newegg.ca/Product/Product.aspx?Item=9SIAD785F32833,https://images10.newegg.com/NeweggImage/ProductImageCompressAll300/A22F_1_20161015656721142.jpg?ex=2
362,"L.G  65EG9600 65"" Smart Curved 4K OLED 3D TV w/webOS 2.0","3,499.00",https://www.newegg.ca/Product/Product.aspx?Item=9SIAD785F32655,https://images10.newegg.com/NeweggImage/ProductImageCompressAll300/A299_1_20160211639080855.jpg?ex=2
363,LG UH5500 65UH5500 65-inch 4k Ultra HD LED Smart TV - 3840 x 2160 - TruMotion 120 Hz - webOS 3.0 - Magic Remote - Wi-Fi - HDMI,"1,399.00",https://www.newegg.ca/Product/Product.aspx?Item=9SIAD785HN6515,https://images10.newegg.com/NeweggImage/ProductImageCompressAll300/A22F_1_201610151574872097.jpg?ex=2
364,"LG 55"" 1080p LED-LCD HDTV -","1,750.00",https://www.newegg.ca/Product/Product.aspx?Item=9SIAD785HN6524,https://images10.newegg.com/NeweggImage/ProductImageCompressAll300/89-007-170-01.jpg?ex=2
365,LG Electronics 55UH7650 55-Inch 4K Ultra HD LED Smart TV Grade A,"1,650.00",https://www.newegg.ca/Product/Product.aspx?Item=9SIAD785HN6523,https://images10.newegg.com/NeweggImage/ProductImageCompressAll300/AD78_1_201703171213820544.jpg?ex=2
366,Samsung UN60J6200 60-in. 1080p Smart LED TV,"1,230.00",https://www.newegg.ca/Product/Product.aspx?Item=9SIA8993208684,https://images10.newegg.com/ProductImageCompressAll300/A899_130807592222289056vgwHdbI6i3.jpg?ex=2
367,Samsung 6-Series UN55KU6290 55-inch 4K Ultra HD Smart LED TV - 3840 x 2160 - 120 MR - Black,"1,100.00",https://www.newegg.ca/Product/Product.aspx?Item=9SIA8995264816,https://images10.newegg.com/ProductImageCompressAll300/A22F_1_201610151916465118.jpg?ex=2
368,"LG 55"" 1080p Curved OLED 3D WiFi Smart Cinema Screen Dual Core THX Certified","1,750.00",https://www.newegg.ca/Product/Product.aspx?Item=9SIAD785HN6513,https://images10.newegg.com/NeweggImage/ProductImageCompressAll300/89-007-089-01.jpg?ex=2
369,"49"" UF6900 4K UHD Smart LED TV with webOS",849.00,https://www.newegg.ca/Product/Product.aspx?Item=9SIAD785HN6519,https://images10.newegg.com/NeweggImage/ProductImageCompressAll300/AD78_131383052264633735RBhYLevqbx.jpg?ex=2
370,"LG OLED65B6P 65"" 2160p OLED TV - 16:9 - 4K UHDTV - NTSC - 3840 x 2160 - Dolby Digital, DTS, Surround - 4 x HDMI - USB - Ethernet - Wireless LAN - PC Streaming - Internet Access - Media Player","4,199.00",https://www.newegg.ca/Product/Product.aspx?Item=9SIAD785F32596,https://images10.newegg.com/NeweggImage/ProductImageCompressAll300/A22F_1_20161210467162321.jpg?ex=2
371,"LG 55"" 1080p 120Hz LED-LCD HDTV",699.00,https://www.newegg.ca/Product/Product.aspx?Item=9SIAD785HN6522,https://images10.newegg.com/NeweggImage/ProductImageCompressAll300/89-007-110-01.jpg?ex=2
372,Samsung UN48J6520 48-in. 1080p Smart Curved LED TV,929.99,https://www.newegg.ca/Product/Product.aspx?Item=9SIA8993219979,https://images10.newegg.com/ProductImageCompressAll300/A899_130807746944716506aogYyVMzdi.jpg?ex=2
373,"Vizio E-series 70"" 1080p 240Hz LED-LCD HDTV E70-C3B","1,249.99",https://www.newegg.ca/Product/Product.aspx?Item=N82E16889262606,https://images10.newegg.com/NeweggImage/ProductImageCompressAll300/cs.jpg?ex=2
374,"LG OLED65E6P 65"" 3D 2160p OLED TV - 16:9 - 4K UHDTV - 3840 x 2160 - Dolby Digital, DTS, Surround - 3 x HDMI - USB - Ethernet - Wireless LAN - PC Streaming - Internet Access - Media Player","4,599.00",https://www.newegg.ca/Product/Product.aspx?Item=9SIAD785HN6521,https://images10.newegg.com/NeweggImage/ProductImageCompressAll300/A22F_1_201612032139344785.jpg?ex=2
375,Samsung UN50JU6500 50-in. Smart 4K Ultra HD LED TV,"1,174.99",https://www.newegg.ca/Product/Product.aspx?Item=9SIA8993214146,https://images10.newegg.com/ProductImageCompressAll300/A899_130807682894945415cDSJT0VqzO.jpg?ex=2
376,Samsung UN32J5205 32-inch LED Smart TV - 1920 x 1080 - 60 Motion Rate - Wi-Fi / Ethernet - HDMI,360.00,https://www.newegg.ca/Product/Product.aspx?Item=9SIA8993246853,https://images10.newegg.com/ProductImageCompressAll300/A22F_1_20150924531077637.jpg?ex=2
377,"43"" UF6800 4K UHD Smart LED TV with webOS",699.00,https://www.newegg.ca/Product/Product.aspx?Item=9SIAD785HP1333,https://images10.newegg.com/NeweggImage/ProductImageCompressAll300/AD78_1313830490057213444WfIJUupKS.jpg?ex=2
378,Samsung UN48J5000 48-in. 1080p LED TV,599.99,https://www.newegg.ca/Product/Product.aspx?Item=9SIA8993966824,https://images10.newegg.com/ProductImageCompressAll300/A899_130849157080068538n310qqV4xB.jpg?ex=2
379,"LG LH5700 43LH5700 43"" 1080p LED-LCD TV - 16:9 - 1920 x 1080 - Virtual Surround Plus - 20 W RMS - LED - Smart TV - 2 x HDMI - USB - Ethernet - Wireless LAN - PC Streaming - Internet Access",499.00,https://www.newegg.ca/Product/Product.aspx?Item=9SIAD785CS7419,https://images10.newegg.com/NeweggImage/ProductImageCompressAll300/A22F_1_201610211648585264.jpg?ex=2
380,"LG LH5700 49LH5700 49"" 1080p LED-LCD TV - 16:9 - 1920 x 1080 - Virtual Surround Plus, DTS - 20 W RMS - LED - Smart TV - 2 x HDMI - USB - Ethernet - Wireless LAN - PC Streaming - Internet Access",699.00,https://www.newegg.ca/Product/Product.aspx?Item=9SIAD785F32772,https://images10.newegg.com/NeweggImage/ProductImageCompressAll300/A22F_1_20161015343713770.jpg?ex=2
381,"49"" UF6800 4K UHD Smart LED TV with webOS",799.00,https://www.newegg.ca/Product/Product.aspx?Item=9SIAD785HN6520,https://images10.newegg.com/NeweggImage/ProductImageCompressAll300/AD78_1313830509505807575t12FmjUGa.jpg?ex=2
