ID,Name,ModelNumber,Price,Link,Images
0,"Hisense 50"" H7 Series 4K UHD Bluetooth Smart TV (50H7607)",none,"1,099.99",https://www.newegg.ca/Product/Product.aspx?Item=9SIAE345WC7581,https://images10.newegg.com/NeweggImage/ProductImageCompressAll300/AE34_1_2017062994269096.jpg?ex=2
1,"Samsung Q Series 65"" Curved 4K UHD 240 HDR Smart QLED TV (QN65Q8C)",none,"6,499.99",https://www.newegg.ca/Product/Product.aspx?Item=9SIAE345WC8970,https://images10.newegg.com/NeweggImage/ProductImageCompressAll300/AE34_1_201706291402386747.jpg?ex=2
2,"Samsung KU6270 Series 40"" 4K UHD Smart TV (UN40KU6270)",none,799.99,https://www.newegg.ca/Product/Product.aspx?Item=9SIAE345WC7537,https://images10.newegg.com/NeweggImage/ProductImageCompressAll300/AE34_1_20170629949673311.jpg?ex=2
3,"Samsung 8 Series 55"" Curved 4K UHD 240 Smart LED TV (UN55MU8500)",none,"2,499.99",https://www.newegg.ca/Product/Product.aspx?Item=9SIAE345WC7520,https://images10.newegg.com/NeweggImage/ProductImageCompressAll300/AE34_1_201706291777271540.jpg?ex=2
4,Panasonic 43-inch Class Full HD LCD Display TH-43LFE8U,none,999.99,https://www.newegg.ca/Product/Product.aspx?Item=16C-0016-00075CVF,https://images10.newegg.com/NeweggImage/ProductImageCompressAll300/A4FT_1_20160812209138018.jpg?ex=2
5,LG Electronics 55LF6100 55-Inch 1080p Smart LED TV (2015 Model),none,"1,099.99",https://www.newegg.ca/Product/Product.aspx?Item=9SIA8993FK5753,https://images10.newegg.com/ProductImageCompressAll300/89-007-032-06.jpg?ex=2
6,LG Electronics 43UH6500 43-Inch 4K Ultra HD Smart LED TV (2016 Model),none,799.99,https://www.newegg.ca/Product/Product.aspx?Item=9SIABH55CS9992,https://images10.newegg.com/NeweggImage/ProductImageCompressAll300/A4P0_131044418107204549zQHx986BJP.jpg?ex=2
7,Samsung UN65KU7000 65-Inch 4K Ultra HD Smart LED TV,none,"1,749.99",https://www.newegg.ca/Product/Product.aspx?Item=9SIA5SF55J4142,https://images10.newegg.com/ProductImageCompressAll300/A5SF_131257958799597980FrPD19SQmp.jpg?ex=2
8,"Samsung KS9800 Series 65"" Curved Supreme Motion Rate 240 4K SUHD Smart LED TV (UN65KS9800)",none,"3,499.99",https://www.newegg.ca/Product/Product.aspx?Item=9SIA5SF5YN4543,https://images10.newegg.com/NeweggImage/ProductImageCompressAll300/AE34_1_20170629461442446.jpg?ex=2
9,"Samsung UN50J5200 50-Inch (49.5"" Diag.) 1080p Smart LED TV",none,799.99,https://www.newegg.ca/Product/Product.aspx?Item=9SIAE345WC7519,https://images10.newegg.com/NeweggImage/ProductImageCompressAll300/A7DC_131427357306243182EEmngNQLdW.jpg?ex=2
10,VIZIO D39f-E1 D-Series 39-Inch Full-Array 1080p HD Smart LED TV (2017),D39F-E1,462.99,https://www.newegg.ca/Product/Product.aspx?Item=16C-0014-000R2CVF,https://images10.newegg.com/NeweggImage/ProductImageCompressAll300/16C-0014-000R2-S01.jpg?ex=2
11,"LG 65"" 4K UHD HDR OLED webOS 3.5 Smart TV (OLED65B7P)",none,"4,099.99",https://www.newegg.ca/Product/Product.aspx?Item=9SIA5SF5UC5304,https://images10.newegg.com/NeweggImage/ProductImageCompressAll300/A5SF_131412541551828973mumoRsu5n0.jpg?ex=2
12,"Samsung KS9500 Series 65"" Curved Supreme Motion Rate 240 4K SUHD Smart LED TV",none,"2,999.99",https://www.newegg.ca/Product/Product.aspx?Item=9SIA5SF5YN4540,https://images10.newegg.com/NeweggImage/ProductImageCompressAll300/AE34_1_2017062913092704.jpg?ex=2
13,Samsung Electronics UN55MU6500 55-Inch Curved  4K Ultra HD Smart LED TV,none,"1,499.99",https://www.newegg.ca/Product/Product.aspx?Item=9SIA5SF5UC1234,https://images10.newegg.com/NeweggImage/ProductImageCompressAll300/A5SF_131412468173384354n2yXVdai7q.jpg?ex=2
14,Vizio Large Format Displays 32 - 54,M50-E1,956.99,https://www.newegg.ca/Product/Product.aspx?Item=0JC-008C-00011CVF,https://images10.newegg.com/NeweggImage/ProductImageCompressAll300/0JC-008C-00011-S01.jpg?ex=2
15,"VIZIO D32hn-E0 D-Series 32"" Class Full Array LED TV",D32hn-E0,270.99,https://www.newegg.ca/Product/Product.aspx?Item=N82E16889262557CVF,https://images10.newegg.com/NeweggImage/ProductImageCompressAll300/89-262-557-S01.jpg?ex=2
16,"Samsung MU9000 75"" 4K UHD with Wi-Fi Smart TV (UN75MU9000)",none,"6,599.99",https://www.newegg.ca/Product/Product.aspx?Item=9SIAE345WC7568,https://images10.newegg.com/NeweggImage/ProductImageCompressAll300/AE34_1_201706291207356649.jpg?ex=2
17,"Sharp 43"" N7000 series 4K UHD Smart TV (LC43N7000U)",none,899.99,https://www.newegg.ca/Product/Product.aspx?Item=9SIAE345WC7500,https://images10.newegg.com/NeweggImage/ProductImageCompressAll300/AE34_1_201706291240613217.jpg?ex=2
18,"LG 86"" 4K UHD HDR LED webOS 3.5 Smart TV (86SJ9570)",none,"9,499.99",https://www.newegg.ca/Product/Product.aspx?Item=9SIA5SF5UC5325,https://images10.newegg.com/NeweggImage/ProductImageCompressAll300/A5SF_131412547920722811QrR3xnR3b6.jpg?ex=2
19,Samsung 55'' UNHD TV UN55KU6290F,none,"1,230.00",https://www.newegg.ca/Product/Product.aspx?Item=9SIA9U154N6833,https://images10.newegg.com/ProductImageCompressAll300/A9U1_131255981576649073wFRbC0mRVk.jpg?ex=2
20,Samsung UN40H5003 40-Inch 1080p LED TV (2014 Model),H5003,449.99,https://www.newegg.ca/Product/Product.aspx?Item=9SIAE345WC7709,https://images10.newegg.com/NeweggImage/ProductImageCompressAll300/A956_1_201605061397046480.jpg?ex=2
21,"Sharp 43"" 4K UHD 120 AquoMotion Smart LED TV (LC43N7002U)",none,899.99,https://www.newegg.ca/Product/Product.aspx?Item=9SIAE345WC7565,https://images10.newegg.com/NeweggImage/ProductImageCompressAll300/AE34_1_20170629135752389.jpg?ex=2
22,"Samsung UN28H4000 28"" Class 720p 60Hz LED HDTV",UN28H4000,279.00,https://www.newegg.ca/Product/Product.aspx?Item=9SIA7DC5306328,https://images10.newegg.com/ProductImageCompressAll300/16C-0003-000F4-02.jpg?ex=2
23,"RCA DECG22DR 22"" Class LED Full HDTV AC/DC Power",none,374.60,https://www.newegg.ca/Product/Product.aspx?Item=9SIAAYY5H45602,https://images10.newegg.com/NeweggImage/ProductImageCompressAll300/A17P_1_20151006539913936.jpg?ex=2
24,Samsung HG32NE478BFXZA 32In Slim Direct Lit Led Blan Pro Idiom,HG32NE478BFXZA,522.99,https://www.newegg.ca/Product/Product.aspx?Item=1YF-007D-00001CVF,https://images10.newegg.com/NeweggImage/ProductImageCompressAll300/A91N_1_201606291226066966.jpg?ex=2
25,"Proscan 32"" 720p 60Hz LED HD TV + Roku Stick Included! (PLDED3231A)",none,299.99,https://www.newegg.ca/Product/Product.aspx?Item=9SIAE345WC7521,https://images10.newegg.com/NeweggImage/ProductImageCompressAll300/AE34_1_20170629175166142.jpg?ex=2
26,"Sharp 55"" 4K UHD 120 AquoMotion Smart LED TV (LC55N7002U)",none,"1,199.99",https://www.newegg.ca/Product/Product.aspx?Item=9SIAE345WC7493,https://images10.newegg.com/NeweggImage/ProductImageCompressAll300/AE34_1_201706291059543114.jpg?ex=2
27,Samsung 65-Inch UN65KU7500 Curved 4K Ultra HD Smart LED TV,none,"1,849.99",https://www.newegg.ca/Product/Product.aspx?Item=9SIA5SF58Z1334,https://images10.newegg.com/NeweggImage/ProductImageCompressAll300/A5SF_131293375651546735OArVDTjUQk.jpg?ex=2
28,Avera 49EQX10 49-Inch 2160p 4K LED Television - Black,none,379.99,https://www.newegg.ca/Product/Product.aspx?Item=N82E16889651005,https://images10.newegg.com/ProductImageCompressAll300/89-651-005-06.jpg?ex=2
29,Avera 55EQX10 55-Inch 2160p 4K LED Television - Black,none,489.99,https://www.newegg.ca/Product/Product.aspx?Item=N82E16889651007,https://images10.newegg.com/ProductImageCompressAll300/89-651-007-06.jpg?ex=2
30,"Hisense 43"" H6 Series 4K UHD Smart TV with 120 Motion Rate (43H6307)",none,799.95,https://www.newegg.ca/Product/Product.aspx?Item=9SIAE345WC7509,https://images10.newegg.com/NeweggImage/ProductImageCompressAll300/AE34_1_201706291977016486.jpg?ex=2
31,"VIZIO E280I-B1 28"" Class 720p 60Hz Smart LED HDTV",none,391.69,https://www.newegg.ca/Product/Product.aspx?Item=9SIA8X036X2196,https://images10.newegg.com/ProductImageCompressAll300/89-262-343-09.jpg?ex=2
32,"Samsung J5205 Series 32"" 1080p 60Motion Rate LED Smart TV (UN32J5205)",none,399.99,https://www.newegg.ca/Product/Product.aspx?Item=9SIAE345WC7572,https://images10.newegg.com/NeweggImage/ProductImageCompressAll300/AE34_1_201706291052270614.jpg?ex=2
33,"Samsung 8 Series 55"" 4K UHD 240 Smart LED TV (UN55MU8000)",none,"2,299.99",https://www.newegg.ca/Product/Product.aspx?Item=9SIAE345WC7591,https://images10.newegg.com/NeweggImage/ProductImageCompressAll300/AE34_1_201706291706267708.jpg?ex=2
34,"Samsung 8 Series 65"" Curved 4K UHD 240 Smart LED TV (UN65MU8500)",none,"3,199.99",https://www.newegg.ca/Product/Product.aspx?Item=9SIAE345WC7506,https://images10.newegg.com/NeweggImage/ProductImageCompressAll300/AE34_1_201706291570634408.jpg?ex=2
35,"Samsung MU6300 49"" 4K UHD with Wi-Fi Smart TV (UN49MU6300)",none,"1,069.99",https://www.newegg.ca/Product/Product.aspx?Item=9SIAE345WC7554,https://images10.newegg.com/NeweggImage/ProductImageCompressAll300/AE34_1_201706291350422210.jpg?ex=2
36,"Sharp 65"" N7000 series 4K UHD Smart TV (LC65N7000U)",none,"2,299.99",https://www.newegg.ca/Product/Product.aspx?Item=9SIAE345WC7544,https://images10.newegg.com/NeweggImage/ProductImageCompressAll300/AE34_1_20170629269521590.jpg?ex=2
37,"Samsung 8 Series 65"" 4K UHD 240 Smart LED TV (UN65MU8000)",none,"2,999.99",https://www.newegg.ca/Product/Product.aspx?Item=9SIAE345WC7559,https://images10.newegg.com/NeweggImage/ProductImageCompressAll300/AE34_1_20170629714776060.jpg?ex=2
38,VIZIO D55-D2 55-Inch 1080p HD Smart LED TV - Black,none,792.79,https://www.newegg.ca/Product/Product.aspx?Item=9SIAAYY5JV5963,https://images10.newegg.com/NeweggImage/ProductImageCompressAll300/89-262-496-S05.jpg?ex=2
39,"Hisense 50"" H6 Series 4K UHD 120 60Hz Smart TV (50H6607)",none,999.99,https://www.newegg.ca/Product/Product.aspx?Item=9SIAE345WC7524,https://images10.newegg.com/NeweggImage/ProductImageCompressAll300/AE34_1_2017062942966117.jpg?ex=2
40,19 Inch Supersonic SC-1912 12 Volt AC/DC LED 1080p Digital HDTV  w/ DVD Player,SC-1912,204.78,https://www.newegg.ca/Product/Product.aspx?Item=9SIA66K5RB8290,https://images10.newegg.com/NeweggImage/ProductImageCompressAll300/A13Y_1_20140502510739901.jpg?ex=2
41,55-Inch Samsung UN55KS8500 Curved 4K SUHD Smart LED TV (2016),KS8500,"2,671.00",https://www.newegg.ca/Product/Product.aspx?Item=9SIA9U14W48037,https://images10.newegg.com/ProductImageCompressAll300/A5SF_131081607425744922Gv0sLxmvfz.jpg?ex=2
42,LG Electronics 60UH6150 60-Inch 4K Ultra HD Smart LED TV,none,"1,749.99",https://www.newegg.ca/Product/Product.aspx?Item=9SIA9U156B0488,https://images10.newegg.com/ProductImageCompressAll300/89-007-204-02.jpg?ex=2
43,Hitachi 43E3 1080p HD LED TV,43E3,349.99,https://www.newegg.ca/Product/Product.aspx?Item=N82E16889200049,https://images10.newegg.com/NeweggImage/ProductImageCompressAll300/89-200-049-S01.jpg?ex=2
44,Samsung UN40J5200 40-Inch 1080p Smart LED TV,UN40J5200FXZC,489.99,https://www.newegg.ca/Product/Product.aspx?Item=9SIABH55ZE0320,https://images10.newegg.com/NeweggImage/ProductImageCompressAll300/A7DC_131427352677829484xALOJSyjMq.jpg?ex=2
45,"Samsung J4500 Series 32"" 720p 60 Motion Rate Smart LED TV (UN32J4500)",none,329.99,https://www.newegg.ca/Product/Product.aspx?Item=9SIAE345WC7549,https://images10.newegg.com/NeweggImage/ProductImageCompressAll300/AE34_1_201706292137375510.jpg?ex=2
46,"Haier 65"" LED HDTV 1080P 120Hz",none,"1,299.99",https://www.newegg.ca/Product/Product.aspx?Item=9SIA9W43JU2424,https://images10.newegg.com/ProductImageCompressAll300/A9W4_130923362029578131VDivfh5T8V.jpg?ex=2
47,"Samsung UN50JU6500 50"" Class 4K Ultra HD Smart LED TV",JU6500,"1,199.99",https://www.newegg.ca/Product/Product.aspx?Item=9SIA8992WU2441,https://images10.newegg.com/ProductImageCompressAll300/89-354-973-01.jpg?ex=2
48,"Hisense 32"" H3 Series 1366x768 LED TV (32H3B)",none,279.99,https://www.newegg.ca/Product/Product.aspx?Item=9SIAE345WC7551,https://images10.newegg.com/NeweggImage/ProductImageCompressAll300/AE34_1_201706291020346215.jpg?ex=2
49,Samsung UN75JU6500FXZA 75-Inch 2160p 4K UHD Smart LED TV - Black (2015),JU6500,"3,399.00",https://www.newegg.ca/Product/Product.aspx?Item=9SIABH55TX6311,https://images10.newegg.com/NeweggImage/ProductImageCompressAll300/89-354-998-02.jpg?ex=2
50,"Proscan 49"" 4K UHD LED TV (PLDED4935A)",none,599.99,https://www.newegg.ca/Product/Product.aspx?Item=9SIAE345WC7564,https://images10.newegg.com/NeweggImage/ProductImageCompressAll300/AE34_1_20170629341616570.jpg?ex=2
51,"Samsung Q Series 55"" Curved 4K UHD 240 HDR Smart QLED TV (QN55Q8C)",none,"4,799.99",https://www.newegg.ca/Product/Product.aspx?Item=9SIAE345WC8967,https://images10.newegg.com/NeweggImage/ProductImageCompressAll300/AE34_1_20170629947003949.jpg?ex=2
52,LG Electronics 55UH6150 55-Inch 4K Ultra HD Smart LED TV (2016 Model),none,899.00,https://www.newegg.ca/Product/Product.aspx?Item=9SIABH55XR7723,https://images10.newegg.com/NeweggImage/ProductImageCompressAll300/89-007-205-02.jpg?ex=2
53,"Avera Digital 40"" 1080p 60Hz LED-LCD HDTV 40AER10",none,349.95,https://www.newegg.ca/Product/Product.aspx?Item=9SIA8X058K8302,https://images10.newegg.com/NeweggImage/ProductImageCompressAll300/89-651-003-15.jpg?ex=2
54,"Samsung MU6300 50"" 4K UHD with Wi-Fi Smart TV (UN50MU6300)",none,"1,099.99",https://www.newegg.ca/Product/Product.aspx?Item=9SIAE345WC7588,https://images10.newegg.com/NeweggImage/ProductImageCompressAll300/AE34_1_201706291870422083.jpg?ex=2
55,Samsung 55-Inch UN55KS9000 4K Ultra HD Smart LED TV,none,"2,099.99",https://www.newegg.ca/Product/Product.aspx?Item=9SIA5SF59X3551,https://images10.newegg.com/NeweggImage/ProductImageCompressAll300/A5SF_131303750664639873aK1AQWG6F1.jpg?ex=2
56,46IN LED ULTRA SLIM BEZEL VGA,LH46UEDPLGC/ZA,"2,331.97",https://www.newegg.ca/Product/Product.aspx?Item=9SIA7RD2X62237,https://images10.newegg.com/ProductImageCompressAll300/A98C_1_20170617693280768.jpg?ex=2
57,"Samsung J6201 Series 55"" 1080p Motion Rate 120 LED HD Smart TV (UN55J6201)",none,"1,099.99",https://www.newegg.ca/Product/Product.aspx?Item=9SIAE345WC7553,https://images10.newegg.com/NeweggImage/ProductImageCompressAll300/AE34_1_201706291587430429.jpg?ex=2
58,"Samsung MU9000 55"" 4K UHD with Wi-Fi Smart TV (UN55MU9000)",none,"2,899.99",https://www.newegg.ca/Product/Product.aspx?Item=9SIAE345WC7495,https://images10.newegg.com/NeweggImage/ProductImageCompressAll300/AE34_1_20170629147962442.jpg?ex=2
59,"Samsung Q Series 65"" 4K UHD 240 HDR Smart QLED TV (QN65Q9F)",none,"6,199.99",https://www.newegg.ca/Product/Product.aspx?Item=9SIA5SF5YN4474,https://images10.newegg.com/NeweggImage/ProductImageCompressAll300/AE34_1_201706291649988434.jpg?ex=2
60,"Hisense 55"" H6 Series 4K 60Hz Motion Rate Smart TV (55H6607)",none,"1,099.99",https://www.newegg.ca/Product/Product.aspx?Item=9SIAE345WC7491,https://images10.newegg.com/NeweggImage/ProductImageCompressAll300/AE34_1_201706291191993153.jpg?ex=2
61,"Samsung 7 Series 40"" 4K UHD 120 Smart LED TV (UN40MU7000)",none,"1,199.99",https://www.newegg.ca/Product/Product.aspx?Item=9SIAE345WC7541,https://images10.newegg.com/NeweggImage/ProductImageCompressAll300/AE34_1_201706291847269937.jpg?ex=2
62,LG Electronics 43UF6400 43-Inch 4K Ultra HD Smart LED TV (2015 Model),none,"1,049.99",https://www.newegg.ca/Product/Product.aspx?Item=9SIA8993T95487,https://images10.newegg.com/ProductImageCompressAll300/A3YF_130845011629503183joym5yUlEk.jpg?ex=2
63,"Samsung MU6300 55"" 4K UHD Smart LED TV (UN55MU6300)",none,"1,299.99",https://www.newegg.ca/Product/Product.aspx?Item=9SIAE345WC7499,https://images10.newegg.com/NeweggImage/ProductImageCompressAll300/AE34_1_201706291538806461.jpg?ex=2
64,"Samsung Q Series 65"" 4K UHD 240 Smart QLED TV (QN65Q7F)",none,"5,499.99",https://www.newegg.ca/Product/Product.aspx?Item=9SIAE345WC7573,https://images10.newegg.com/NeweggImage/ProductImageCompressAll300/AE34_1_20170629680389558.jpg?ex=2
65,Samsung UN65KU6490 65-inch Smart Curved 4K UHD LED TV,none,"1,749.99",https://www.newegg.ca/Product/Product.aspx?Item=9SIA5SF55J4805,https://images10.newegg.com/ProductImageCompressAll300/A5SF_131257992986832085B87qIz3LTf.jpg?ex=2
66,"Samsung UE46D 46"" 1080p Home Electronics Accessories",LH46UEDPLGC/ZA,"2,519.99",https://www.newegg.ca/Product/Product.aspx?Item=0ZK-00AB-000S9CVF,https://images10.newegg.com/NeweggImage/ProductImageCompressAll300/A6BJ_1_20150201194009189.jpg?ex=2
67,"Proscan 60"" 1080P 120Hz LED TV (PLED6090)",none,899.99,https://www.newegg.ca/Product/Product.aspx?Item=9SIAE345WC7528,https://images10.newegg.com/NeweggImage/ProductImageCompressAll300/AE34_1_201706292086312399.jpg?ex=2
68,"Proscan 40"" 1080p 60Hz LED HDTV PLDED4016A",PLDED4016A,419.99,https://www.newegg.ca/Product/Product.aspx?Item=9SIAE345WC7518,https://images10.newegg.com/NeweggImage/ProductImageCompressAll300/A98C_1_201705091551023384.jpg?ex=2
69,"LG E7 55"" 4K UHD HDR OLED webOS 3.5 Smart TV (OLED55E7P)",none,"4,999.99",https://www.newegg.ca/Product/Product.aspx?Item=9SIA5SF5UC5270,https://images10.newegg.com/NeweggImage/ProductImageCompressAll300/A5SF_131412539618723180G9y7DtDzdC.jpg?ex=2
70,Samsung HG55NE890UFXZA 55Inch Ultra Slim Edge Lit Led,HG55NE890UFXZA,"2,559.99",https://www.newegg.ca/Product/Product.aspx?Item=0WX-0012-00626CVF,https://images10.newegg.com/NeweggImage/ProductImageCompressAll300/A91N_1_20160901697888023.jpg?ex=2
71,"Hisense Roku 32"" 720p Smart LED TV (32H4C)",none,349.99,https://www.newegg.ca/Product/Product.aspx?Item=9SIAE345WC7534,https://images10.newegg.com/NeweggImage/ProductImageCompressAll300/AE34_1_201706291580261974.jpg?ex=2
72,LG Electronics 55LF6000 55-Inch 1080p LED TV (2015 Model),none,950.00,https://www.newegg.ca/Product/Product.aspx?Item=9SIA9U13NS5149,https://images10.newegg.com/ProductImageCompressAll300/89-007-035-01.jpg?ex=2
73,Panasonic TC40D400 40 Inch HD Television with Easey-to-Use Features,none,499.00,https://www.newegg.ca/Product/Product.aspx?Item=9SIA7DC53D3637,https://images10.newegg.com/ProductImageCompressAll300/A7DC_1312386415437980573TPOhFw56k.jpg?ex=2
74,"LG 49LF5900 49"" 1080p 60Hz IPS LED Smart TV (49LF5900)",none,999.99,https://www.newegg.ca/Product/Product.aspx?Item=9SIA9U13SA8862,https://images10.newegg.com/ProductImageCompressAll300/A899_130838722533164840KzXn9TxY2l.jpg?ex=2
75,"Hisense 55"" H7 Series 4K UHD Smart TV with 120 Motion Rate (55H7607)",none,"1,199.99",https://www.newegg.ca/Product/Product.aspx?Item=9SIAE345WC7522,https://images10.newegg.com/NeweggImage/ProductImageCompressAll300/AE34_1_20170629949477042.jpg?ex=2
76,"Hisense 40"" H5 Series Full HD1080P 60Hz Smart LED TV (40H5507)",none,529.99,https://www.newegg.ca/Product/Product.aspx?Item=9SIAE345WC7498,https://images10.newegg.com/NeweggImage/ProductImageCompressAll300/AE34_1_20170629174290935.jpg?ex=2
77,"Samsung Q Series 55"" 4K UHD 240 Smart QLED TV (QN55Q7F)",none,"3,799.99",https://www.newegg.ca/Product/Product.aspx?Item=9SIAE345WC7552,https://images10.newegg.com/NeweggImage/ProductImageCompressAll300/AE34_1_20170629665941818.jpg?ex=2
78,Samsung UN55MU7100FXZC,none,"1,699.99",https://www.newegg.ca/Product/Product.aspx?Item=9SIA5SF5UC1385,https://images10.newegg.com/NeweggImage/ProductImageCompressAll300/A5SF_131412478267543499C8Epec41jJ.jpg?ex=2
79,"Samsung UN22F5000 22"" Class 1080p 60Hz LED HDTV",F5000A,641.76,https://www.newegg.ca/Product/Product.aspx?Item=9SIA8X036X1533,https://images10.newegg.com/ProductImageCompressAll300/89-354-262-06.jpg?ex=2
80,"Proscan 55"" 4K UHD 60Hz LED TV (PLDED5515)",none,849.99,https://www.newegg.ca/Product/Product.aspx?Item=9SIAE345WC7562,https://images10.newegg.com/NeweggImage/ProductImageCompressAll300/AE34_1_201706291151331902.jpg?ex=2
81,SAMSUNG 40IN SLIM DIR LIT LED HDTV,none,"1,306.31",https://www.newegg.ca/Product/Product.aspx?Item=9SIA5SC5DC9312,https://images10.newegg.com/NeweggImage/ProductImageCompressAll300/A4FT_1_20160914490179523.jpg?ex=2
82,"65"" Class UN65MU7100
 4K UHD TV",none,"2,299.99",https://www.newegg.ca/Product/Product.aspx?Item=9SIA5SF5UC2501,https://images10.newegg.com/NeweggImage/ProductImageCompressAll300/A5SF_131412494556842558KA3O0jKqra.jpg?ex=2
83,"Samsung UN58H5202 58"" 1080p 60Hz Smart LED TV",H5202,999.99,https://www.newegg.ca/Product/Product.aspx?Item=9SIAE345WC7503,https://images10.newegg.com/NeweggImage/ProductImageCompressAll300/A5SR_130690202077800801SjewCVBuLe.jpg?ex=2
84,"LG 43"" 1080p 60Hz LX770H Pro:Centric Smart Slim Direct LED IPTV with Integrated Pro:Idiom and b-LAN",43LX770H,799.99,https://www.newegg.ca/Product/Product.aspx?Item=N82E16889007226CVF,https://images10.newegg.com/NeweggImage/ProductImageCompressAll300/89-007-226CVF-S01.jpg?ex=2
85,"VIZIO M50-D1 50"" 4K 120Hz LED-LCD HDTV, Black",none,929.99,https://www.newegg.ca/Product/Product.aspx?Item=N82E16889262512CVF,https://images10.newegg.com/NeweggImage/ProductImageCompressAll300/89-262-512-02.jpg?ex=2
86,"LG B7 55"" 4K UHD HDR OLED webOS 3.5 Smart TV (OLED55B7P)",none,"2,749.99",https://www.newegg.ca/Product/Product.aspx?Item=9SIA5SF5UC5310,https://images10.newegg.com/NeweggImage/ProductImageCompressAll300/A5SF_131412544280345358FNSgfNLO9K.jpg?ex=2
87,"Samsung KU6490 Series 65"" Curved 4K UHD Smart TV - Dark Titan Colour (UN65KU6491)",none,"2,099.99",https://www.newegg.ca/Product/Product.aspx?Item=9SIAE345WC7582,https://images10.newegg.com/NeweggImage/ProductImageCompressAll300/AE34_1_20170629524241339.jpg?ex=2
88,55-Inch Samsung UN55KS9500 Curved 4K SUHD Smart LED TV (2016 Model),KS9500,"2,299.99",https://www.newegg.ca/Product/Product.aspx?Item=9SIA5SF44A7014,https://images10.newegg.com/ProductImageCompressAll300/A5SF_1310816099548139282QWEsVke41.jpg?ex=2
89,"Samsung MU6500 49"" Curved 4K UHD with Wi-Fi Smart TV (UN49MU6500)",none,"1,199.99",https://www.newegg.ca/Product/Product.aspx?Item=9SIAE345WC7492,https://images10.newegg.com/NeweggImage/ProductImageCompressAll300/AE34_1_20170629213700650.jpg?ex=2
90,"LG 65"" 4K UHD HDR LED webOS 3.5 Smart TV (65UJ6540)",none,"1,799.99",https://www.newegg.ca/Product/Product.aspx?Item=9SIA5SF5UC5898,https://images10.newegg.com/NeweggImage/ProductImageCompressAll300/A5SF_131412553609093335aD9dWIffJ7.jpg?ex=2
91,"Samsung KU7000 Series 65"" 4K UHD Smart TV (UN65KU7000)",none,"2,499.99",https://www.newegg.ca/Product/Product.aspx?Item=9SIAE345WC7511,https://images10.newegg.com/NeweggImage/ProductImageCompressAll300/AE34_1_201706291363140571.jpg?ex=2
92,"LG 55LF5950 55"" 1080p LED Smart TV",none,"1,199.99",https://www.newegg.ca/Product/Product.aspx?Item=9SIA8993T95562,https://images10.newegg.com/ProductImageCompressAll300/A5SR_1308552925963125537K9mfAdrde.jpg?ex=2
93,"Samsung MU6500 Curved 65"" 4K UHD with Wi-Fi Smart TV (UN65MU6500)",none,"2,099.99",https://www.newegg.ca/Product/Product.aspx?Item=9SIAE345WC7569,https://images10.newegg.com/NeweggImage/ProductImageCompressAll300/AE34_1_20170629941221957.jpg?ex=2
94,"Samsung MU6500 55"" Curved 4K UHD with Wi-Fi Smart TV (UN55MU6500)",none,"1,499.99",https://www.newegg.ca/Product/Product.aspx?Item=9SIAE345WC7539,https://images10.newegg.com/NeweggImage/ProductImageCompressAll300/AE34_1_20170629334036393.jpg?ex=2
95,"Samsung DM48E 48"" DM-E Series 1080p Slim Direct-Lit LED Display - LH48DMEPLGA/GO",none,"1,577.36",https://www.newegg.ca/Product/Product.aspx?Item=16C-0003-00245CVF,https://images10.newegg.com/NeweggImage/ProductImageCompressAll300/16C-0003-00245CVF-S10.jpg?ex=2
96,"Samsung KU7000 Series 65"" 4K UHD Smart TV (UN65KU7000)",none,"2,499.99",https://www.newegg.ca/Product/Product.aspx?Item=9SIAE345WC7511,https://images10.newegg.com/NeweggImage/ProductImageCompressAll300/AE34_1_201706291363140571.jpg?ex=2
97,"Samsung UN48H4005 48"" Class 720p 60Hz LED HDTV",H4005A,589.99,https://www.newegg.ca/Product/Product.aspx?Item=9SIA8993966845,https://images10.newegg.com/ProductImageCompressAll300/A899_130979494643408665cO6IG9Q5RC.jpg?ex=2
98,"Samsung KU6290 Series 70"" 4K UHD Smart TV (UN70KU6290)",none,"2,999.99",https://www.newegg.ca/Product/Product.aspx?Item=9SIAE345WC7547,https://images10.newegg.com/NeweggImage/ProductImageCompressAll300/AE34_1_2017062973785963.jpg?ex=2
99,"Sharp 60"" N5100 Series 1080p Full HD Smart TV (LC60N5100U)",none,"1,499.99",https://www.newegg.ca/Product/Product.aspx?Item=9SIAE345WC7555,https://images10.newegg.com/NeweggImage/ProductImageCompressAll300/AE34_1_20170629406763904.jpg?ex=2
100,"Samsung MU9000 55"" 4K UHD with Wi-Fi Smart TV (UN55MU9000)",none,"2,899.99",https://www.newegg.ca/Product/Product.aspx?Item=9SIAE345WC7495,https://images10.newegg.com/NeweggImage/ProductImageCompressAll300/AE34_1_20170629147962442.jpg?ex=2
101,"Samsung Q Series 65"" 4K UHD 240 HDR Smart QLED TV (QN65Q9F)",none,"6,199.99",https://www.newegg.ca/Product/Product.aspx?Item=9SIA5SF5YN4474,https://images10.newegg.com/NeweggImage/ProductImageCompressAll300/AE34_1_201706291649988434.jpg?ex=2
102,"Hisense 55"" H6 Series 4K 60Hz Motion Rate Smart TV (55H6607)",none,"1,099.99",https://www.newegg.ca/Product/Product.aspx?Item=9SIAE345WC7491,https://images10.newegg.com/NeweggImage/ProductImageCompressAll300/AE34_1_201706291191993153.jpg?ex=2
103,"Samsung 7 Series 40"" 4K UHD 120 Smart LED TV (UN40MU7000)",none,"1,199.99",https://www.newegg.ca/Product/Product.aspx?Item=9SIAE345WC7541,https://images10.newegg.com/NeweggImage/ProductImageCompressAll300/AE34_1_201706291847269937.jpg?ex=2
104,LG Electronics 43UF6400 43-Inch 4K Ultra HD Smart LED TV (2015 Model),none,"1,049.99",https://www.newegg.ca/Product/Product.aspx?Item=9SIA8993T95487,https://images10.newegg.com/ProductImageCompressAll300/A3YF_130845011629503183joym5yUlEk.jpg?ex=2
105,"Samsung MU6300 55"" 4K UHD Smart LED TV (UN55MU6300)",none,"1,299.99",https://www.newegg.ca/Product/Product.aspx?Item=9SIAE345WC7499,https://images10.newegg.com/NeweggImage/ProductImageCompressAll300/AE34_1_201706291538806461.jpg?ex=2
106,"Samsung Q Series 65"" 4K UHD 240 Smart QLED TV (QN65Q7F)",none,"5,499.99",https://www.newegg.ca/Product/Product.aspx?Item=9SIAE345WC7573,https://images10.newegg.com/NeweggImage/ProductImageCompressAll300/AE34_1_20170629680389558.jpg?ex=2
107,"Proscan 65"" 60Hz D-LED 4K UHD TV (PLDED6535A)",none,"1,199.99",https://www.newegg.ca/Product/Product.aspx?Item=9SIAE345WC7546,https://images10.newegg.com/NeweggImage/ProductImageCompressAll300/AE34_1_201706291018434436.jpg?ex=2
108,"LG 75"" 4K UHD HDR LED webOS 3.5 Smart TV (75UJ657A)",none,"3,397.99",https://www.newegg.ca/Product/Product.aspx?Item=9SIA5SF5UC5345,https://images10.newegg.com/NeweggImage/ProductImageCompressAll300/A5SF_131412552139454920NOzAkuzwQt.jpg?ex=2
109,"LG 65"" 4K UHD HDR LED webOS 3.5 Smart TV (65SJ8500)",none,"2,449.99",https://www.newegg.ca/Product/Product.aspx?Item=9SIA5SF5UC5341,https://images10.newegg.com/NeweggImage/ProductImageCompressAll300/A5SF_131412550087247665cxjhdktbRD.jpg?ex=2
110,VIZIO D50-E1 D-Series 50-Inch 4K UHD Smart LED TV (2017),D50-E1,790.99,https://www.newegg.ca/Product/Product.aspx?Item=16C-0014-000M0CVF,https://images10.newegg.com/NeweggImage/ProductImageCompressAll300/16C-0014-000M0-S01.jpg?ex=2
111,"Samsung KU6290 Series 40"" 4K UHD Smart TV (UN40KU6290)",none,799.99,https://www.newegg.ca/Product/Product.aspx?Item=9SIAE345WC7566,https://images10.newegg.com/NeweggImage/ProductImageCompressAll300/AE34_1_20170629819367623.jpg?ex=2
112,"LG 55LF5950 55"" 1080p LED Smart TV",none,"1,199.99",https://www.newegg.ca/Product/Product.aspx?Item=9SIA8993T95562,https://images10.newegg.com/ProductImageCompressAll300/A5SR_1308552925963125537K9mfAdrde.jpg?ex=2
113,"Samsung MU6500 Curved 65"" 4K UHD with Wi-Fi Smart TV (UN65MU6500)",none,"2,099.99",https://www.newegg.ca/Product/Product.aspx?Item=9SIAE345WC7569,https://images10.newegg.com/NeweggImage/ProductImageCompressAll300/AE34_1_20170629941221957.jpg?ex=2
114,"Samsung MU6500 55"" Curved 4K UHD with Wi-Fi Smart TV (UN55MU6500)",none,"1,499.99",https://www.newegg.ca/Product/Product.aspx?Item=9SIAE345WC7539,https://images10.newegg.com/NeweggImage/ProductImageCompressAll300/AE34_1_20170629334036393.jpg?ex=2
115,"Samsung DM48E 48"" DM-E Series 1080p Slim Direct-Lit LED Display - LH48DMEPLGA/GO",none,"1,577.36",https://www.newegg.ca/Product/Product.aspx?Item=16C-0003-00245CVF,https://images10.newegg.com/NeweggImage/ProductImageCompressAll300/16C-0003-00245CVF-S10.jpg?ex=2
116,LG Electronics 42LF5800 42-Inch 1080p Smart LED TV (2015 Model),none,599.99,https://www.newegg.ca/Product/Product.aspx?Item=9SIA89937V1811,https://images10.newegg.com/ProductImageCompressAll300/89-007-037-06.jpg?ex=2
117,"Hisense 55"" U6 Series 4K UHD Smart TV (55U6)",none,999.99,https://www.newegg.ca/Product/Product.aspx?Item=9SIAE345WC7578,https://images10.newegg.com/NeweggImage/ProductImageCompressAll300/AE34_1_201706291927384025.jpg?ex=2
118,65-Inch  Samsung UN65KS8500 Curved 4K SUHD Smart LED TV,KS8500,"2,529.99",https://www.newegg.ca/Product/Product.aspx?Item=9SIA5SF44A6583,https://images10.newegg.com/ProductImageCompressAll300/A5SF_131081591966053123YQ1Hik1cQq.jpg?ex=2
119,"LG 65"" 2160p 120Hz LED-LCD HDTV 65UF6450",none,"2,059.99",https://www.newegg.ca/Product/Product.aspx?Item=9SIA9U13SA9555,https://images10.newegg.com/ProductImageCompressAll300/A5SR_130869925368812842kunXCDAh86.jpg?ex=2
120,"LG E7 55"" 4K UHD HDR OLED webOS 3.5 Smart TV (OLED55E7P)",none,"4,999.99",https://www.newegg.ca/Product/Product.aspx?Item=9SIA5SF5UC5270,https://images10.newegg.com/NeweggImage/ProductImageCompressAll300/A5SF_131412539618723180G9y7DtDzdC.jpg?ex=2
121,Samsung HG55NE890UFXZA 55Inch Ultra Slim Edge Lit Led,HG55NE890UFXZA,"2,559.99",https://www.newegg.ca/Product/Product.aspx?Item=0WX-0012-00626CVF,https://images10.newegg.com/NeweggImage/ProductImageCompressAll300/A91N_1_20160901697888023.jpg?ex=2
122,"Hisense Roku 32"" 720p Smart LED TV (32H4C)",none,349.99,https://www.newegg.ca/Product/Product.aspx?Item=9SIAE345WC7534,https://images10.newegg.com/NeweggImage/ProductImageCompressAll300/AE34_1_201706291580261974.jpg?ex=2
123,LG Electronics 55LF6000 55-Inch 1080p LED TV (2015 Model),none,950.00,https://www.newegg.ca/Product/Product.aspx?Item=9SIA9U13NS5149,https://images10.newegg.com/ProductImageCompressAll300/89-007-035-01.jpg?ex=2
124,Panasonic TC40D400 40 Inch HD Television with Easey-to-Use Features,none,499.00,https://www.newegg.ca/Product/Product.aspx?Item=9SIA7DC53D3637,https://images10.newegg.com/ProductImageCompressAll300/A7DC_1312386415437980573TPOhFw56k.jpg?ex=2
125,"LG 49LF5900 49"" 1080p 60Hz IPS LED Smart TV (49LF5900)",none,999.99,https://www.newegg.ca/Product/Product.aspx?Item=9SIA9U13SA8862,https://images10.newegg.com/ProductImageCompressAll300/A899_130838722533164840KzXn9TxY2l.jpg?ex=2
126,"Changhong 32"" Class 1080p LED HDTV - LED32YC1600UA",none,189.99,https://www.newegg.ca/Product/Product.aspx?Item=N82E16889624013,https://images10.newegg.com/ProductImageCompressAll300/89-624-013-03.jpg?ex=2
127,"Sharp 65"" 4K UHD 120 AquoMotion Smart LED TV (LC65N8002U)",none,"2,099.99",https://www.newegg.ca/Product/Product.aspx?Item=9SIAE345WC7530,https://images10.newegg.com/NeweggImage/ProductImageCompressAll300/AE34_1_20170629494522133.jpg?ex=2
128,"Samsung 60"" 4K Ultra HD LED Tizen Smart TV (UN60KU6290)",none,"1,899.99",https://www.newegg.ca/Product/Product.aspx?Item=9SIA9U156B0585,https://images10.newegg.com/ProductImageCompressAll300/A9U1_131268333586724780nRMEBR6RBY.jpg?ex=2
129,"Samsung MU6300 75"" 4K UHD with Wi-Fi Smart TV (UN75MU6300)",none,"3,799.99",https://www.newegg.ca/Product/Product.aspx?Item=9SIAE345WC7570,https://images10.newegg.com/NeweggImage/ProductImageCompressAll300/AE34_1_2017062961619674.jpg?ex=2
130,"Samsung 7 Series 49"" 4K UHD 120 Smart LED TV (UN49MU7000)",none,"1,399.99",https://www.newegg.ca/Product/Product.aspx?Item=9SIAE345WC7497,https://images10.newegg.com/NeweggImage/ProductImageCompressAll300/AE34_1_20170629448053862.jpg?ex=2
131,LG Electronics 55UF6800 55-Inch 4K Ultra HD Smart LED TV (2015 Model),none,"1,599.99",https://www.newegg.ca/Product/Product.aspx?Item=9SIA8993FK5755,https://images10.newegg.com/ProductImageCompressAll300/A5SR_130855252715103453k0uRIM9v8w.jpg?ex=2
132,"Samsung MU9000 65"" 4K UHD with Wi-Fi Smart TV (UN65MU9000)",none,"3,597.99",https://www.newegg.ca/Product/Product.aspx?Item=9SIAE345WC7531,https://images10.newegg.com/NeweggImage/ProductImageCompressAll300/AE34_1_201706291619334645.jpg?ex=2
133,Panasonic TC32C400 32 inch Television with Easy-to-Use Features,none,299.00,https://www.newegg.ca/Product/Product.aspx?Item=9SIA7DC5318990,https://images10.newegg.com/ProductImageCompressAll300/A7DC_131238639425660332nzgdvggMtK.jpg?ex=2
134,"Sharp 50"" 4K UHD 120 AquoMotion Smart LED TV (LC50N8002U)",none,"1,199.99",https://www.newegg.ca/Product/Product.aspx?Item=9SIAE345WC7527,https://images10.newegg.com/NeweggImage/ProductImageCompressAll300/AE34_1_20170629508117180.jpg?ex=2
135,"SAMSUNG 32"" Class J4500 LED Smart TV",none,329.00,https://www.newegg.ca/Product/Product.aspx?Item=9SIA7DC5319317,https://images10.newegg.com/ProductImageCompressAll300/A7DC_131238649884309012cNMzOxnhrs.jpg?ex=2
136,PC WHOLESALE 55KU6290 4K SMART TV,UN55KU6290,"1,700.00",https://www.newegg.ca/Product/Product.aspx?Item=9SIA9U15528716,https://images10.newegg.com/ProductImageCompressAll300/A9U1_131263908994153263yDiDUdmqaF.jpg?ex=2
137,LG Electronics 60UH6150 60-Inch 4K Ultra HD Smart LED TV,none,"1,749.99",https://www.newegg.ca/Product/Product.aspx?Item=9SIA9U156B0488,https://images10.newegg.com/ProductImageCompressAll300/89-007-204-02.jpg?ex=2
138,Hitachi 43E3 1080p HD LED TV,43E3,349.99,https://www.newegg.ca/Product/Product.aspx?Item=N82E16889200049,https://images10.newegg.com/NeweggImage/ProductImageCompressAll300/89-200-049-S01.jpg?ex=2
139,Samsung UN40J5200 40-Inch 1080p Smart LED TV,UN40J5200FXZC,489.99,https://www.newegg.ca/Product/Product.aspx?Item=9SIABH55ZE0320,https://images10.newegg.com/NeweggImage/ProductImageCompressAll300/A7DC_131427352677829484xALOJSyjMq.jpg?ex=2
140,"Samsung UN50KU630DFXZA  49.5"" LED TV, Black",UN50KU630DFXZA,549.99,https://www.newegg.ca/Product/Product.aspx?Item=16C-0003-002C4,https://images10.newegg.com/NeweggImage/ProductImageCompressAll300/A9SK_1_201612191066658308.jpg?ex=2
141,"Sharp 43"" 1080p 60Hz LED TV",LC-43N4000U,349.99,https://www.newegg.ca/Product/Product.aspx?Item=N82E16889101595,https://images10.newegg.com/NeweggImage/ProductImageCompressAll300/89-101-595-S01.jpg?ex=2
142,"Hitachi 48"" 1080p 60Hz LED-LCD HDTV",LE48M4S9,384.99,https://www.newegg.ca/Product/Product.aspx?Item=N82E16889200053,https://images10.newegg.com/NeweggImage/ProductImageCompressAll300/89-200-053-S01.jpg?ex=2
143,"TCL 43"" 1080p 120Hz LED-LCD HDTV",43S303,399.99,https://www.newegg.ca/Product/Product.aspx?Item=N82E16889272057,https://images10.newegg.com/NeweggImage/ProductImageCompressAll300/89-272-057-S01.jpg?ex=2
144,"Panasonic 50"" 4K 120Hz LED TV TC-50CX400U",none,549.99,https://www.newegg.ca/Product/Product.aspx?Item=N82E16889187304,https://images10.newegg.com/NeweggImage/ProductImageCompressAll300/89-187-304-S01.jpg?ex=2
145,"Sharp AQUOS HD Series LC-32LE451U 32-inch LED TV - 1366 x 768 - 16:9 - 4000000:1 - 60 Hz - HDMI, USB - Black",LC-32LE451U,189.99,https://www.newegg.ca/Product/Product.aspx?Item=16E-000A-00041,https://images10.newegg.com/NeweggImage/ProductImageCompressAll300/A22F_1_201703241044417609.jpg?ex=2
146,"LG OLED65B6P 65"" 2160p OLED TV - 16:9 - 4K UHDTV - NTSC - 3840 x 2160 - Dolby Digital, DTS, Surround - 4 x HDMI - USB - Ethernet - Wireless LAN - PC Streaming - Internet Access - Media Player",none,"4,199.00",https://www.newegg.ca/Product/Product.aspx?Item=9SIAD785F32596,https://images10.newegg.com/NeweggImage/ProductImageCompressAll300/A22F_1_20161210467162321.jpg?ex=2
147,Samsung 8-Series UN55KS8500 55-inch Class 4K SUHD Smart Curved LED TV - 3840 x 2160 - 240 MR - Black,none,"2,099.99",https://www.newegg.ca/Product/Product.aspx?Item=9SIA8994Z16188,https://images10.newegg.com/ProductImageCompressAll300/A22F_1_201609222053005671.jpg?ex=2
148,Samsung 6-Series UN55KU6290 55-inch 4K Ultra HD Smart LED TV - 3840 x 2160 - 120 MR - Black,none,"1,100.00",https://www.newegg.ca/Product/Product.aspx?Item=9SIA8995264816,https://images10.newegg.com/ProductImageCompressAll300/A22F_1_201610151916465118.jpg?ex=2
149,LG 49UH6100.A 49-inch 4K Ultra HD LED Smart TV - 3840 x 2160 - TruMotion 120 Hz - webOS 3.0 - Wi-Fi - HDMI,49UH6100.A,799.00,https://www.newegg.ca/Product/Product.aspx?Item=9SIAD785F32776,https://images10.newegg.com/NeweggImage/ProductImageCompressAll300/A22F_1_201611121876737557.jpg?ex=2
150,Samsung UN50J6200 50-in. 1080p Smart LED TV,none,899.99,https://www.newegg.ca/Product/Product.aspx?Item=9SIA8993214152,https://images10.newegg.com/ProductImageCompressAll300/A899_130807686666002483PjulcgvNvk.jpg?ex=2
151,"LG LH5700 43LH5700 43"" 1080p LED-LCD TV - 16:9 - 1920 x 1080 - Virtual Surround Plus - 20 W RMS - LED - Smart TV - 2 x HDMI - USB - Ethernet - Wireless LAN - PC Streaming - Internet Access",43LH5700,499.00,https://www.newegg.ca/Product/Product.aspx?Item=9SIAD785CS7419,https://images10.newegg.com/NeweggImage/ProductImageCompressAll300/A22F_1_201610211648585264.jpg?ex=2
152,"LG LH5750 55LH5750 55"" 1080p LED-LCD TV - 16:9 - HDTV 1080p - Black - ATSC - 1920 x 1080 - Virtual Surround Plus - 20 W RMS - Direct LED - Smart TV - 2 x HDMI - USB - Ethernet - Wireless LAN - PC ...",55LH5750,799.00,https://www.newegg.ca/Product/Product.aspx?Item=9SIAD785F32658,https://images10.newegg.com/NeweggImage/ProductImageCompressAll300/A22F_1_20161015297674473.jpg?ex=2
153,"LG 43"" 4K 120Hz LED-LCD HDTV",43UH6100,649.00,https://www.newegg.ca/Product/Product.aspx?Item=9SIAD785HN6526,https://images10.newegg.com/NeweggImage/ProductImageCompressAll300/A22F_1_201610211176149286.jpg?ex=2
154,Samsung UN60J6200 60-in. 1080p Smart LED TV,none,"1,230.00",https://www.newegg.ca/Product/Product.aspx?Item=9SIA8993208684,https://images10.newegg.com/ProductImageCompressAll300/A899_130807592222289056vgwHdbI6i3.jpg?ex=2
155,"L.G  65EG9600 65"" Smart Curved 4K OLED 3D TV w/webOS 2.0",none,"3,499.00",https://www.newegg.ca/Product/Product.aspx?Item=9SIAD785F32655,https://images10.newegg.com/NeweggImage/ProductImageCompressAll300/A299_1_20160211639080855.jpg?ex=2
156,LG Electronics 55UH7650 55-Inch 4K Ultra HD LED Smart TV Grade A,55UH7650,"1,650.00",https://www.newegg.ca/Product/Product.aspx?Item=9SIAD785HN6523,https://images10.newegg.com/NeweggImage/ProductImageCompressAll300/AD78_1_201703171213820544.jpg?ex=2
157,LG UH5500 65UH5500 65-inch 4k Ultra HD LED Smart TV - 3840 x 2160 - TruMotion 120 Hz - webOS 3.0 - Magic Remote - Wi-Fi - HDMI,none,"1,399.00",https://www.newegg.ca/Product/Product.aspx?Item=9SIAD785HN6515,https://images10.newegg.com/NeweggImage/ProductImageCompressAll300/A22F_1_201610151574872097.jpg?ex=2
158,"LG 55"" 1080p LED-LCD HDTV -",55EA8800,"1,750.00",https://www.newegg.ca/Product/Product.aspx?Item=9SIAD785HN6524,https://images10.newegg.com/NeweggImage/ProductImageCompressAll300/89-007-170-01.jpg?ex=2
159,"49"" UF6800 4K UHD Smart LED TV with webOS",none,799.00,https://www.newegg.ca/Product/Product.aspx?Item=9SIAD785HN6520,https://images10.newegg.com/NeweggImage/ProductImageCompressAll300/AD78_1313830509505807575t12FmjUGa.jpg?ex=2
160,"LG LH5700 49LH5700 49"" 1080p LED-LCD TV - 16:9 - 1920 x 1080 - Virtual Surround Plus, DTS - 20 W RMS - LED - Smart TV - 2 x HDMI - USB - Ethernet - Wireless LAN - PC Streaming - Internet Access",49LH5700,699.00,https://www.newegg.ca/Product/Product.aspx?Item=9SIAD785F32772,https://images10.newegg.com/NeweggImage/ProductImageCompressAll300/A22F_1_20161015343713770.jpg?ex=2
161,"LG 55EG9100 55-inch Curved 3D OLED Smart TV - 1920 x 1080 - Dolby Digital, DTS - 3 x HDMI - USB - Ethernet - Wireless LAN - PC Streaming - Internet Access - Media Player",none,"1,750.00",https://www.newegg.ca/Product/Product.aspx?Item=9SIAD785F32840,https://images10.newegg.com/NeweggImage/ProductImageCompressAll300/A22F_1_20160209637555467.jpg?ex=2
162,"LG 55"" 1080p Curved OLED 3D WiFi Smart Cinema Screen Dual Core THX Certified",55EC9300,"1,750.00",https://www.newegg.ca/Product/Product.aspx?Item=9SIAD785HN6513,https://images10.newegg.com/NeweggImage/ProductImageCompressAll300/89-007-089-01.jpg?ex=2
163,"VIZIO E50-D1 50"" 1080p LED-LCD TV - 16:9 - Black - 1920 x 1080 - LED Backlight - Smart TV - PC Streaming - Internet Access",E50-D1,369.99,https://www.newegg.ca/Product/Product.aspx?Item=16C-0014-000H8,https://images10.newegg.com/NeweggImage/ProductImageCompressAll300/16C-0014-000H8-S01.jpg?ex=2
164,"LG 55"" 1080p 120Hz LED-LCD HDTV",55LF6000,699.00,https://www.newegg.ca/Product/Product.aspx?Item=9SIAD785HN6522,https://images10.newegg.com/NeweggImage/ProductImageCompressAll300/89-007-110-01.jpg?ex=2
165,"43"" UF6800 4K UHD Smart LED TV with webOS",none,699.00,https://www.newegg.ca/Product/Product.aspx?Item=9SIAD785HP1333,https://images10.newegg.com/NeweggImage/ProductImageCompressAll300/AD78_1313830490057213444WfIJUupKS.jpg?ex=2
166,Samsung UN32J5205 32-inch LED Smart TV - 1920 x 1080 - 60 Motion Rate - Wi-Fi / Ethernet - HDMI,none,360.00,https://www.newegg.ca/Product/Product.aspx?Item=9SIA8993246853,https://images10.newegg.com/ProductImageCompressAll300/A22F_1_20150924531077637.jpg?ex=2
167,"LG OLED65E6P 65"" 3D 2160p OLED TV - 16:9 - 4K UHDTV - 3840 x 2160 - Dolby Digital, DTS, Surround - 3 x HDMI - USB - Ethernet - Wireless LAN - PC Streaming - Internet Access - Media Player",none,"4,599.00",https://www.newegg.ca/Product/Product.aspx?Item=9SIAD785HN6521,https://images10.newegg.com/NeweggImage/ProductImageCompressAll300/A22F_1_201612032139344785.jpg?ex=2
168,"49"" UF6900 4K UHD Smart LED TV with webOS",none,849.00,https://www.newegg.ca/Product/Product.aspx?Item=9SIAD785HN6519,https://images10.newegg.com/NeweggImage/ProductImageCompressAll300/AD78_131383052264633735RBhYLevqbx.jpg?ex=2
169,LG UH5500 50UH5500 50-inch 4k Ultra HD LED Smart TV - 3840 x 2160 - TruMotion 120 Hz - webOS 3.0 - Magic Remote - Wi-Fi - HDMI,none,849.00,https://www.newegg.ca/Product/Product.aspx?Item=9SIAD785F32833,https://images10.newegg.com/NeweggImage/ProductImageCompressAll300/A22F_1_20161015656721142.jpg?ex=2
170,"Samsung J5200 Series UN48J5200 48-inch Smart LED TV - 1080p (Full HD) - Clear Motion Rate 60 - Wi-Fi, Ethernet - HDMI, USB",none,699.99,https://www.newegg.ca/Product/Product.aspx?Item=9SIA8993965803,https://images10.newegg.com/ProductImageCompressAll300/A899_130849087909888538nTv8ieqpdU.jpg?ex=2
171,Samsung UN48JU6500 48-in. Smart 4K Ultra HD LED TV,none,"1,099.99",https://www.newegg.ca/Product/Product.aspx?Item=9SIA8993214972,https://images10.newegg.com/ProductImageCompressAll300/A899_130807741817446506GJAKKfGf2I.jpg?ex=2
172,"LG 55EA9700 55"" 1080p 240Hz Smart WiFi Magic Remote 3D Curved OLED TV",none,"1,750.00",https://www.newegg.ca/Product/Product.aspx?Item=9SIAD785HN6517,https://images10.newegg.com/NeweggImage/ProductImageCompressAll300/AD78_1_201703171382479864.jpg?ex=2
173,LG 55UF6800 55-inch LED Smart 4K Ultra HDTV - 3840 x 2160 - TruMotion 120 Hz - Quad-Core Processor - webOS 2.0 - Wi-Fi - HDMI,none,999.00,https://www.newegg.ca/Product/Product.aspx?Item=9SIAD785F32834,https://images10.newegg.com/NeweggImage/ProductImageCompressAll300/V02W_1_20151113932229734.jpg?ex=2
174,Samsung UN55JS7000 55-inch LED Smart 4K Ultra HDTV - 3840 x 2160 - Motion Rate 120 - Quad-Core Processor - Wi-Fi - HDMI,none,"1,648.99",https://www.newegg.ca/Product/Product.aspx?Item=9SIA89948E5701,https://images10.newegg.com/ProductImageCompressAll300/V02W_1_20151224094535158.jpg?ex=2
175,Samsung UN50JU6500 50-in. Smart 4K Ultra HD LED TV,none,"1,174.99",https://www.newegg.ca/Product/Product.aspx?Item=9SIA8993214146,https://images10.newegg.com/ProductImageCompressAll300/A899_130807682894945415cDSJT0VqzO.jpg?ex=2
176,Samsung UN48J5000 48-in. 1080p LED TV,none,599.99,https://www.newegg.ca/Product/Product.aspx?Item=9SIA8993966824,https://images10.newegg.com/ProductImageCompressAll300/A899_130849157080068538n310qqV4xB.jpg?ex=2
177,"LG 49"" 1080p LED-LCD HDTV",49LH5700.B,419.99,https://www.newegg.ca/Product/Product.aspx?Item=N82E16889007319,https://images10.newegg.com/NeweggImage/ProductImageCompressAll300/89-007-319-S01.jpg?ex=2
178,Samsung UN48J6520 48-in. 1080p Smart Curved LED TV,none,929.99,https://www.newegg.ca/Product/Product.aspx?Item=9SIA8993219979,https://images10.newegg.com/ProductImageCompressAll300/A899_130807746944716506aogYyVMzdi.jpg?ex=2
179,"Philips 55"" 4K LED-LCD Smart TV, Grade A",55PFL5601/F7,499.99,https://www.newegg.ca/Product/Product.aspx?Item=N82E16889104231,https://images10.newegg.com/NeweggImage/ProductImageCompressAll300/89-104-231-S05.jpg?ex=2
180,Avera 55EQX10 55-Inch 2160p 4K LED Television - Black,none,391.99,https://www.newegg.ca/Product/Product.aspx?Item=N82E16889651007R,https://images10.newegg.com/NeweggImage/ProductImageCompressAll300/89-651-007-06.jpg?ex=2
181,VIZIO D50-E1 D-Series 50-Inch 4K UHD Smart LED TV (2017),none,822.60,https://www.newegg.ca/Product/Product.aspx?Item=9SIADZG62F6703,https://images10.newegg.com/NeweggImage/ProductImageCompressAll300/16C-0014-000M0-S01.jpg?ex=2
182,LG Electronics 43UH6100 43-Inch 4K Ultra HD Smart LED TV (2016 Model),none,999.99,https://www.newegg.ca/Product/Product.aspx?Item=9SIA89941F7668,https://images10.newegg.com/ProductImageCompressAll300/89-007-210-02.jpg?ex=2
183,"RCA 24"" 1080p 60Hz LED TV",LED24G45RQD,129.99,https://www.newegg.ca/Product/Product.aspx?Item=N82E16889206111,https://images10.newegg.com/NeweggImage/ProductImageCompressAll300/89-206-111-Z01.jpg?ex=2
184,"LG OLED55B6P 55"" 2160p OLED TV - 16:9 - 4K UHDTV - NTSC - 3840 x 2160 - Dolby Digital, DTS, Surround - 4 x HDMI - USB - Ethernet - Wireless LAN - PC Streaming - Internet Access - Media Player",none,"2,399.00",https://www.newegg.ca/Product/Product.aspx?Item=9SIAD785F32835,https://images10.newegg.com/NeweggImage/ProductImageCompressAll300/A22F_1_201610281021015577.jpg?ex=2
185,LG Electronics 49UH6100 49-Inch 4K Ultra HD Smart LED TV,none,599.99,https://www.newegg.ca/Product/Product.aspx?Item=N82E16889007209,https://images10.newegg.com/ProductImageCompressAll300/89-007-209-01.jpg?ex=2
186,Hitachi 50R5 Roku Series Full HD 1080p LED TV,50R5,499.99,https://www.newegg.ca/Product/Product.aspx?Item=N82E16889200051,https://images10.newegg.com/NeweggImage/ProductImageCompressAll300/89-200-051-S01.jpg?ex=2
187,LG OLED65E7P 65-Inch 4K UHD OLED Smart TV with HDR (2017),OLED65E7P,"6,999.99",https://www.newegg.ca/Product/Product.aspx?Item=9SIA5SF5UC5255,https://images10.newegg.com/NeweggImage/ProductImageCompressAll300/16C-000P-00162-S21.jpg?ex=2
188,"JVC 24"" LED HDTV with Built-in DVD Player and Remote Control (LT-24DE74)",none,189.99,https://www.newegg.ca/Product/Product.aspx?Item=16C-002F-00015,https://images10.newegg.com/NeweggImage/ProductImageCompressAll300/A13Y_1_20161007462040264.jpg?ex=2
189,Samsung UN65MU6300FXZA 65-Inch 4K Ultra HD Smart TV with HDR Pro,UN65MU6300FXZA,"1,899.99",https://www.newegg.ca/Product/Product.aspx?Item=9SIA5SF5UC2463,https://images10.newegg.com/NeweggImage/ProductImageCompressAll300/89-356-322-S02.jpg?ex=2
190,Samsung UN55MU6300FXZA 55-Inch 4K Ultra HD Smart TV with HDR Pro,UN55MU6300FXZA,"1,299.99",https://www.newegg.ca/Product/Product.aspx?Item=9SIA5SF5UC1150,https://images10.newegg.com/NeweggImage/ProductImageCompressAll300/89-356-315-S06.jpg?ex=2
191,"VIZIO D39hn-E0 D-Series 39"" Class Full Array LED TV",D39hn-E0,339.99,https://www.newegg.ca/Product/Product.aspx?Item=N82E16889262542CVF,https://images10.newegg.com/NeweggImage/ProductImageCompressAll300/89-262-542-Z09.jpg?ex=2
192,VIZIO M50-D1 SmartCast M-Series 50-Inch 4K UHD Smart LED TV w/ HDR,none,"1,077.99",https://www.newegg.ca/Product/Product.aspx?Item=9SIA7BB5US2481,https://images10.newegg.com/NeweggImage/ProductImageCompressAll300/89-262-512-S01.jpg?ex=2
193,Samsung UN32J4000AFXZA 32-Inch 720p HD LED TV - Black (2014),J4000,299.00,https://www.newegg.ca/Product/Product.aspx?Item=9SIA7DC5306331,https://images10.newegg.com/ProductImageCompressAll300/89-354-949-04.jpg?ex=2
194,LG Electronics 60UH7700 60-Inch 4K Ultra HD Smart LED TV,none,"2,199.99",https://www.newegg.ca/Product/Product.aspx?Item=9SIA8994YS7296,https://images10.newegg.com/ProductImageCompressAll300/89-007-198-01.jpg?ex=2
195,"LG LX770H 43LX770H 43"" 3D 1080p LED-LCD TV - 16:9 - HDTV 1080p",none,896.99,https://www.newegg.ca/Product/Product.aspx?Item=9SIA7BB4TW9201,https://images10.newegg.com/ProductImageCompressAll300/A98Y_1_20160930350530865.jpg?ex=2
196,LG Electronics 22LH4530 22-Inch 1080p LED TV (2016 Model),22LH4530,195.99,https://www.newegg.ca/Product/Product.aspx?Item=9SIA7BB45A0564,https://images10.newegg.com/ProductImageCompressAll300/89-007-217-04.jpg?ex=2
197,Samsung UN65MU6500FXZA 65-Inch 4K Ultra HD Curved Smart TV with HDR Pro,UN65MU6500FXZA,"2,099.99",https://www.newegg.ca/Product/Product.aspx?Item=9SIA5SF5UC2467,https://images10.newegg.com/NeweggImage/ProductImageCompressAll300/89-356-323-S02.jpg?ex=2
198,Samsung UN55MU8000FXZA 55-Inch 4K Premium UHD Smart LED TV (2017),none,"2,299.99",https://www.newegg.ca/Product/Product.aspx?Item=9SIA5SF5UC1388,https://images10.newegg.com/NeweggImage/ProductImageCompressAll300/89-356-319-S02.jpg?ex=2
199,Samsung UN65KU7500FXZA 65-Inch 2160p 4K UHD Smart Curved LED TV - Black (2016),KU7500,"1,899.99",https://www.newegg.ca/Product/Product.aspx?Item=9SIABH55HY2238,https://images10.newegg.com/NeweggImage/ProductImageCompressAll300/89-356-143-04.jpg?ex=2
200,LG Electronics 55UH7700 55-Inch 4K Ultra HD Smart LED TV (2016 Model),55UH7700,"2,499.99",https://www.newegg.ca/Product/Product.aspx?Item=9SIA95G5NK0948,https://images10.newegg.com/NeweggImage/ProductImageCompressAll300/89-007-199-01.jpg?ex=2
201,"Vizio M-series 70"" 4K 240Hz Effective Refresh Rate LED-LCD HDTV M70-D3",none,"3,270.99",https://www.newegg.ca/Product/Product.aspx?Item=9SIA7BB5US2676,https://images10.newegg.com/NeweggImage/ProductImageCompressAll300/89-262-516-05.jpg?ex=2
202,LG Electronics 55UH8500 55-Inch 4K Ultra HD Smart LED TV,none,"2,999.99",https://www.newegg.ca/Product/Product.aspx?Item=9SIA8994YS7245,https://images10.newegg.com/ProductImageCompressAll300/89-007-195-02.jpg?ex=2
203,Samsung UN65KS9800FXZA 65-Inch 2160p 4K SUHD Smart Curved LED TV - Black (2016),KS9800,"3,999.99",https://www.newegg.ca/Product/Product.aspx?Item=9SIABH55HY2230,https://images10.newegg.com/NeweggImage/ProductImageCompressAll300/89-356-138-01.jpg?ex=2
204,Samsung UN65MU8000FXZA 65-Inch 4K Premium UHD Smart LED TV (2017),UN65MU8000FXZA,"2,999.99",https://www.newegg.ca/Product/Product.aspx?Item=9SIA5SF5UC2502,https://images10.newegg.com/NeweggImage/ProductImageCompressAll300/89-356-326-S02.jpg?ex=2
205,"Samsung 32"" 1080p LED TV HG32NC693DFXZA",NC693D,632.99,https://www.newegg.ca/Product/Product.aspx?Item=9SIA7BB5UX7149,https://images10.newegg.com/NeweggImage/ProductImageCompressAll300/ACAY_1_201707201997778972.jpg?ex=2
206,Samsung UN55MU9000FXZA 55-Inch 4K Ultra HD Smart TV with HDR Extreme,UN55MU9000FXZA,"2,899.99",https://www.newegg.ca/Product/Product.aspx?Item=9SIA5SF5UC2380,https://images10.newegg.com/NeweggImage/ProductImageCompressAll300/89-356-321-S07.jpg?ex=2
207,VIZIO D43-D2 D-Series 43-Inch Full-Array 1080p HD Smart LED TV,none,581.99,https://www.newegg.ca/Product/Product.aspx?Item=9SIA7BB5US2756,https://images10.newegg.com/NeweggImage/ProductImageCompressAll300/89-262-494-S01.jpg?ex=2
208,Samsung QN75Q8CAMFXZA 75-Inch 4K Ultra HD Curved QLED Smart TV with HDR Elite,QN75Q8CAMFXZA,"6,499.99",https://www.newegg.ca/Product/Product.aspx?Item=9SIA5SF5UC4872,https://images10.newegg.com/NeweggImage/ProductImageCompressAll300/89-356-304-S01.jpg?ex=2
209,"VIZIO SmartCast E-Series E55-E2 55"" Class Ultra HD Home Theater Display",E55-E2,"1,088.99",https://www.newegg.ca/Product/Product.aspx?Item=9SIA7BB5US2800,https://images10.newegg.com/NeweggImage/ProductImageCompressAll300/89-262-554-Z10.jpg?ex=2
210,Samsung UN78KS9800FXZA 78-Inch 2160p 4K SUHD Smart Curved LED TV - Black (2016),KS9800,"12,999.99",https://www.newegg.ca/Product/Product.aspx?Item=9SIABH55V68008,https://images10.newegg.com/NeweggImage/ProductImageCompressAll300/89-356-129-02.jpg?ex=2
211,"RCA  55"" 4K UDH LED HDTV w/ 4 HDMI",RTU5540,596.99,https://www.newegg.ca/Product/Product.aspx?Item=9SIA7BB5YN9022,https://images10.newegg.com/NeweggImage/ProductImageCompressAll300/A1CZ_1_20170703449176936.jpg?ex=2
212,VIZIO D39hn-D0 39-Inch 720p HD LED TV - Black,none,388.99,https://www.newegg.ca/Product/Product.aspx?Item=9SIA7BB5US2574,https://images10.newegg.com/NeweggImage/ProductImageCompressAll300/A3FA_1_20160225646531638.jpg?ex=2
213,"Proscan 24"" 1080p 60Hz LED-LCD HDTV - PLED2435A",none,199.99,https://www.newegg.ca/Product/Product.aspx?Item=9SIAE345WC7513,https://images10.newegg.com/NeweggImage/ProductImageCompressAll300/A0ZX_1_20160427875025112.jpg?ex=2
214,LG Electronics 55LH5750 55-Inch 1080p Smart LED TV (2016 Model),none,679.99,https://www.newegg.ca/Product/Product.aspx?Item=9SIADGE5K31615,https://images10.newegg.com/NeweggImage/ProductImageCompressAll300/A3YF_131041863945964017Ncez8l8uSM.jpg?ex=2
215,LG Electronics 49UF6400 49-Inch 4K Ultra HD Smart LED TV (2015 Model),none,"1,249.99",https://www.newegg.ca/Product/Product.aspx?Item=9SIA8993FK5732,https://images10.newegg.com/ProductImageCompressAll300/A3YF_1308449886779126124VRpqoKS1j.jpg?ex=2
216,"ViewSonic Commercial LED Display CDE4803 48"" Screen LED-lit Monitor",none,"1,190.99",https://www.newegg.ca/Product/Product.aspx?Item=9SIA7RD5109276,https://images10.newegg.com/ProductImageCompressAll300/A3FA_1_20160310653038594.jpg?ex=2
217,LG LED 32LV340C 32 1366x768 HD 350nit HDMI USB RS232 Speaker Black Retail,none,463.04,https://www.newegg.ca/Product/Product.aspx?Item=9SIA66K5TF8806,https://images10.newegg.com/NeweggImage/ProductImageCompressAll300/A0ZX_1_201705121715189416.jpg?ex=2
218,"Dell (S2718D) S series 27-Inch Screen LED-Lit Monitor, Black/Silver Stand",none,838.88,https://www.newegg.ca/Product/Product.aspx?Item=9SIA66K5XY6393,https://images10.newegg.com/NeweggImage/ProductImageCompressAll300/A3FA_1_20170711357855310.jpg?ex=2
219,32IN LED 1920X1080 5000:1 DB32E,none,900.99,https://www.newegg.ca/Product/Product.aspx?Item=9SIA7RD50E0623,https://images10.newegg.com/ProductImageCompressAll300/A3FA_1_20160225646531615.jpg?ex=2
220,VIZIO D39f-E1 D-Series 39-Inch Full-Array 1080p HD Smart LED TV (2017),D39F-E1,474.99,https://www.newegg.ca/Product/Product.aspx?Item=9SIA7BB5WA7581,https://images10.newegg.com/NeweggImage/ProductImageCompressAll300/16C-0014-000R2-S01.jpg?ex=2
221,VIZIO D32hn-D0 32-Inch 720p HD LED TV - Black,none,314.53,https://www.newegg.ca/Product/Product.aspx?Item=9SIA66K3YM3418,https://images10.newegg.com/ProductImageCompressAll300/89-262-446-07.jpg?ex=2
222,Samsung UN55MU7000FXZA 55-Inch 4K UHD Smart LED TV with HDR Pro,UN55MU7000FXZA,"1,599.99",https://www.newegg.ca/Product/Product.aspx?Item=9SIA5SF5UC1266,https://images10.newegg.com/NeweggImage/ProductImageCompressAll300/89-356-317-S02.jpg?ex=2
223,"LG Electronics 55UH6550 55-Inch 4K Ultra HD Smart LED TV, 2016 Model",55UH6550,"1,938.08",https://www.newegg.ca/Product/Product.aspx?Item=9SIA5SC62J2939,https://images10.newegg.com/NeweggImage/ProductImageCompressAll300/A2GA_1_201604201308897544.jpg?ex=2
224,Samsung UN55MU8500FXZA 55-Inch Curved 4K Premium UHD Smart LED TV (2017),UN55MU8500FXZA,"2,499.99",https://www.newegg.ca/Product/Product.aspx?Item=9SIA5SF5UC1406,https://images10.newegg.com/NeweggImage/ProductImageCompressAll300/89-356-320-S02.jpg?ex=2
225,"AXESS TVD1804-24 24 HD TV/DVD combo with External Soundbar Speaker, SD Card, AC/DC Power, HDMI port, Remote Control",none,337.86,https://www.newegg.ca/Product/Product.aspx?Item=9SIA90R5ZG6202,https://images10.newegg.com/NeweggImage/ProductImageCompressAll300/A3Z8_131369469525937504bTdbv5zyvN.jpg?ex=2
226,Vizio 24IN D-SERIES LED SMART TV 23.54IN DIAG NO RETURNS D24H-E1,D24H-E1,235.99,https://www.newegg.ca/Product/Product.aspx?Item=9SIA7BB5VW5855,https://images10.newegg.com/NeweggImage/ProductImageCompressAll300/A3FA_1_201705011275569417.jpg?ex=2
227,Sharp LC-60N7000U 60-Inch 4K Ultra HD Smart LED TV,LC-60N7000U,"1,745.99",https://www.newegg.ca/Product/Product.aspx?Item=9SIA7BB5UX7864,https://images10.newegg.com/NeweggImage/ProductImageCompressAll300/89-101-581-S01.jpg?ex=2
228,Samsung QN65Q8CAMFXZA 65-Inch 4K Ultra HD Curved QLED Smart TV with HDR Elite,QN65Q8CAMFXZA,"4,399.99",https://www.newegg.ca/Product/Product.aspx?Item=9SIA5SF5UC2582,https://images10.newegg.com/NeweggImage/ProductImageCompressAll300/89-356-301-S01.jpg?ex=2
229,Samsung QN55Q8CAMFXZA 55-Inch 4K Ultra HD Curved QLED Smart TV with HDR Elite,QN55Q8CAMFXZA,"3,299.99",https://www.newegg.ca/Product/Product.aspx?Item=9SIA5SF5UC2436,https://images10.newegg.com/NeweggImage/ProductImageCompressAll300/89-356-298-S01.jpg?ex=2
230,"LG 50"" 4K 60Hz LED-LCD HDTV",LC50N6000U,"1,065.99",https://www.newegg.ca/Product/Product.aspx?Item=9SIA7BB5UX8563,https://images10.newegg.com/NeweggImage/ProductImageCompressAll300/cs.jpg?ex=2
231,Sharp LC-65N5200U 50-Inch 1080p Smart LED TV,none,"1,756.99",https://www.newegg.ca/Product/Product.aspx?Item=9SIA7BB5UX8352,https://images10.newegg.com/NeweggImage/ProductImageCompressAll300/89-101-582-S01.jpg?ex=2
232,"Hisense 40"" 1080p 60 Hz/120 Ultra SMR LED TV 40H5B",none,554.99,https://www.newegg.ca/Product/Product.aspx?Item=9SIA7BB5UX8371,https://images10.newegg.com/NeweggImage/ProductImageCompressAll300/89-290-060-03.jpg?ex=2
233,SHARP LC-43N7000U LED TV,none,912.99,https://www.newegg.ca/Product/Product.aspx?Item=9SIA7BB52D8715,https://images10.newegg.com/ProductImageCompressAll300/A0ZX_1_20160728528756326.jpg?ex=2
234,Panasonic 43-inch Class Full HD LCD Display TH-43LFE8U,none,"1,086.25",https://www.newegg.ca/Product/Product.aspx?Item=9SIA5SC5T81795,https://images10.newegg.com/NeweggImage/ProductImageCompressAll300/A4FT_1_20160812209138018.jpg?ex=2
235,"PROSCAN PLDED4897A 48"" 1080p D-LED TV",none,549.99,https://www.newegg.ca/Product/Product.aspx?Item=9SIAE345WC7702,https://images10.newegg.com/NeweggImage/ProductImageCompressAll300/A0ZX_1_201605041463820976.jpg?ex=2
236,32IN COMMERCIAL LED LCD DISPLA,none,"1,135.33",https://www.newegg.ca/Product/Product.aspx?Item=9SIA5SC5BE3906,https://images10.newegg.com/NeweggImage/ProductImageCompressAll300/A3FA_1_201701311114015900.jpg?ex=2
237,LG Electronics 49UH6500 49-Inch 4K Ultra HD LED Smart TV (2016 Model),none,"1,399.99",https://www.newegg.ca/Product/Product.aspx?Item=9SIA89941F7713,https://images10.newegg.com/ProductImageCompressAll300/A4P0_131043475720830451vdRk8ckFXv.jpg?ex=2
238,"Hitachi 50"" 1080p LED-LCD HDTV",50A3,674.29,https://www.newegg.ca/Product/Product.aspx?Item=9SIAAYY5WV3569,https://images10.newegg.com/NeweggImage/ProductImageCompressAll300/89-200-052-S03.jpg?ex=2
239,TCL 43UP130 43 Inch Premium 4K UHD 120Hz Smart LED Roku TV,none,555.01,https://www.newegg.ca/Product/Product.aspx?Item=9SIA66K5TF0488,https://images10.newegg.com/NeweggImage/ProductImageCompressAll300/AE7U_1_201707171287038450.jpg?ex=2
240,"ViewSonic VG2449_H2 24"" Dual Pack Head-Only 1080p Monitors HDMI, DisplayPort, Mini DP, DP Out, VGA, Daisy Chain",none,519.03,https://www.newegg.ca/Product/Product.aspx?Item=9SIA7RD5Y22626,https://images10.newegg.com/NeweggImage/ProductImageCompressAll300/A3FA_1_201706221184843471.jpg?ex=2
241,"Healthcare HDTV, Samsung, HG32NC693DFXZA",HG32NC693DFXZA,710.09,https://www.newegg.ca/Product/Product.aspx?Item=9SIA7RD4N15279,https://images10.newegg.com/ProductImageCompressAll300/A5D5_1_20150723480684553.jpg?ex=2
242,Samsung HG32NE478BFXZA 32In Slim Direct Lit Led Blan Pro Idiom,HG32NE478BFXZA,513.99,https://www.newegg.ca/Product/Product.aspx?Item=9SIA7BB5UX7556,https://images10.newegg.com/NeweggImage/ProductImageCompressAll300/A91N_1_201606291226066966.jpg?ex=2
243,VIZIO D43n-E1 D-Series 43-Inch Full-Array 1080p HD LED TV (2017),D43n-E1,480.99,https://www.newegg.ca/Product/Product.aspx?Item=9SIA7BB5US2838,https://images10.newegg.com/NeweggImage/ProductImageCompressAll300/16E-001U-000F6-S01.jpg?ex=2
244,"Proscan 32"" 1080p 60Hz LED-LCD HDTV - PLDED3273A",none,299.99,https://www.newegg.ca/Product/Product.aspx?Item=9SIAE345WC7514,https://images10.newegg.com/NeweggImage/ProductImageCompressAll300/A15M_1_20140628554863694.jpg?ex=2
245,"Proscan 24"" 1080p LED TV/DVD COMBO  PLEDV2488A",PLEDV2488A,209.99,https://www.newegg.ca/Product/Product.aspx?Item=9SIAE345WC7705,https://images10.newegg.com/NeweggImage/ProductImageCompressAll300/A0PG_1_20140523525070416.jpg?ex=2
246,"23.8"" Widescreen LCD",none,393.22,https://www.newegg.ca/Product/Product.aspx?Item=9SIADGE5R86519,https://images10.newegg.com/NeweggImage/ProductImageCompressAll300/A3FA_1_20160701765033799.jpg?ex=2
247,"Proscan 32"" 720p 60Hz Direct Led TV/DVD Combo PLDV321300",none,279.99,https://www.newegg.ca/Product/Product.aspx?Item=9SIAE345WC7502,https://images10.newegg.com/NeweggImage/ProductImageCompressAll300/89-270-028-02.jpg?ex=2
248,UN28H4500AFXZA Samsung H4500 - Led Tv - Hd - 28 Inch - 1366 X 768 - 720p - 16:9 - Wi-fi,H4500A,320.40,https://www.newegg.ca/Product/Product.aspx?Item=9SIAAYY5DA8740,https://images10.newegg.com/NeweggImage/ProductImageCompressAll300/A1CZ_1_20160307652130445.jpg?ex=2
249,"16"" Class LED HDTV",DETG160R,295.99,https://www.newegg.ca/Product/Product.aspx?Item=9SIA8X036X2245,https://images10.newegg.com/ProductImageCompressAll300/A0FU_1_20140507513701348.jpg?ex=2
250,"Naxa NTD-2256 22"" Class 1080p Full HD LED TV with DVD/Media Player and Car Package, Shiny Black",none,294.86,https://www.newegg.ca/Product/Product.aspx?Item=9SIA90R4WR8598,https://images10.newegg.com/ProductImageCompressAll300/A3AR_1_201705261431142573.jpg?ex=2
251,"Panasonic TH-55LFE8U 55'' 1080p Full HD LED-Backlit LCD Flat Panel Display, Black",none,"2,038.99",https://www.newegg.ca/Product/Product.aspx?Item=9SIA7BB5US5215,https://images10.newegg.com/NeweggImage/ProductImageCompressAll300/A91N_1_201702202117448305.jpg?ex=2
252,Elo 3202L 32-inch Interactive Digital Signage Touchscreen (IDS),none,"1,778.99",https://www.newegg.ca/Product/Product.aspx?Item=9SIA7BB5XT2183,https://images10.newegg.com/NeweggImage/ProductImageCompressAll300/A24G_1_20170220327767018.jpg?ex=2
253,LG 65UJ6300 65-Inch 4K Ultra HD HDR Smart TV (2017),65UJ6300,"1,860.00",https://www.newegg.ca/Product/Product.aspx?Item=9SIA9U15XC2344,https://images10.newegg.com/NeweggImage/ProductImageCompressAll300/89-007-351-S02.jpg?ex=2
254,Samsung HG55NE890UFXZA 55Inch Ultra Slim Edge Lit Led,HG55NE890UFXZA,"2,486.99",https://www.newegg.ca/Product/Product.aspx?Item=9SIA7RD50E1051,https://images10.newegg.com/ProductImageCompressAll300/A25V_1_201701131056265639.jpg?ex=2
255,"Sharp LC-55N6000U 55-inch Class 4K Smart LED TV - 3840 x 2160 - 4000:1 - 8 ms - HDMI, USB",none,"1,378.99",https://www.newegg.ca/Product/Product.aspx?Item=9SIA7BB5UX8559,https://images10.newegg.com/NeweggImage/ProductImageCompressAll300/A22F_1_201610151107886086.jpg?ex=2
256,"Hisense 55"" 4K 120 Hz (Native) LED TV 55H7B",none,"1,168.99",https://www.newegg.ca/Product/Product.aspx?Item=9SIA7BB5UX8959,https://images10.newegg.com/NeweggImage/ProductImageCompressAll300/89-290-061-05.jpg?ex=2
257,Sharp LC-60N5100U 60-Inch 1080p Smart LED TV,none,"1,607.99",https://www.newegg.ca/Product/Product.aspx?Item=9SIA7BB5UX8918,https://images10.newegg.com/NeweggImage/ProductImageCompressAll300/89-101-580-S01.jpg?ex=2
258,"Proscan 19"" 720p 60Hz LED-LCD HDTV - PLED1960A",none,139.99,https://www.newegg.ca/Product/Product.aspx?Item=9SIAE345WC7708,https://images10.newegg.com/NeweggImage/ProductImageCompressAll300/A1CZ_1_20130531143582767.jpg?ex=2
259,22 Inch Supersonic SC-2211 12 Volt AC/DC Widescreen Full 1080p HD LED TV w/ ATSC Digital Tuner,SC-2211,196.58,https://www.newegg.ca/Product/Product.aspx?Item=9SIA66K5TF6887,https://images10.newegg.com/NeweggImage/ProductImageCompressAll300/A13Y_1_20140502510739908.jpg?ex=2
260,"Sharp 65"" 4K LED-LCD HDTV LC-65N7000U",none,"2,338.99",https://www.newegg.ca/Product/Product.aspx?Item=9SIA7BB5UX8033,https://images10.newegg.com/NeweggImage/ProductImageCompressAll300/89-101-583-S05.jpg?ex=2
261,LG 75UH8500 75-Inch Super 4K UHD Smart TV with HDR,none,"4,989.99",https://www.newegg.ca/Product/Product.aspx?Item=9SIABH556H4496,https://images10.newegg.com/NeweggImage/ProductImageCompressAll300/89-007-192-02.jpg?ex=2
262,"SuperSonic 13.3"" 720p LED-LCD HDTV SC-1311",SC-1311,143.55,https://www.newegg.ca/Product/Product.aspx?Item=9SIA66K5TF7204,https://images10.newegg.com/NeweggImage/ProductImageCompressAll300/ACAY_1_20170430347895324.jpg?ex=2
263,Samsung QN65Q7FAMFXZA 65-Inch 4K Ultra HD QLED Smart TV with HDR Elite,QN65Q7FAMFXZA,"3,649.00",https://www.newegg.ca/Product/Product.aspx?Item=9SIABH55UK7798,https://images10.newegg.com/NeweggImage/ProductImageCompressAll300/89-356-300-S02.jpg?ex=2
264,"Supersonic SC-1511 15"" 720p LED-LCD TV - 16:9 - HDTV",SC-1511,160.55,https://www.newegg.ca/Product/Product.aspx?Item=9SIA66K5TF7300,https://images10.newegg.com/NeweggImage/ProductImageCompressAll300/A0ZX_1_20150410336405382.jpg?ex=2
265,Samsung QN75Q7FAMFXZA 75-Inch 4K Ultra HD Curved QLED Smart TV with HDR Elite,QN75Q7FAMFXZA,"7,999.99",https://www.newegg.ca/Product/Product.aspx?Item=9SIA5SF5UC4766,https://images10.newegg.com/NeweggImage/ProductImageCompressAll300/89-356-303-S02.jpg?ex=2
266,Panasonic 43-inch Class Full HD LCD Display TH-43LFE8U,none,951.99,https://www.newegg.ca/Product/Product.aspx?Item=9SIA7BB4FD7852,https://images10.newegg.com/ProductImageCompressAll300/A0ZX_1_201605041151453295.jpg?ex=2
267,32IN LED 1920X1080 5000:1 DM32,none,"1,062.48",https://www.newegg.ca/Product/Product.aspx?Item=9SIA5SC5BD1828,https://images10.newegg.com/NeweggImage/ProductImageCompressAll300/A3FA_1_201701311127475065.jpg?ex=2
268,VIZIO D48-D0 48-Inch 1080p HD Smart LED TV - Black,none,"2,148.23",https://www.newegg.ca/Product/Product.aspx?Item=9SIA66K5TF2906,https://images10.newegg.com/NeweggImage/ProductImageCompressAll300/V01M_1_20160304124535210.jpg?ex=2
269,"Proscan PLDED3996A 39"" 1080p LED-LCD HDTV",none,349.99,https://www.newegg.ca/Product/Product.aspx?Item=9SIAE345WC7701,https://images10.newegg.com/NeweggImage/ProductImageCompressAll300/A1PC_1_201705171364150493.jpg?ex=2
270,Philips 43PFL4902/F7 43 Inch Smart 1080P Tv,none,538.67,https://www.newegg.ca/Product/Product.aspx?Item=9SIA66K5TX0980,https://images10.newegg.com/NeweggImage/ProductImageCompressAll300/27J-001S-00002-S01.jpg?ex=2
271,Philips 40PFL4901/F7 Phillps 40 Inch Smart 1080P Tv,none,488.38,https://www.newegg.ca/Product/Product.aspx?Item=9SIA66K5TW5281,https://images10.newegg.com/NeweggImage/ProductImageCompressAll300/1YT-003E-00010-S01.jpg?ex=2
272,T2424Z 23.8IN LED LCD MON 19X10 7MS HDMI,none,352.99,https://www.newegg.ca/Product/Product.aspx?Item=9SIA7BB5HB0156,https://images10.newegg.com/NeweggImage/ProductImageCompressAll300/A24G_1_201701181380173986.jpg?ex=2
273,"LED BACKLIGHT LCD PANEL,22IN 16:10 1680 X 1050 RESOLUTION,TN PANEL WITH 170O/160",none,299.01,https://www.newegg.ca/Product/Product.aspx?Item=9SIA66K5343981,https://images10.newegg.com/ProductImageCompressAll300/A24G_1_20161116163796775.jpg?ex=2
274,UN24H4500AFXZA Samsung H4500 - Led Tv - Hd - 23.6 Inch - 1366 X 768 - 720p - 16:9 - Wi-fi,H4500A,301.16,https://www.newegg.ca/Product/Product.aspx?Item=9SIAAYY5DA8574,https://images10.newegg.com/NeweggImage/ProductImageCompressAll300/A98Y_1_20160421180134749.jpg?ex=2
275,VIZIO E70-E3 SmartCast E-Series 70-Inch 4K UHD Smart XLED TV w/ HDR (2017),none,"2,418.99",https://www.newegg.ca/Product/Product.aspx?Item=9SIA7BB5US2944,https://images10.newegg.com/NeweggImage/ProductImageCompressAll300/89-262-559-S01.jpg?ex=2
276,SHARP LC-50N7000U LED TV,none,"1,109.99",https://www.newegg.ca/Product/Product.aspx?Item=9SIA7BB5UX8067,https://images10.newegg.com/NeweggImage/ProductImageCompressAll300/cs.jpg?ex=2
277,LG Electronics 60UH6550 60-Inch 4K Ultra HD Smart LED TV,none,"2,399.99",https://www.newegg.ca/Product/Product.aspx?Item=9SIA89941F7763,https://images10.newegg.com/ProductImageCompressAll300/89-007-201-S01.jpg?ex=2
278,SHARP LC-55N7000U LED TV,none,"1,428.99",https://www.newegg.ca/Product/Product.aspx?Item=9SIA7BB5UX8476,https://images10.newegg.com/NeweggImage/ProductImageCompressAll300/89-101-579-S01.jpg?ex=2
279,"Samsung 8 Series 55"" 4K UHD 240 Smart LED TV (UN55MU8000)",none,"2,299.99",https://www.newegg.ca/Product/Product.aspx?Item=9SIAE345WC7591,https://images10.newegg.com/NeweggImage/ProductImageCompressAll300/AE34_1_201706291706267708.jpg?ex=2
