ID,Name,Price,Link,ModelNumber,Images,name
0,"Microsoft Surface Pro 4 12.3"" 128GB Windows 10 Tablet & Keyboard with Intel Core i5-6300U - Black","$1,299.99",http://www.bestbuy.ca/en-ca/product/microsoft-surface-pro-4-12-3-128gb-windows-10-tablet-keyboard-with-intel-core-i5-6300u-black/11249945.aspx?,DQQ-00001,https://multimedia.bbycastatic.ca/multimedia/products/500x500/112/11249/11249945.jpg,bestbuy
1,"Lenovo Tab3 8"" 16GB Android 6.0 Tablet with MediaTek Quad-Core Processor - Denim Black",$179.99,http://www.bestbuy.ca/en-ca/product/lenovo-lenovo-tab3-8-16gb-android-6-0-tablet-with-mediatek-quad-core-processor-denim-black-za170001us/10440700.aspx?,ZA170001US,https://multimedia.bbycastatic.ca/multimedia/products/500x500/104/10440/10440700.jpg,bestbuy
2,"Microsoft Surface Pro 4 12.3"" 128GB Windows 10 Pro Multi-Touch Tablet with Intel Core m3 -6Y30",$799.95,http://www.bestbuy.ca/en-ca/product/microsoft-microsoft-surface-pro-4-12-3-128gb-windows-10-pro-multi-touch-tablet-with-intel-core-m3-6y30-fml-00001/10574720.aspx?,FML-00001,https://multimedia.bbycastatic.ca/multimedia/products/500x500/105/10574/10574720.jpg,bestbuy
3,"Apple iPad Pro 9.7"" 256GB with Wi-Fi/LTE - Gold",$999.99,http://www.bestbuy.ca/en-ca/product/apple-apple-ipad-pro-9-7-256gb-with-wi-fi-lte-gold-mlq82cl-a/10415441.aspx?,MLQ82CL/A,https://multimedia.bbycastatic.ca/multimedia/products/500x500/104/10415/10415441.jpg,bestbuy
4,"Apple iPad Pro 12.9"" 512GB with Wi-Fi - Gold","$1,479.99",http://www.bestbuy.ca/en-ca/product/apple-ipad-pro-12-9-512gb-with-wi-fi-gold/10750292.aspx?,MPL12CL/A,https://multimedia.bbycastatic.ca/multimedia/products/500x500/107/10750/10750292.jpg,bestbuy
5,"Lenovo Tab 3 10 Plus 10.1"" 16GB Android 6.0 Tablet with MediaTek 8161 Quad-Core Processor - Black",$299.99,http://www.bestbuy.ca/en-ca/product/lenovo-tab-3-10-plus-10-1-16gb-android-6-0-tablet-with-mediatek-8161-quad-core-processor-black/10638772.aspx?,ZA0X0047US,https://images.bbycastatic.ca/sf/,bestbuy
6,"Apple iPad Mini 2 7.9"" 32GB iOS Tablet A1489 ME280C/A, Refurbished",$349.99,http://www.bestbuy.ca/en-ca/product/apple-ipad-mini-2-7-9-32gb-ios-tablet-a1489-me280c-a-refurbished/11615316.aspx?,iPad Mini 2,https://multimedia.bbycastatic.ca/multimedia/products/500x500/116/11615/11615316.jpg,bestbuy
7,"Samsung Galaxy Tab E 9.6"" 16GB Android 5.0 Lollipop Tablet - White",$329.99,http://www.bestbuy.ca/en-ca/product/samsung-samsung-galaxy-tab-e-9-6-16gb-android-5-0-lollipop-tablet-white-sm-t560nzwuxac/10391588.aspx?,SM-T560NZWUXAC,https://multimedia.bbycastatic.ca/multimedia/products/500x500/103/10391/10391588.jpg,bestbuy
8,"iPad 4 Wifi Only Unlocked Retina Display 9.7 in 4th Generation 16GB Black, Refurbished",$274.99,http://www.bestbuy.ca/en-ca/product/ipad-4-wifi-only-unlocked-retina-display-9-7-in-4th-generation-16gb-black-refurbished/11357103.aspx?,MD510LL/A,https://multimedia.bbycastatic.ca/multimedia/products/500x500/113/11357/11357103.jpg,bestbuy
9,"Apple iPad Pro 10.5"" 512GB with Wi-Fi & 4G LTE - Gold","$1,469.99",http://www.bestbuy.ca/en-ca/product/apple-ipad-pro-10-5-512gb-with-wi-fi-4g-lte-gold/10750309.aspx?,MPMG2CL/A,https://multimedia.bbycastatic.ca/multimedia/products/500x500/107/10750/10750309_fr.jpg,bestbuy
10,"Apple iPad Pro 9.7"" 128GB with Wi-Fi/LTE - Space Grey",$849.99,http://www.bestbuy.ca/en-ca/product/apple-apple-ipad-pro-9-7-128gb-with-wi-fi-lte-space-grey-mlq32cl-a/10415435.aspx?,MLQ32CL/A,https://multimedia.bbycastatic.ca/multimedia/products/500x500/104/10415/10415435.jpg,bestbuy
11,Acer America NT.L9YAA.001 Android 5.0 2GB 16GB Iconia Tablet 10.1 in.,$291.65,http://www.bestbuy.ca/en-ca/product/acer-america-nt-l9yaa-001-android-5-0-2gb-16gb-iconia-tablet-10-1-in/11382286.aspx?,DAHD23956,https://multimedia.bbycastatic.ca/multimedia/products/500x500/113/11382/11382286.jpg,bestbuy
12,"Samsung Galaxy Tab A 8"" 16GB Android 5.0 Lollipop Tablet - Titanium",$229.99,http://www.bestbuy.ca/en-ca/product/samsung-samsung-galaxy-tab-a-8-16gb-android-5-0-lollipop-tablet-titanium-sm-t350nzaaxac/10369795.aspx?,SM-T350NZAAXAC,https://multimedia.bbycastatic.ca/multimedia/products/500x500/103/10369/10369795.jpg,bestbuy
13,"Apple iPad Pro 10.5"" 256GB with Wi-Fi - Silver","$1,049.99",http://www.bestbuy.ca/en-ca/product/apple-ipad-pro-10-5-256gb-with-wi-fi-silver/10750296.aspx?,MPF02CL/A,https://multimedia.bbycastatic.ca/multimedia/products/500x500/107/10750/10750296_fr.jpg,bestbuy
14,"Acer B1-780-K6ER 7"" 8GB Android 6.0 Tablet & With MediaTek Cortex A53 MT8163 - White - (NT.LCKAA.001)",$124.99,http://www.bestbuy.ca/en-ca/product/acer-b1-780-k6er-7-8gb-android-6-0-tablet-with-mediatek-cortex-a53-mt8163-white-nt-lckaa-001/11532135.aspx?,NT.LCKAA.001,https://multimedia.bbycastatic.ca/multimedia/products/500x500/115/11532/11532135.jpg,bestbuy
15,"Asus ZenPad 3S 10 Z500M-C1-SL Tablet - 9.7"" - 4GB LPDDR3 - MediaTek MT8176 2.10 GHz - 64GB - Android 6.0 Marshmallow - 2048 x",$479.99,http://www.bestbuy.ca/en-ca/product/asus-asus-tablet-pc-z500m-c1-sl-9-7inch-mt8176-4gb-64gb-touch-android-6-0-retail-z500m-c1-sl/10582524.aspx?,Z500M-C1-SL,https://multimedia.bbycastatic.ca/multimedia/products/500x500/105/10582/10582524.jpg,bestbuy
16,"Apple iPad 3rd Generation - 16GB BLACK, Refurbished",$250.00,http://www.bestbuy.ca/en-ca/product/apple-ipad-3rd-generation-16gb-black-refurbished/11598429.aspx?,iPad 3,https://multimedia.bbycastatic.ca/multimedia/products/500x500/115/11598/11598429.jpg,bestbuy
17,"Samsung Galaxy Tab A 10.1"" 16GB Android 6.0 Tablet - Black",$329.99,http://www.bestbuy.ca/en-ca/product/samsung-samsung-galaxy-tab-a-10-1-16gb-android-6-0-tablet-black-sm-t580nzkaxac/10450218.aspx?,SM-T580NZKAXAC,https://multimedia.bbycastatic.ca/multimedia/products/500x500/104/10450/10450218.jpg,bestbuy
18,MICROSOFT FACTORY RECERTIFIED SURFACE BOOK DETACHABLE TABLET / INTEL:I5-6300U / 8GB RAM / 128GB SSD / INTEL-HD520 / 1YR,"$1,399.99",http://www.bestbuy.ca/en-ca/product/microsoft-microsoft-factory-recertified-surface-book-detachable-tablet-intel-i5-6300u-8gb-ram-128gb-ssd-intel-hd520-1yr-fgh-00001/10588766.aspx?,FGH-00001,https://multimedia.bbycastatic.ca/multimedia/products/500x500/105/10588/10588766.jpeg,bestbuy
19,"Apple iPad Pro 10.5"" 512GB with Wi-Fi & 4G LTE - Space Grey","$1,469.99",http://www.bestbuy.ca/en-ca/product/apple-ipad-pro-10-5-512gb-with-wi-fi-4g-lte-space-grey/10750307.aspx?,MPME2CL/A,https://multimedia.bbycastatic.ca/multimedia/products/500x500/107/10750/10750307_fr.jpg,bestbuy
20,"Asus ZenPad S 8.0 Z580C Z580C-B1-BK 32GB Tablet - 8"" - In-plane Switching (IPS) Technology - Wireless LAN - Intel Atom Z3530",$289.99,http://www.bestbuy.ca/en-ca/product/asus-asus-zenpad-s-8-0-z580c-z580c-b1-bk-32gb-tablet-8-in-plane-switching-ips-technology-wireless-lan-intel-atom-z3530-z580c-b1-bk/10554172.aspx?,Z580C-B1-BK,https://multimedia.bbycastatic.ca/multimedia/products/500x500/105/10554/10554172.jpeg,bestbuy
21,BK 256GB I7 8GB GPU SC FR CAN 1 LIC,"$2,616.95",http://www.bestbuy.ca/en-ca/product/bk-256gb-i7-8gb-gpu-sc-fr-can-1-lic/10753959.aspx?,SW5-00009,https://multimedia.bbycastatic.ca/multimedia/products/500x500/107/10753/10753959.png,bestbuy
22,"Apple iPad 9.7"" 32GB with Wi-Fi - Space Grey",$449.99,http://www.bestbuy.ca/en-ca/product/apple-ipad-9-7-32gb-with-wi-fi-space-grey/10640354.aspx?,MP2F2CL/A,https://multimedia.bbycastatic.ca/multimedia/products/500x500/106/10640/10640354.jpg,bestbuy
23,"Apple iPad Pro 12.9"" 256GB with Wi-Fi - Silver","$1,229.99",http://www.bestbuy.ca/en-ca/product/apple-ipad-pro-12-9-256gb-with-wi-fi-silver/10750320.aspx?,MP6H2CL/A,https://multimedia.bbycastatic.ca/multimedia/products/500x500/107/10750/10750320.jpg,bestbuy
24,"Apple iPad Pro 10.5"" 512GB with Wi-Fi - Gold","$1,299.99",http://www.bestbuy.ca/en-ca/product/apple-ipad-pro-10-5-512gb-with-wi-fi-gold/10750301.aspx?,MPGK2CL/A,https://multimedia.bbycastatic.ca/multimedia/products/500x500/107/10750/10750301_fr.jpg,bestbuy
25,"Polaroid 10"" 16GB Android 6.0 Tablet & Keyboard With Intel Atom X3 Processor - Blue",$179.99,http://www.bestbuy.ca/en-ca/product/polaroid-10-16gb-android-6-0-tablet-keyboard-with-intel-atom-x3-processor-blue/10751970.aspx?,Q1010RYBL,https://multimedia.bbycastatic.ca/multimedia/products/500x500/107/10751/10751970.jpg,bestbuy
26,Refubished Apple Ipad 4 16gb Wifi Black - Refurbished Apple,$324.22,http://www.bestbuy.ca/en-ca/product/refubished-apple-ipad-4-16gb-wifi-black-refurbished-apple/11509881.aspx?,MD510LLA-ER,https://multimedia.bbycastatic.ca/multimedia/products/500x500/115/11509/11509881.jpg,bestbuy
27,"Samsung Galaxy Tab 7"" E Lite 8GB Android 4.4 Tablet with Spreadtrum T-Shark Quad-Core Processor-White",$149.99,http://www.bestbuy.ca/en-ca/product/samsung-samsung-galaxy-tab-7-e-lite-8gb-android-4-4-tablet-with-spreadtrum-t-shark-quad-core-processor-white-sm-t113ndwaxac/10414460.aspx?,SM-T113NDWAXAC,https://multimedia.bbycastatic.ca/multimedia/products/500x500/104/10414/10414460.jpg,bestbuy
28,"Apple iPad Pro 10.5"" 64GB with Wi-Fi - Rose Gold",$869.99,http://www.bestbuy.ca/en-ca/product/apple-ipad-pro-10-5-64gb-with-wi-fi-rose-gold/10750314.aspx?,MQDY2CL/A,https://multimedia.bbycastatic.ca/multimedia/products/500x500/107/10750/10750314_fr.jpg,bestbuy
29,"iPad 2 WIFI only Second Generation 16gb White, Refurbished",$189.99,http://www.bestbuy.ca/en-ca/product/apple-ipad-2-wifi-only-second-generation-16gb-white-refurbished-mc979ll-a/10592444.aspx?,MC979LL/A,https://multimedia.bbycastatic.ca/multimedia/products/500x500/105/10592/10592444.jpeg,bestbuy
30,"Apple iPad Pro 9.7"" 128GB with Wi-Fi - Gold",$799.99,http://www.bestbuy.ca/en-ca/product/apple-apple-ipad-pro-9-7-128gb-with-wi-fi-gold-mlmx2cl-a/10415425.aspx?,MLMX2CL/A,https://multimedia.bbycastatic.ca/multimedia/products/500x500/104/10415/10415425.jpg,bestbuy
31,Samsung - Tablet Accessories EF-BT350 wattSEGUJ 8 in. Galaxy Tab A Titanium Book Cover,$75.50,http://www.bestbuy.ca/en-ca/product/samsung-tablet-accessories-ef-bt350-wattseguj-8-in-galaxy-tab-a-titanium-book-cover/11409697.aspx?,ISTR26092,https://multimedia.bbycastatic.ca/multimedia/products/500x500/114/11409/11409697.jpg,bestbuy
32,"Samsung Galaxy Tab E 9.6"" 16GB Android 5.0 Lollipop Tablet - Black",$329.99,http://www.bestbuy.ca/en-ca/product/samsung-samsung-galaxy-tab-e-9-6-16gb-android-5-0-lollipop-tablet-black-sm-t560nzkuxac/10391587.aspx?,SM-T560NZKUXAC,https://multimedia.bbycastatic.ca/multimedia/products/500x500/103/10391/10391587.jpg,bestbuy
33,"10"" MTK8163 2GB 16GB Android",$290.95,http://www.bestbuy.ca/en-ca/product/10-mtk8163-2gb-16gb-android/10557807.aspx?,Z300M-A2-GD,https://multimedia.bbycastatic.ca/multimedia/products/500x500/105/10557/10557807.jpg,bestbuy
34,"Ematic EGQ223SKBU 16GB Tablet - 10"" - Wireless LAN Quad-core (4 Core) 1.20 GHz - Blue",$134.95,http://www.bestbuy.ca/en-ca/product/ematic-ematic-egq223skbu-16gb-tablet-10-wireless-lan-quad-core-4-core-1-20-ghz-blue-egq223skbu/10554262.aspx?,EGQ223SKBU,https://multimedia.bbycastatic.ca/multimedia/products/500x500/105/10554/10554262.jpeg,bestbuy
35,MICROSOFT FACTORY RECERTIFIED SURFACE PRO-4 TABLET / INTEL:I7-6650U / 16GB RAM / 256GB SSD / INTEL-IRIS540 / 1YR,"$1,399.99",http://www.bestbuy.ca/en-ca/product/microsoft-microsoft-factory-recertified-surface-pro-4-tablet-intel-i7-6650u-16gb-ram-256gb-ssd-intel-iris540-1yr-ffz-00001/10588764.aspx?,FFZ-00001,https://multimedia.bbycastatic.ca/multimedia/products/500x500/105/10588/10588764.jpeg,bestbuy
36,Samsung - Consumer Tablets SM-T580NZWAXAR 10.1 in. Galaxy Tab A - White,$543.35,http://www.bestbuy.ca/en-ca/product/samsung-consumer-tablets-sm-t580nzwaxar-10-1-in-galaxy-tab-a-white/11409690.aspx?,ISTR29257,https://multimedia.bbycastatic.ca/multimedia/products/500x500/114/11409/11409690.jpg,bestbuy
37,"Samsung Galaxy Tab S3 9.7"" 32GB Android N Tablet With Qualcomm APQ 8096 Quad-Core Processor - Black",$799.99,http://www.bestbuy.ca/en-ca/product/samsung-samsung-galaxy-tab-s3-9-7-32gb-android-n-tablet-with-qualcomm-apq-8096-quad-core-processor-black-sm-t820nzkaxac/10589705.aspx?,SM-T820NZKAXAC,https://multimedia.bbycastatic.ca/multimedia/products/500x500/105/10589/10589705.jpg,bestbuy
38,Apple iPad mini 4 128GB With Wi-Fi & 3G/4G/4G LTE - Gold,$719.99,http://www.bestbuy.ca/en-ca/product/apple-apple-ipad-mini-4-128gb-with-wi-fi-3g-4g-4g-lte-gold-mk782cl-a/10389508.aspx?,MK782CL/A,https://multimedia.bbycastatic.ca/multimedia/products/500x500/103/10389/10389508.jpg,bestbuy
39,"Apple iPad Pro 9.7"" 128GB with Wi-Fi - Rose Gold - Open Box",$759.99,http://www.bestbuy.ca/en-ca/product/apple-apple-ipad-pro-9-7-128gb-with-wi-fi-rose-gold-open-box-mm192cl-a/10562790.aspx?,MM192CL/A,https://multimedia.bbycastatic.ca/multimedia/products/500x500/105/10562/10562790.jpg,bestbuy
40,"Apple iPad Pro 9.7"" 256GB with Wi-Fi - Silver",$849.99,http://www.bestbuy.ca/en-ca/product/apple-apple-ipad-pro-9-7-256gb-with-wi-fi-silver-mln02cl-a/10415428.aspx?,MLN02CL/A,https://multimedia.bbycastatic.ca/multimedia/products/500x500/104/10415/10415428.jpg,bestbuy
41,Samsung IT SM-T350NZWAXAR Galaxy Tab A 8.0 16GB White,$422.23,http://www.bestbuy.ca/en-ca/product/samsung-it-sm-t350nzwaxar-galaxy-tab-a-8-0-16gb-white/11354905.aspx?,DAHD9013,https://multimedia.bbycastatic.ca/multimedia/products/500x500/113/11354/11354905.jpg,bestbuy
42,"Apple iPad Pro 9.7"" 128GB with Wi-Fi - Space Grey",$749.99,http://www.bestbuy.ca/en-ca/product/apple-apple-ipad-pro-9-7-128gb-with-wi-fi-space-grey-mlmv2cl-a/10415423.aspx?,MLMV2CL/A,https://multimedia.bbycastatic.ca/multimedia/products/500x500/104/10415/10415423.jpg,bestbuy
43,"Apple iPad 9.7"" 32GB with Wi-Fi/4G LTE - Silver",$619.99,http://www.bestbuy.ca/en-ca/product/apple-ipad-9-7-32gb-with-wi-fi-4g-lte-silver/10640374.aspx?,MP1L2CL/A,https://multimedia.bbycastatic.ca/multimedia/products/500x500/106/10640/10640374.jpg,bestbuy
44,"Apple iPad Pro 12.9"" 128GB With Wi-Fi - Gold - Open Box",$919.99,http://www.bestbuy.ca/en-ca/product/apple-apple-ipad-pro-12-9-128gb-with-wi-fi-gold-open-box-ml0r2cl-a/10546332.aspx?,ML0R2CL/A,https://multimedia.bbycastatic.ca/multimedia/products/500x500/105/10546/10546332.jpg,bestbuy
45,"iPad 3 Wifi Only Third Generation 32gb Black, Refurbished",$259.99,http://www.bestbuy.ca/en-ca/product/apple-ipad-3-wifi-only-third-generation-32gb-black-refurbished-md334ll-a/10593473.aspx?,MD334LL/A,https://multimedia.bbycastatic.ca/multimedia/products/500x500/105/10593/10593473.jpeg,bestbuy
46,Samsung IT SM-T813NZWEXAR S2 9.7 in. 32 GB Tablet White,$786.53,http://www.bestbuy.ca/en-ca/product/samsung-it-sm-t813nzwexar-s2-9-7-in-32-gb-tablet-white/11343155.aspx?,DAHD18282,https://multimedia.bbycastatic.ca/multimedia/products/500x500/113/11343/11343155.jpg,bestbuy
47,"Samsung Galaxy Tab S2 9.7"" 32GB Android 6.0 Marshmallow Tablet - Gold",$549.99,http://www.bestbuy.ca/en-ca/product/samsung-samsung-galaxy-tab-s2-9-7-32gb-android-6-0-marshmallow-tablet-w-exynos-5433-8-core-processor-gold-sm-t813nzdexac/10424755.aspx?,SM-T813NZDEXAC,https://multimedia.bbycastatic.ca/multimedia/products/500x500/104/10424/10424755.jpg,bestbuy
48,"Microsoft Surface Pro 4 Tablet - 12.3"" - PixelSense - Wireless LAN - Intel Core i5 (6th Gen) i5-6300U Dual-core (2 Core) 2.40","$1,384.99",http://www.bestbuy.ca/en-ca/product/microsoft-microsoft-surface-pro-4-tablet-12-3-pixelsense-wireless-lan-intel-core-i5-6th-gen-i5-6300u-dual-core-2-core-2-40-tz6-00002/10554196.aspx?,TZ6-00002,https://multimedia.bbycastatic.ca/multimedia/products/500x500/105/10554/10554196.jpeg,bestbuy
49,"Apple iPad Pro 10.5"" 512GB with Wi-Fi - Silver","$1,299.99",http://www.bestbuy.ca/en-ca/product/apple-ipad-pro-10-5-512gb-with-wi-fi-silver/10750300.aspx?,MPGJ2CL/A,https://multimedia.bbycastatic.ca/multimedia/products/500x500/107/10750/10750300_fr.jpg,bestbuy
50,"Open Box - Microsoft Surface Pro 4 12.3"" 128GB Windows 10 Tablet & Keyboard with Intel Core i5-6300U - Silver - Open Box","$1,049.98",http://www.bestbuy.ca/en-ca/product/open-box-microsoft-surface-pro-4-12-3-128gb-windows-10-tablet-keyboard-with-intel-core-i5-6300u-silver-open-box/11464670.aspx?,DQQ-00001,https://multimedia.bbycastatic.ca/multimedia/products/500x500/114/11464/11464670.jpg,bestbuy
51,Samsung IT SM-T280NZWAXAR Galaxy A 7 in. 8 GB Tablet White,$239.97,http://www.bestbuy.ca/en-ca/product/samsung-it-sm-t280nzwaxar-galaxy-a-7-in-8-gb-tablet-white/11332534.aspx?,DAHD18279,https://multimedia.bbycastatic.ca/multimedia/products/500x500/113/11332/11332534.jpg,bestbuy
52,"Apple iPad 9.7"" 128GB with Wi-Fi - Space Grey",$579.99,http://www.bestbuy.ca/en-ca/product/apple-ipad-9-7-128gb-with-wi-fi-space-grey/10640377.aspx?,MP2H2CL/A,https://multimedia.bbycastatic.ca/multimedia/products/500x500/106/10640/10640377_2-(1).jpg,bestbuy
53,"Apple iPad Pro 10.5"" 256GB with Wi-Fi - Gold","$1,049.99",http://www.bestbuy.ca/en-ca/product/apple-ipad-pro-10-5-256gb-with-wi-fi-gold/10750297.aspx?,MPF12CL/A,https://multimedia.bbycastatic.ca/multimedia/products/500x500/107/10750/10750297_fr.jpg,bestbuy
54,"Apple 9.7"" iPad Pro 256GB, Wi-Fi ONLY in Rose , Refurbished",$824.99,http://www.bestbuy.ca/en-ca/product/apple-9-7-ipad-pro-256gb-wi-fi-only-in-rose-refurbished/11264709.aspx?,MM1A2LL/A,https://multimedia.bbycastatic.ca/multimedia/products/500x500/112/11264/11264709.jpg,bestbuy
55,"Asus ZenPad 3S 10 9.7"" 64GB Android 6.0 Tablet With MediaTek MT8176 Turbo - Glacier Silver (Z500M-C1-SL)",$474.99,http://www.bestbuy.ca/en-ca/product/asus-zenpad-3s-10-9-7-64gb-android-6-0-tablet-with-mediatek-mt8176-turbo-glacier-silver-z500m-c1-sl/10734030.aspx?,Z500M-C1-SL,https://multimedia.bbycastatic.ca/multimedia/products/500x500/107/10734/10734030.jpg,bestbuy
56,Samsung IT SM-T280NZKAXAR Galaxy A 7 in. 8 GB Tablet Black,$240.80,http://www.bestbuy.ca/en-ca/product/samsung-it-sm-t280nzkaxar-galaxy-a-7-in-8-gb-tablet-black/11332533.aspx?,DAHD18278,https://multimedia.bbycastatic.ca/multimedia/products/500x500/113/11332/11332533.jpg,bestbuy
57,Apple iPad mini 4 128GB With Wi-Fi - Space Grey,$549.99,http://www.bestbuy.ca/en-ca/product/apple-apple-ipad-mini-4-128gb-with-wi-fi-space-grey-mk9n2cl-a/10389497.aspx?,MK9N2CL/A,https://multimedia.bbycastatic.ca/multimedia/products/500x500/103/10389/10389497.jpg,bestbuy
58,"iPad 3 Wifi Only Third Generation 64gb Black, Refurbished",$279.99,http://www.bestbuy.ca/en-ca/product/ipad-3-wifi-only-third-generation-64gb-black-refurbished/11357102.aspx?,MD335LL/A,https://multimedia.bbycastatic.ca/multimedia/products/500x500/113/11357/11357102.jpg,bestbuy
59,"Apple iPad Pro 12.9"" 64GB with Wi-Fi & 4G LTE - Space Grey","$1,219.99",http://www.bestbuy.ca/en-ca/product/apple-ipad-pro-12-9-64gb-with-wi-fi-4g-lte-space-grey/10750286.aspx?,MQED2CL/A,https://multimedia.bbycastatic.ca/multimedia/products/500x500/107/10750/10750286.jpg,bestbuy
60,"Rogers/Fido Alcatel Pop 7"" 8GB Android Marshmallow LTE Tablet With Quad Core Processor - Black",$149.99,http://www.bestbuy.ca/en-ca/product/rogers-fido-alcatel-pop-7-8gb-android-marshmallow-lte-tablet-with-quad-core-processor-black/10630348.aspx?,POP7GRY,https://multimedia.bbycastatic.ca/multimedia/products/500x500/106/10630/10630348.jpg,bestbuy
61,Worryfree Gadgets WopadKids-7Q-PNK 7 in. Quad Core Capacitive Touch Screen Tablet PC Pink,$95.83,http://www.bestbuy.ca/en-ca/product/worryfree-gadgets-wopadkids-7q-pnk-7-in-quad-core-capacitive-touch-screen-tablet-pc-pink/11327613.aspx?,WRYFG147,https://images.bbycastatic.ca/sf/images/common/pictures/noimage500x500.jpg,bestbuy
62,"Microsoft Surface Pro 12.3"" 256GB Windows 10 Pro Tablet with 7th Gen Intel Core i5-7300U - Silver","$1,649.99",http://www.bestbuy.ca/en-ca/product/microsoft-surface-pro-12-3-256gb-windows-10-pro-tablet-with-7th-gen-intel-core-i5-7300u-silver/10737283.aspx?,FJX-00001,https://multimedia.bbycastatic.ca/multimedia/products/500x500/107/10737/10737283.jpg,bestbuy
63,"Apple iPad Pro 12.9"" 512GB with Wi-Fi & 4G LTE - Space Grey","$1,649.99",http://www.bestbuy.ca/en-ca/product/apple-ipad-pro-12-9-512gb-with-wi-fi-4g-lte-space-grey/10750291.aspx?,MPLJ2CL/A,https://multimedia.bbycastatic.ca/multimedia/products/500x500/107/10750/10750291.jpg,bestbuy
64,RCA PRO RCT6103W46KL 10.1-INCH TOUCHSCREEN ANDROID TABLET PC - REFURBISHED,$149.99,http://www.bestbuy.ca/en-ca/product/rca-pro-rct6103w46kl-10-1-inch-touchscreen-android-tablet-pc-refurbished/10758616.aspx?,RCT6103W46KL,https://images.bbycastatic.ca/sf/images/common/pictures/noimage500x500.jpg,bestbuy
65,"Apple 7.9"" iPad Mini, A5 1.0GHz, 512MB RAM, 16GB Storage, WIFI, Grey/Black, Refurbished",$197.00,http://www.bestbuy.ca/en-ca/product/apple-7-9-ipad-mini-a5-1-0ghz-512mb-ram-16gb-storage-wifi-grey-black-refurbished/11456695.aspx?,Mini,https://multimedia.bbycastatic.ca/multimedia/products/500x500/114/11456/11456695.jpg,bestbuy
66,Worryfree Gadgets WopadKids-7Q-BLU 7 in. Quad Core Capacitive Touch Screen Tablet PC Blue,$95.83,http://www.bestbuy.ca/en-ca/product/worryfree-gadgets-wopadkids-7q-blu-7-in-quad-core-capacitive-touch-screen-tablet-pc-blue/11317906.aspx?,WRYFG148,https://images.bbycastatic.ca/sf/images/common/pictures/noimage500x500.jpg,bestbuy
67,"Microsoft Surface Pro 3 Tablet - Intel i7-4650 8GB 128GB SSD 12"" FHD BT Windows 10 Pro (Factory Recertified) ONE YEAR WARRANTY",$888.99,http://www.bestbuy.ca/en-ca/product/microsoft-surface-pro-3-tablet-intel-i7-4650-8gb-128gb-ssd-12-fhd-bt-windows-10-pro-factory-recertified-one-year-warranty/11157944.aspx?,HFL-00001,https://multimedia.bbycastatic.ca/multimedia/products/500x500/111/11157/11157944.jpg,bestbuy
68,"Microsoft Surface Pro 4 Tablet PC - 12.3"" - PixelSense - Wireless LAN - Intel Core i5-6300U Dual-core 2.40 GHz - Silver","$1,493.95",http://www.bestbuy.ca/en-ca/product/microsoft-surface-pro-4-tablet-pc-12-3-pixelsense-wireless-lan-intel-core-i5-6300u-dual-core-2-40-ghz-silver/10669001.aspx?,7AX-00001,https://multimedia.bbycastatic.ca/multimedia/products/500x500/106/10669/10669001.jpg,bestbuy
69,"B1-780-K6C3,7 INCH IPS TOUCH,ANDROID 6.0,MT8163 QUAD CORE,1GB DDR3,16GB eMMC,CAR",$152.99,http://www.bestbuy.ca/en-ca/product/acer-b1-780-k6c3-7-inch-ips-touch-android-6-0-mt8163-quad-core-1gb-ddr3-16gb-emmc-car-nt-lcjaa-002/10554268.aspx?,NT.LCJAA.002,https://multimedia.bbycastatic.ca/multimedia/products/500x500/105/10554/10554268.jpeg,bestbuy
70,"Apple iPad Pro 9.7"" 32GB with Wi-Fi - Silver",$649.99,http://www.bestbuy.ca/en-ca/product/apple-apple-ipad-pro-9-7-32gb-with-wi-fi-silver-mlmp2cl-a/10415420.aspx?,MLMP2CL/A,https://multimedia.bbycastatic.ca/multimedia/products/500x500/104/10415/10415420.jpg,bestbuy
71,Samsung IT SM-T713NZWEXAR S2 8.0 in. 32 GB Tablet White,$624.62,http://www.bestbuy.ca/en-ca/product/samsung-it-sm-t713nzwexar-s2-8-0-in-32-gb-tablet-white/11299726.aspx?,DAHD18280,https://multimedia.bbycastatic.ca/multimedia/products/500x500/112/11299/11299726.jpg,bestbuy
72,"Lenovo Yoga Tab 3 8"" 16GB Android 5.1 Tablet with Qualcomm Sandragon 210 Processor- Slate Black",$229.99,http://www.bestbuy.ca/en-ca/product/lenovo-yoga-tab-3-8-16gb-android-5-1-tablet-with-qualcomm-sandragon-210-processor-slate-black/10638771.aspx?,ZA090094US,https://multimedia.bbycastatic.ca/multimedia/products/500x500/106/10638/10638771.jpg,bestbuy
73,"Apple 9.7"" iPad Pro 128GB, Wi-Fi ONLY in GOLD , Refurbished",$699.99,http://www.bestbuy.ca/en-ca/product/apple-9-7-ipad-pro-128gb-wi-fi-only-in-gold-refurbished/11357120.aspx?,MLMX2LL/A,https://multimedia.bbycastatic.ca/multimedia/products/500x500/113/11357/11357120.jpg,bestbuy
74,"iPad 2 WIFI only Second Generation 32gb White, Refurbished",$199.99,http://www.bestbuy.ca/en-ca/product/apple-ipad-2-wifi-only-second-generation-32gb-white-refurbished-mc990ll-a/10592445.aspx?,MC990LL/A,https://multimedia.bbycastatic.ca/multimedia/products/500x500/105/10592/10592445.jpeg,bestbuy
75,"HUAWEI MateBook Signature Edition 2 in 1, Notebook and Tablet, 4GB+128GB / 6th Gen Intel Core m5 (Gray)","$1,099.99",http://www.bestbuy.ca/en-ca/product/huawei-huawei-matebook-signature-edition-2-in-1-notebook-and-tablet-4gb128gb-6th-gen-intel-core-m5-gray-hz-w19/10558656.aspx?,HZ-W19,https://multimedia.bbycastatic.ca/multimedia/products/500x500/105/10558/10558656.jpeg,bestbuy
76,Samsung IT SM-T813NZKEXAR S2 9.7 in. 32 GB Tablet Black,$786.53,http://www.bestbuy.ca/en-ca/product/samsung-it-sm-t813nzkexar-s2-9-7-in-32-gb-tablet-black/11296646.aspx?,DAHD18283,https://multimedia.bbycastatic.ca/multimedia/products/500x500/112/11296/11296646.jpg,bestbuy
77,"Apple iPad 9.7"" 32GB with Wi-Fi - Gold",$449.99,http://www.bestbuy.ca/en-ca/product/apple-ipad-9-7-32gb-with-wi-fi-gold/10640359.aspx?,MPGT2CL/A,https://multimedia.bbycastatic.ca/multimedia/products/500x500/106/10640/10640359.jpg,bestbuy
78,"Polaroid 9"" 16GB Android 6.0 Tablet & Folio Keyboard With ARMv7 Processor - Purple",$139.99,http://www.bestbuy.ca/en-ca/product/polaroid-9-16gb-android-6-0-tablet-folio-keyboard-with-armv7-processor-purple/10751961.aspx?,P916PU,https://multimedia.bbycastatic.ca/multimedia/products/500x500/107/10751/10751961.jpg,bestbuy
79,"Apple iPad Pro 10.5"" 64GB with Wi-Fi & 4G LTE - Silver","$1,039.99",http://www.bestbuy.ca/en-ca/product/apple-ipad-pro-10-5-64gb-with-wi-fi-4g-lte-silver/10750316.aspx?,MQF02CL/A,https://multimedia.bbycastatic.ca/multimedia/products/500x500/107/10750/10750316_fr.jpg,bestbuy
80,"Apple iPad 9.7"" 128GB with Wi-Fi - Silver",$579.99,http://www.bestbuy.ca/en-ca/product/apple-ipad-9-7-128gb-with-wi-fi-silver/10640355.aspx?,MP2J2CL/A,https://multimedia.bbycastatic.ca/multimedia/products/500x500/106/10640/10640355.jpg,bestbuy
81,Pro Tablet 608 G1 - Intel - Atom - X5-z8500 - 1.44 Ghz -,"$1,423.74",http://www.bestbuy.ca/en-ca/product/pro-tablet-608-g1-intel-atom-x5-z8500-1-44-ghz/10764176.aspx?,V1H15UAABL,https://multimedia.bbycastatic.ca/multimedia/products/500x500/107/10764/10764176.jpg,bestbuy
82,"Samsung Galaxy Tab S2 8.0"" 32GB Android 6.0 Marshmallow Tablet - Gold",$449.99,http://www.bestbuy.ca/en-ca/product/samsung-samsung-galaxy-tab-s2-8-0-32gb-android-6-0-marshmallow-tablet-w-exynos-5433-8-core-processor-gold-sm-t713nzdexac/10424757.aspx?,SM-T713NZDEXAC,https://multimedia.bbycastatic.ca/multimedia/products/500x500/104/10424/10424757.jpg,bestbuy
83,"Apple iPad Pro 12.9"" 128GB With Wi-Fi/3G/4G/4G LTE - Gold - Open Box",$949.95,http://www.bestbuy.ca/en-ca/product/apple-apple-ipad-pro-12-9-128gb-with-wi-fi-3g-4g-4g-lte-gold-open-box-ml2k2cl-a/10546334.aspx?,ML2K2CL/A,https://multimedia.bbycastatic.ca/multimedia/products/500x500/105/10546/10546334.jpg,bestbuy
84,"Apple iPad Pro 12.9"" 512GB with Wi-Fi & 4G LTE - Gold","$1,649.99",http://www.bestbuy.ca/en-ca/product/apple-ipad-pro-12-9-512gb-with-wi-fi-4g-lte-gold/10750323.aspx?,MPLL2CL/A,https://multimedia.bbycastatic.ca/multimedia/products/500x500/107/10750/10750323.jpg,bestbuy
85,"Microsoft Surface Pro 12.3"" 512GB Windows 10 Pro Tablet with 7th Gen Intel Core i7-7660U - Silver","$2,799.99",http://www.bestbuy.ca/en-ca/product/microsoft-surface-pro-12-3-512gb-windows-10-pro-tablet-with-7th-gen-intel-core-i7-7660u-silver/10737281.aspx?,FKH-00001,https://multimedia.bbycastatic.ca/multimedia/products/500x500/107/10737/10737281.jpg,bestbuy
86,"Stylistic Q616,core M3-6y30, 4gb,11.6fhd Ag,pen&touch,128gb","$1,268.14",http://www.bestbuy.ca/en-ca/product/stylistic-q616-core-m3-6y30-4gb-11-6fhd-ag-pen-touch-128gb/10764171.aspx?,SPFC-Q616-W10-002,https://multimedia.bbycastatic.ca/multimedia/products/500x500/107/10764/10764171.jpg,bestbuy
87,"Samsung Galaxy Tab A 8"" 16GB Android 5.0 Lollipop Tablet - White",$229.99,http://www.bestbuy.ca/en-ca/product/samsung-samsung-galaxy-tab-a-8-16gb-android-5-0-lollipop-tablet-white-sm-t350nzwaxac/10369798.aspx?,SM-T350NZWAXAC,https://multimedia.bbycastatic.ca/multimedia/products/500x500/103/10369/10369798.jpg,bestbuy
88,Acer Iconia One 10 B3-A30-K5PJ 10.1 Inch Tablet (NT.LCNAA.001),$214.99,http://www.bestbuy.ca/en-ca/product/acer-iconia-one-10-b3-a30-k5pj-10-1-inch-tablet-nt-lcnaa-001/10734016.aspx?,NT.LCNAA.001,https://multimedia.bbycastatic.ca/multimedia/products/500x500/107/10734/10734016.png,bestbuy
89,"Ematic EGQ178 8 GB Tablet - 7.9"" - Wireless LAN - Quad-core (4 Core) 1.20 GHz - Black",$113.99,http://www.bestbuy.ca/en-ca/product/ematic-ematic-egq178-8-gb-tablet-7-9-wireless-lan-quad-core-4-core-1-20-ghz-black-egq178bl/10504087.aspx?,EGQ178BL,https://multimedia.bbycastatic.ca/multimedia/products/500x500/105/10504/10504087.jpeg,bestbuy
90,Open box - Apple iPad Air / A7 Chip/ 32GB / 9.7 in retina display / Silver - Open box,$379.98,http://www.bestbuy.ca/en-ca/product/open-box-apple-ipad-air-a7-chip-32gb-9-7-in-retina-display-silver-open-box/10749036.aspx?,MD786LL/A,https://images.bbycastatic.ca/sf/images/common/pictures/noimage500x500.jpg,bestbuy
91,"Stylistic Q736,core I5-6200u, 8gb,13.3fhd","$1,678.73",http://www.bestbuy.ca/en-ca/product/stylistic-q736-core-i5-6200u-8gb-13-3fhd/10764172.aspx?,SPFC-Q736-W10-002,https://multimedia.bbycastatic.ca/multimedia/products/500x500/107/10764/10764172.jpg,bestbuy
92,"Samsung Galaxy View 18.4"" 32GB Android 5.1 Tablet With Exynos 7580 Octa-Core Processor - Black",$699.99,http://www.bestbuy.ca/en-ca/product/samsung-samsung-galaxy-view-18-4-32gb-android-5-1-tablet-with-exynos-7580-octa-core-processor-black-sm-t670nzkaxac/10451069.aspx?,SM-T670NZKAXAC,https://multimedia.bbycastatic.ca/multimedia/products/500x500/104/10451/10451069.jpg,bestbuy
93,"Apple iPad Pro 10.5"" 256GB with Wi-Fi - Rose Gold","$1,049.99",http://www.bestbuy.ca/en-ca/product/apple-ipad-pro-10-5-256gb-with-wi-fi-rose-gold/10750298.aspx?,MPF22CL/A,https://multimedia.bbycastatic.ca/multimedia/products/500x500/107/10750/10750298_fr.jpg,bestbuy
94,Open Box Apple - 12.9- Inch iPad Pro with Wi-Fi - 128GB - Space Gray - Open Box,$949.98,http://www.bestbuy.ca/en-ca/product/open-box-apple-12-9-inch-ipad-pro-with-wi-fi-128gb-space-gray-open-box/10749035.aspx?,ML0N2LL/A,https://images.bbycastatic.ca/sf/images/common/pictures/noimage500x500.jpg,bestbuy
95,"open box - Samsung Galaxy Tab S3 9.7"" 32GB Android N Tablet With Qualcomm APQ 8096 Quad-Core Processor - Black - open box",$699.98,http://www.bestbuy.ca/en-ca/product/open-box-samsung-galaxy-tab-s3-9-7-32gb-android-n-tablet-with-qualcomm-apq-8096-quad-core-processor-black-open-box/11190420.aspx?,SM-T820NZKAXAC,https://multimedia.bbycastatic.ca/multimedia/products/500x500/111/11190/11190420.jpg,bestbuy
96,"Promo Hp Pro Tablet 608 G1,atom Z8550,2gb 1600 (2 Gb On",$625.62,http://www.bestbuy.ca/en-ca/product/promo-hp-pro-tablet-608-g1-atom-z8550-2gb-1600-2-gb-on/10764159.aspx?,Z2B04UTABL,https://multimedia.bbycastatic.ca/multimedia/products/500x500/107/10764/10764159.jpg,bestbuy
97,"Apple iPad Pro 9.7"" 128GB with Wi-Fi - Rose Gold",$749.99,http://www.bestbuy.ca/en-ca/product/apple-apple-ipad-pro-9-7-128gb-with-wi-fi-rose-gold-mm192cl-a/10415426.aspx?,MM192CL/A,https://multimedia.bbycastatic.ca/multimedia/products/500x500/104/10415/10415426.jpg,bestbuy
98,"Apple iPad Pro 12.9"" 64GB with Wi-Fi - Gold","$1,049.99",http://www.bestbuy.ca/en-ca/product/apple-ipad-pro-12-9-64gb-with-wi-fi-gold/10750287.aspx?,MQDD2CL/A,https://multimedia.bbycastatic.ca/multimedia/products/500x500/107/10750/10750287.jpg,bestbuy
99,"Lenovo Flex 3-1480 80R3000WUS Tablet PC - 14"" - In-plane Switching (IPS) Technology - Wireless LAN - Intel Core i5 i5-6200U Dual-core (2 Core) 2.30 GHz - Black","$1,117.95",http://www.bestbuy.ca/en-ca/product/lenovo-lenovo-flex-3-1480-80r3000wus-tablet-pc-14-in-plane-switching-ips-technology-wireless-lan-intel-core-i5-i5-6200u-dual-80r3000wus/10433983.aspx?,80R3000WUS,https://multimedia.bbycastatic.ca/multimedia/products/500x500/104/10433/10433983.jpeg,bestbuy
100,"Apple iPad 9.7"" 128GB with Wi-Fi/4G LTE - Space Grey",$749.99,http://www.bestbuy.ca/en-ca/product/apple-ipad-9-7-128gb-with-wi-fi-4g-lte-space-grey/10640375.aspx?,MP262CL/A,https://multimedia.bbycastatic.ca/multimedia/products/500x500/106/10640/10640375.jpg,bestbuy
101,"Ematic 9"" 32GB Windows 10 Tablet & Keyboard with Intel Atom Quad-Core Processor - Black - English",$187.98,http://www.bestbuy.ca/en-ca/product/ematic-ematic-9-32gb-windows-10-tablet-keyboard-with-intel-atom-quad-core-processor-black-english-ewt935dk/10451088.aspx?,EWT935DK,https://multimedia.bbycastatic.ca/multimedia/products/500x500/104/10451/10451088.jpg,bestbuy
102,"Samsung Galaxy Tab A 10.1"" 16GB Android 6.0 Tablet - White",$329.99,http://www.bestbuy.ca/en-ca/product/samsung-samsung-galaxy-tab-a-10-1-16gb-android-6-0-tablet-white-sm-t580nzwaxac/10450219.aspx?,SM-T580NZWAXAC,https://multimedia.bbycastatic.ca/multimedia/products/500x500/104/10450/10450219.jpg,bestbuy
103,"Apple 9.7"" iPad Pro 256GB, Wi-Fi + 4G LTE in Gold , Refurbished",$774.99,http://www.bestbuy.ca/en-ca/product/apple-9-7-ipad-pro-256gb-wi-fi-4g-lte-in-gold-refurbished/11265046.aspx?,MLQ82LL/A,https://multimedia.bbycastatic.ca/multimedia/products/500x500/112/11265/11265046.jpg,bestbuy
104,Datawind Ubislate NS7 7 inch Octa Core 2G RAM 16GB ROM 3G calling Android tablet,$149.99,http://www.bestbuy.ca/en-ca/product/datawind-datawind-ubislate-ns7-7-inch-octa-core-2g-ram-16gb-rom-3g-calling-android-tablet-ubislate-ns7/10587499.aspx?,Ubislate NS7,https://multimedia.bbycastatic.ca/multimedia/products/500x500/105/10587/10587499.jpeg,bestbuy
105,"Apple iPad Pro 12.9"" 256GB with Wi-Fi & 4G LTE - Space Grey","$1,399.99",http://www.bestbuy.ca/en-ca/product/apple-ipad-pro-12-9-256gb-with-wi-fi-4g-lte-space-grey/10750322.aspx?,MPA42CL/A,https://multimedia.bbycastatic.ca/multimedia/products/500x500/107/10750/10750322.jpg,bestbuy
106,"Microsoft Surface Pro 12.3"" 128GB Windows 10 Pro Tablet with 7th Gen Intel Core i5-7300U - Silver","$1,299.99",http://www.bestbuy.ca/en-ca/product/microsoft-surface-pro-12-3-128gb-windows-10-pro-tablet-with-7th-gen-intel-core-i5-7300u-silver/10737284.aspx?,FJT-00001,https://multimedia.bbycastatic.ca/multimedia/products/500x500/107/10737/10737284.jpg,bestbuy
107,"Polaroid 10"" 16GB Android 6.0 Tablet & Keyboard With Intel Atom X3 Processor - Red",$179.99,http://www.bestbuy.ca/en-ca/product/polaroid-10-16gb-android-6-0-tablet-keyboard-with-intel-atom-x3-processor-red/10751969.aspx?,Q1010RD,https://multimedia.bbycastatic.ca/multimedia/products/500x500/107/10751/10751969.jpg,bestbuy
108,Datawind Ubislate NS10 High Definition 10 inch 16GB Android Tablet computer with Dual camera,$175.99,http://www.bestbuy.ca/en-ca/product/datawind-datawind-ubislate-ns10-high-definition-10-inch-16gb-android-tablet-computer-with-dual-camera-ubislate-ns10/10574970.aspx?,Ubislate NS10,https://multimedia.bbycastatic.ca/multimedia/products/500x500/105/10574/10574970.jpeg,bestbuy
109,Apple iPad mini 4 128GB With Wi-Fi - Silver,$549.99,http://www.bestbuy.ca/en-ca/product/apple-apple-ipad-mini-4-128gb-with-wi-fi-silver-mk9p2cl-a/10389498.aspx?,MK9P2CL/A,https://multimedia.bbycastatic.ca/multimedia/products/500x500/103/10389/10389498.jpg,bestbuy
110,"Insignia Flex 11.6"" 32GB Windows 10 Tablet & Keyboard With Intel Cherrytrail Z8300 - Open Box",$199.95,http://www.bestbuy.ca/en-ca/product/insignia-insignia-flex-11-6-32gb-windows-10-tablet-keyboard-with-intel-cherrytrail-z8300-processor-black-ns-p11w7100-c/10525372.aspx?,NS-P11W7100-C,https://multimedia.bbycastatic.ca/multimedia/products/500x500/105/10525/10525372.jpg,bestbuy
111,"Polaroid 10"" 16GB Android 6.0 Tablet & Folio Keyboard With Intel Atom X3 Processor - Black",$179.99,http://www.bestbuy.ca/en-ca/product/polaroid-10-16gb-android-6-0-tablet-folio-keyboard-with-intel-atom-x3-processor-black/10751966.aspx?,Q1010BK,https://multimedia.bbycastatic.ca/multimedia/products/500x500/107/10751/10751966.jpg,bestbuy
112,"Apple iPad Pro 9.7"" 32GB with Wi-Fi - Rose Gold - Open Box",$649.99,http://www.bestbuy.ca/en-ca/product/apple-apple-ipad-pro-9-7-32gb-with-wi-fi-rose-gold-open-box-mm172cl-a/10562791.aspx?,MM172CL/A,https://multimedia.bbycastatic.ca/multimedia/products/500x500/105/10562/10562791.jpg,bestbuy
113,"Acer Iconia One 8"" 16GB Android 5.1 Tablet with MT8163 Quad Core Processor - White",$149.99,http://www.bestbuy.ca/en-ca/product/acer-iconia-one-8-16gb-android-5-1-tablet-with-mt8163-quad-core-processor-white/11428915.aspx?,B1-850-K42F,https://multimedia.bbycastatic.ca/multimedia/products/500x500/114/11428/11428915.jpg,bestbuy
114,"Apple iPad Pro 12.9"" 128GB With Wi-Fi/3G/4G/4G LTE - Space Grey",$899.99,http://www.bestbuy.ca/en-ca/product/apple-apple-ipad-pro-12-9-128gb-with-wi-fi-3g-4g-4g-lte-space-grey-ml2i2cl-a/10397276.aspx?,ML2I2CL/A,https://multimedia.bbycastatic.ca/multimedia/products/500x500/103/10397/10397276.jpg,bestbuy
115,"Asus ZenPad S 8.0 8"" 32GB Android 5.0 Tablet & With Intel Atom Z3530 - Black - (Z580C-B1-BK)",$290.99,http://www.bestbuy.ca/en-ca/product/asus-zenpad-s-8-0-8-32gb-android-5-0-tablet-with-intel-atom-z3530-black-z580c-b1-bk/10768849.aspx?,Z580C-B1-BK,https://multimedia.bbycastatic.ca/multimedia/products/500x500/107/10768/10768849.jpg,bestbuy
116,"SDQ416-B1-780-K6ER,7 inch IPS TOUCH,ANDROID 6.0,MT8163 QUAD CORE,VGA CHIP UMA,1G",$146.95,http://www.bestbuy.ca/en-ca/product/sdq416-b1-780-k6er-7-inch-ips-touch-android-6-0-mt8163-quad-core-vga-chip-uma-1g/10757484.aspx?,NT.LCKAA.001,https://multimedia.bbycastatic.ca/multimedia/products/500x500/107/10757/10757484.jpg,bestbuy
117,"Apple iPad Pro 9.7"" 256GB with Wi-Fi/LTE - Silver",$999.99,http://www.bestbuy.ca/en-ca/product/apple-apple-ipad-pro-9-7-256gb-with-wi-fi-lte-silver-mlq72cl-a/10415440.aspx?,MLQ72CL/A,https://multimedia.bbycastatic.ca/multimedia/products/500x500/104/10415/10415440.jpg,bestbuy
118,"Asus ZenPad 10 Z300M-A2-GR 16GB Tablet - 10.1"" - In-plane Switching (IPS) Technology, Tru2Life, TruVivid Technology - Wireless",$259.99,http://www.bestbuy.ca/en-ca/product/asus-asus-zenpad-10-z300m-a2-gr-16gb-tablet-10-1-in-plane-switching-ips-technology-tru2life-truvivid-technology-wireless-z300m-a2-gr/10554258.aspx?,Z300M-A2-GR,https://multimedia.bbycastatic.ca/multimedia/products/500x500/105/10554/10554258.jpeg,bestbuy
119,Refurbished Apple Ipad 2 16gb Wifi Black - Refurbished,$260.87,http://www.bestbuy.ca/en-ca/product/refurbished-apple-ipad-2-16gb-wifi-black-refurbished/10764174.aspx?,MC769LL/A-ER,https://multimedia.bbycastatic.ca/multimedia/products/500x500/107/10764/10764174.jpg,bestbuy
120,MICROSOFT FACTORY RECERTIFIED SURFACE PRO-4 TABLET / INTEL:I5-6300U / 8GB RAM / 256GB SSD / INTEL-HD520 / 1YR,"$1,299.99",http://www.bestbuy.ca/en-ca/product/microsoft-microsoft-factory-recertified-surface-pro-4-tablet-intel-i5-6300u-8gb-ram-256gb-ssd-intel-hd520-1yr-ffv-00001/10588762.aspx?,FFV-00001,https://multimedia.bbycastatic.ca/multimedia/products/500x500/105/10588/10588762.jpeg,bestbuy
121,"Apple iPad 9.7"" 32GB with Wi-Fi/4G LTE - Space Grey",$619.99,http://www.bestbuy.ca/en-ca/product/apple-ipad-9-7-32gb-with-wi-fi-4g-lte-space-grey/10640373.aspx?,MP1J2CL/A,https://multimedia.bbycastatic.ca/multimedia/products/500x500/106/10640/10640373.jpg,bestbuy
122,"Lenovo Tab 10.1"" 16GB Android 6.0 Tablet w/ Qualcomm Snapdragon Quad-Core Processor-Slate Black",$159.97,http://www.bestbuy.ca/en-ca/product/lenovo-lenovo-tab-10-1-16gb-android-6-0-tablet-w-qualcomm-snapdragon-quad-core-processor-slate-black-za1u0003us/10586898.aspx?,ZA1U0003US,https://multimedia.bbycastatic.ca/multimedia/products/500x500/105/10586/10586898.jpg,bestbuy
123,Open box -Apple iPad mini 4 with Retina display| A8 chip | 128 GB | Gold - Open box,$479.98,http://www.bestbuy.ca/en-ca/product/open-box-apple-ipad-mini-4-with-retina-display-a8-chip-128-gb-gold-open-box/10749539.aspx?,MK9P2CL/A,https://images.bbycastatic.ca/sf/images/common/pictures/noimage500x500.jpg,bestbuy
124,"HP Elite x2 1012 G1 Tablet - 12"" - In-plane Switching (IPS) Technology, BrightView - Intel Core M (6th Gen) m7-6Y75 Dual-core","$2,083.76",http://www.bestbuy.ca/en-ca/product/hp-hp-elite-x2-1012-g1-tablet-12-in-plane-switching-ips-technology-brightview-intel-core-m-6th-gen-m7-6y75-dual-core-t8z07utaba/10554240.aspx?,T8Z07UTABA,https://multimedia.bbycastatic.ca/multimedia/products/500x500/105/10554/10554240.jpeg,bestbuy
125,"Polaroid 9"" 16GB Android 6.0 Tablet & Folio Keyboard With ARMv7 Processor - Paisley",$139.99,http://www.bestbuy.ca/en-ca/product/polaroid-9-16gb-android-6-0-tablet-folio-keyboard-with-armv7-processor-paisley/10751962.aspx?,P916PSY,https://multimedia.bbycastatic.ca/multimedia/products/500x500/107/10751/10751962.jpg,bestbuy
126,"Samsung Galaxy Tab A 7"" 8GB Android 5.1 (Lollipop) Tablet with T-Shark 2A Quad-Core Processor - White",$199.99,http://www.bestbuy.ca/en-ca/product/samsung-samsung-galaxy-tab-a-7-8gb-android-5-1-lollipop-tablet-with-t-shark-2a-quad-core-processor-white-sm-t280nzwaxac/10415006.aspx?,SM-T280NZWAXAC,https://multimedia.bbycastatic.ca/multimedia/products/500x500/104/10415/10415006.jpg,bestbuy
127,MICROSOFT FACTORY RECERTIFIED SURFACE BOOK TABLET / INTEL:I7-6600U/ 16GB RAM / 512GB SSD / NVIDIA-GEFORCEGPU-1GB / 1YR,"$2,399.99",http://www.bestbuy.ca/en-ca/product/microsoft-microsoft-factory-recertified-surface-book-tablet-intel-i7-6600u-16gb-ram-512gb-ssd-nvidia-geforcegpu-1gb-1yr-fgl-00001/10588775.aspx?,FGL-00001,https://multimedia.bbycastatic.ca/multimedia/products/500x500/105/10588/10588775.jpeg,bestbuy
128,Apple iPad Air 16GB With Wi-Fi - Silver,$389.97,http://www.bestbuy.ca/en-ca/product/apple-apple-ipad-air-16gb-with-wi-fi-silver-md788cl-b/10321778.aspx?,MD788CL/B,https://multimedia.bbycastatic.ca/multimedia/products/500x500/103/10321/10321778.jpg,bestbuy
129,"Apple iPad Pro 9.7"" 256GB with Wi-Fi - Gold",$849.99,http://www.bestbuy.ca/en-ca/product/apple-apple-ipad-pro-9-7-256gb-with-wi-fi-gold-mln12cl-a/10415429.aspx?,MLN12CL/A,https://multimedia.bbycastatic.ca/multimedia/products/500x500/104/10415/10415429.jpg,bestbuy
130,"Microsoft Surface Pro 4 12.3"" 128GB Windows 10 Tablet With 6th Gen Intel Core m3-6Y30 - Silver","$1,148.95",http://www.bestbuy.ca/en-ca/product/microsoft-microsoft-surface-pro-4-12-3-128gb-windows-10-tablet-with-6th-gen-intel-core-m3-6y30-silver-su3-00001/10394993.aspx?,SU3-00001,https://multimedia.bbycastatic.ca/multimedia/products/500x500/103/10394/10394993.jpg,bestbuy
131,"Apple iPad Pro 9.7"" 32GB with Wi-Fi/LTE - Space Grey",$979.99,http://www.bestbuy.ca/en-ca/product/apple-apple-ipad-pro-9-7-32gb-with-wi-fi-lte-space-grey-mlpw2cl-a/10415431.aspx?,MLPW2CL/A,https://multimedia.bbycastatic.ca/multimedia/products/500x500/104/10415/10415431.jpg,bestbuy
132,"Apple iPad Pro 12.9"" 64GB with Wi-Fi & 4G LTE - Gold","$1,219.99",http://www.bestbuy.ca/en-ca/product/apple-ipad-pro-12-9-64gb-with-wi-fi-4g-lte-gold/10750304.aspx?,MQEF2CL/A,https://multimedia.bbycastatic.ca/multimedia/products/500x500/107/10750/10750304.jpg,bestbuy
133,"Apple iPad Pro 10.5"" 64GB with Wi-Fi - Gold",$869.99,http://www.bestbuy.ca/en-ca/product/apple-ipad-pro-10-5-64gb-with-wi-fi-gold/10750313.aspx?,MQDX2CL/A,https://multimedia.bbycastatic.ca/multimedia/products/500x500/107/10750/10750313_fr.jpg,bestbuy
134,"Lenovo Tab3 Essential 7"" 8GB Android 5.1 Tablet with MT8127 Quad-Core Processor - Ebony Black",$119.99,http://www.bestbuy.ca/en-ca/product/lenovo-lenovo-tab3-essential-7-8gb-android-5-1-tablet-with-qualcomm-quad-core-processor-ebony-black-za0r0029us/10440698.aspx?,ZA0R0029US,https://multimedia.bbycastatic.ca/multimedia/products/500x500/104/10440/10440698.jpg,bestbuy
135,"Apple iPad 9.7"" 128GB with Wi-Fi/4G LTE - Silver",$749.99,http://www.bestbuy.ca/en-ca/product/apple-ipad-9-7-128gb-with-wi-fi-4g-lte-silver/10640376.aspx?,MP272CL/A,https://multimedia.bbycastatic.ca/multimedia/products/500x500/106/10640/10640376.jpg,bestbuy
136,"Apple iPad Pro 9.7"" 32GB with Wi-Fi/LTE - Space Grey - Open Box",$759.95,http://www.bestbuy.ca/en-ca/product/apple-apple-ipad-pro-9-7-32gb-with-wi-fi-lte-space-grey-open-box-mlpw2cl-a/10544086.aspx?,MLPW2CL/A,https://multimedia.bbycastatic.ca/multimedia/products/500x500/105/10544/10544086.jpg,bestbuy
137,"Asus Z380M-A2-GR ZenPad 8 8"" 16GB Android 6.0 Tablet With Media Tek 8163 Quad-Core -Dark Gray (Z380M-A2-GR)",$209.99,http://www.bestbuy.ca/en-ca/product/asus-z380m-a2-gr-zenpad-8-8-16gb-android-6-0-tablet-with-media-tek-8163-quad-core-dark-gray-z380m-a2-gr/10734027.aspx?,Z380M-A2-GR,https://multimedia.bbycastatic.ca/multimedia/products/500x500/107/10734/10734027.jpg,bestbuy
138,"Samsung Galaxy Tab E 8"" 16GB Android 6.0 LTE Tablet with Helsinki Prime Quad-Core Processor - Black",$287.99,http://www.bestbuy.ca/en-ca/product/samsung-samsung-galaxy-tab-e-8-16gb-android-6-0-lte-tablet-with-helsinki-prime-quad-core-processor-black-sm-t377wzkaxac/10439628.aspx?,SM-T377WZKAXAC,https://multimedia.bbycastatic.ca/multimedia/products/500x500/104/10439/10439628.jpg,bestbuy
139,"Apple iPad Pro 12.9"" 512GB with Wi-Fi - Space Grey","$1,479.99",http://www.bestbuy.ca/en-ca/product/apple-ipad-pro-12-9-512gb-with-wi-fi-space-grey/10750294.aspx?,MPKY2CL/A,https://multimedia.bbycastatic.ca/multimedia/products/500x500/107/10750/10750294.jpg,bestbuy
140,"Apple iPad Pro 9.7"" 256GB with Wi-Fi - Space Grey - Open Box",$829.95,http://www.bestbuy.ca/en-ca/product/apple-apple-ipad-pro-9-7-256gb-with-wi-fi-space-grey-open-box-mlmy2cl-a/10544085.aspx?,MLMY2CL/A,https://multimedia.bbycastatic.ca/multimedia/products/500x500/105/10544/10544085.jpg,bestbuy
141,Ematic EWT826 32GB Net-tablet PC - 8 inch - In-plane Switching (IPS) Technology - Wireless LAN - Intel Atom Quad-core (4 Core),$169.99,http://www.bestbuy.ca/en-ca/product/ematic-ematic-ewt826-32gb-net-tablet-pc-8-quot-in-plane-switching-ips-technology-wireless-lan-intel-atom-quad-core-4-core-ewt826bk/10448657.aspx?,EWT826BK,https://multimedia.bbycastatic.ca/multimedia/products/500x500/104/10448/10448657.jpeg,bestbuy
142,"Insignia Flex 8"" 32GB Windows 10 Tablet With Intel Cherrytrail Z8300 Quad-Core Processor - Black",$149.99,http://www.bestbuy.ca/en-ca/product/insignia-insignia-flex-8-32gb-windows-10-tablet-with-intel-cherrytrail-z8300-quad-core-processor-black-ns-p08w7100-c/10437094.aspx?,NS-P08W7100-C,https://multimedia.bbycastatic.ca/multimedia/products/500x500/104/10437/10437094.jpg,bestbuy
143,"Microsoft Surface Pro Tablet - 12.3"" - 8GB - Intel Core i5 (7th Gen) - 256GB SSD - Windows 10 Pro - 2736 x 1824 - PixelSense","$1,701.72",http://www.bestbuy.ca/en-ca/product/microsoft-surface-pro-tablet-12-3-8gb-intel-core-i5-7th-gen-256gb-ssd-windows-10-pro-2736-x-1824-pixelsense/10934451.aspx?,FJY-00001,https://multimedia.bbycastatic.ca/multimedia/products/500x500/109/10934/10934451.jpg,bestbuy
144,"Apple iPad Mini 4 Wifi only Fourth Gen 64GB Gray, Refurbished",$539.99,http://www.bestbuy.ca/en-ca/product/apple-ipad-mini-4-wifi-only-fourth-gen-64gb-gray-refurbished/11264697.aspx?,MK9G2LL/A,https://multimedia.bbycastatic.ca/multimedia/products/500x500/112/11264/11264697.jpg,bestbuy
145,"Polaroid 10"" 16GB Android 6.0 Tablet & Keyboard With Intel Atom X3 64-bit quad core Processor - Teal",$179.99,http://www.bestbuy.ca/en-ca/product/polaroid-10-16gb-android-6-0-tablet-keyboard-with-intel-atom-x3-64-bit-quad-core-processor-teal/10751971.aspx?,Q1010TL,https://multimedia.bbycastatic.ca/multimedia/products/500x500/107/10751/10751971.jpg,bestbuy
146,"Acer Iconia One 10.1"" 16GB Android 6.0 Tablet with MT8163 Quad-Core Processor - White - Open Box",$159.99,http://www.bestbuy.ca/en-ca/product/acer-acer-iconia-one-10-1-16gb-android-6-0-tablet-with-mt8163-quad-core-processor-white-open-box-b3-a30-k94f/10546327.aspx?,B3-A30-K94F,https://multimedia.bbycastatic.ca/multimedia/products/500x500/105/10546/10546327.jpg,bestbuy
147,"Apple iPad Pro 10.5"" 64GB with Wi-Fi & 4G LTE - Space Grey","$1,039.99",http://www.bestbuy.ca/en-ca/product/apple-ipad-pro-10-5-64gb-with-wi-fi-4g-lte-space-grey/10750315.aspx?,MQEY2CL/A,https://multimedia.bbycastatic.ca/multimedia/products/500x500/107/10750/10750315_fr.jpg,bestbuy
148,"Microsoft Surface Pro Tablet - 12.3"" - 16GB - Intel Core i7 (7th Gen) - 1TB SSD - Windows 10 Pro - 2736 x 1824 - PixelSense","$3,709.99",http://www.bestbuy.ca/en-ca/product/microsoft-surface-pro-tablet-12-3-16gb-intel-core-i7-7th-gen-1tb-ssd-windows-10-pro-2736-x-1824-pixelsense/11288685.aspx?,FKL-00001,https://images.bbycastatic.ca/sf/images/common/pictures/noimage500x500.jpg,bestbuy
149,"Apple iPad Pro 12.9"" 32GB With Wi-Fi - Silver",$899.99,http://www.bestbuy.ca/en-ca/product/apple-apple-ipad-pro-12-9-32gb-with-wi-fi-silver-ml0g2cl-a/10397268.aspx?,ML0G2CL/A,https://multimedia.bbycastatic.ca/multimedia/products/500x500/103/10397/10397268.jpg,bestbuy
150,"Acer Iconia One 10.1"" 16GB Android 7 Tablet with MT8167 Quad Core Processor - White",$199.99,http://www.bestbuy.ca/en-ca/product/acer-iconia-one-10-1-16gb-android-7-tablet-with-mt8167-quad-core-processor-white/11200182.aspx?,B3-A40-K1WW,https://multimedia.bbycastatic.ca/multimedia/products/500x500/112/11200/11200182.jpg,bestbuy
151,"Microsoft Surface Pro Tablet - 12.3"" - 4GB - Intel Core i5 (7th Gen) - 128GB SSD - Windows 10 Pro - 2736 x 1824 - PixelSense","$1,421.95",http://www.bestbuy.ca/en-ca/product/microsoft-surface-pro-tablet-12-3-4gb-intel-core-i5-7th-gen-128gb-ssd-windows-10-pro-2736-x-1824-pixelsense/10934449.aspx?,FJU-00001,https://multimedia.bbycastatic.ca/multimedia/products/500x500/109/10934/10934449.jpg,bestbuy
152,"HP Elite x2 1012 G1 12"" 256GB Windows 10 Pro 64-bit Tablet & Keyboard With Intel Core m7-6Y75 - Silver - (T8Z07UT#ABA)","$2,099.99",http://www.bestbuy.ca/en-ca/product/hp-elite-x2-1012-g1-12-256gb-windows-10-pro-64-bit-tablet-keyboard-with-intel-core-m7-6y75-silver-t8z07ut-aba/11307298.aspx?,T8Z07UTABA,https://multimedia.bbycastatic.ca/multimedia/products/500x500/113/11307/11307298.png,bestbuy
153,"Lenovo Tab3 8 ZA170138US 16GB Tablet - 8"" 16:10 Multi-touch Screen - 1280 x 800 - In-plane Switching (IPS) Technology -",$189.99,http://www.bestbuy.ca/en-ca/product/lenovo-lenovo-tab3-8-za170138us-16gb-tablet-8-16-10-multi-touch-screen-1280-x-800-in-plane-switching-ips-technology-za170138us/10562097.aspx?,ZA170138US,https://multimedia.bbycastatic.ca/multimedia/products/500x500/105/10562/10562097.jpeg,bestbuy
154,"Rogers/Fido LG G Pad III 8.0"" 16GB Android 6.0 (Marshmallow) LTE Tablet - Indigo Black",$239.99,http://www.bestbuy.ca/en-ca/product/lg-electronics-rogers-fido-lg-g-pad-iii-8-0-16gb-android-6-0-marshmallow-lte-tablet-indigo-black-gpad38blk/10436920.aspx?,GPAD38BLK,https://multimedia.bbycastatic.ca/multimedia/products/500x500/104/10436/10436920.jpg,bestbuy
155,MICROSOFT FACTORY RECERTIFIED SURFACE PRO-4 TABLET / INTEL:I5-6300U / 4GB RAM / 128GB SSD / INTEL-HD520 / 1YR,$829.99,http://www.bestbuy.ca/en-ca/product/microsoft-microsoft-factory-recertified-surface-pro-4-tablet-intel-i5-6300u-4gb-ram-128gb-ssd-intel-hd520-1yr-ffu-00001/10588761.aspx?,FFU-00001,https://multimedia.bbycastatic.ca/multimedia/products/500x500/105/10588/10588761.jpeg,bestbuy
156,"Apple 9.7"" iPad Pro 32GB, Wi-Fi + 4G LTE in Rose, Refurbished",$699.99,http://www.bestbuy.ca/en-ca/product/apple-9-7-ipad-pro-32gb-wi-fi-4g-lte-in-rose-refurbished/10733157.aspx?,MLYJ2LL/A,https://multimedia.bbycastatic.ca/multimedia/products/500x500/107/10733/10733157.jpg,bestbuy
157,Apple iPad mini 2 - 32GB - Wi-Fi - Silver - Open Box,$299.97,http://www.bestbuy.ca/en-ca/product/apple-apple-ipad-mini-2-32gb-wi-fi-silver-open-box-me280c-a/10544084.aspx?,ME280C/A,https://multimedia.bbycastatic.ca/multimedia/products/500x500/105/10544/10544084.jpg,bestbuy
158,"Insignia Flex 11.6"" 32GB Windows 10 Tablet & Keyboard With Intel Cherrytrail Z8300 Processor - Black",$299.99,http://www.bestbuy.ca/en-ca/product/insignia-insignia-flex-11-6-32gb-windows-10-tablet-keyboard-with-intel-cherrytrail-z8300-processor-black-ns-p11w7100-c/10441108.aspx?,NS-P11W7100-C,https://multimedia.bbycastatic.ca/multimedia/products/500x500/104/10441/10441108.jpg,bestbuy
159,"Apple iPad Pro 12.9"" 256GB with Wi-Fi - Gold","$1,229.99",http://www.bestbuy.ca/en-ca/product/apple-ipad-pro-12-9-256gb-with-wi-fi-gold/10750321.aspx?,MP6J2CL/A,https://multimedia.bbycastatic.ca/multimedia/products/500x500/107/10750/10750321.jpg,bestbuy
160,"Ematic EGQ223SKPR 16GB Tablet - 10"" - Wireless LAN Quad-core (4 Core) 1.20 GHz - Purple/Pink",$137.99,http://www.bestbuy.ca/en-ca/product/ematic-ematic-egq223skpr-16gb-tablet-10-wireless-lan-quad-core-4-core-1-20-ghz-purple-pink-egq223skpr/10504096.aspx?,EGQ223SKPR,https://multimedia.bbycastatic.ca/multimedia/products/500x500/105/10504/10504096.jpeg,bestbuy
161,"ASUS MeMO Pad 7"" 8GB Android 4.3 Tablet with Intel Atom Z2520 Dual-Core Processor - Black - Eng -Ref",$68.97,http://www.bestbuy.ca/en-ca/product/asus-memo-pad-7-8gb-android-4-3-tablet-with-intel-atom-z2520-dual-core-processor-black-eng-ref/10389043.aspx?,ME70C-8G-BK,https://multimedia.bbycastatic.ca/multimedia/products/500x500/103/10389/10389043.jpg,bestbuy
162,"Apple iPad Pro 9.7"" 32GB with Wi-Fi - Gold",$649.99,http://www.bestbuy.ca/en-ca/product/apple-apple-ipad-pro-9-7-32gb-with-wi-fi-gold-mlmq2cl-a/10415421.aspx?,MLMQ2CL/A,https://multimedia.bbycastatic.ca/multimedia/products/500x500/104/10415/10415421.jpg,bestbuy
163,"Apple iPad Pro 9.7"" 32GB with Wi-Fi/LTE - Rose Gold",$979.99,http://www.bestbuy.ca/en-ca/product/apple-apple-ipad-pro-9-7-32gb-with-wi-fi-lte-rose-gold-mlyj2cl-a/10415434.aspx?,MLYJ2CL/A,https://multimedia.bbycastatic.ca/multimedia/products/500x500/104/10415/10415434.jpg,bestbuy
164,HP Elite x3 and HP Elite x3 Desk Dock (X9U42UT#ABA),$886.99,http://www.bestbuy.ca/en-ca/product/hp-elite-x3-and-hp-elite-x3-desk-dock-x9u42ut-aba/10692673.aspx?,SBX3,https://multimedia.bbycastatic.ca/multimedia/products/500x500/106/10692/10692673.png,bestbuy
165,"Apple iPad Pro 9.7"" 256GB with Wi-Fi/LTE - Space Grey",$949.99,http://www.bestbuy.ca/en-ca/product/apple-apple-ipad-pro-9-7-256gb-with-wi-fi-lte-space-grey-mlq62cl-a/10415439.aspx?,MLQ62CL/A,https://multimedia.bbycastatic.ca/multimedia/products/500x500/104/10415/10415439.jpg,bestbuy
166,"iPad 3 Wifi + Cellular 4G GSM Unlocked Third Generation 16gb Black, Refurbished",$274.99,http://www.bestbuy.ca/en-ca/product/apple-ipad-3-wifi-cellular-4g-gsm-unlocked-third-generation-16gb-black-refurbished-mc733ll-a/10593474.aspx?,MC733LL/A,https://multimedia.bbycastatic.ca/multimedia/products/500x500/105/10593/10593474.jpeg,bestbuy
167,"Apple iPad Pro 10.5"" 512GB with Wi-Fi - Space Grey","$1,299.99",http://www.bestbuy.ca/en-ca/product/apple-ipad-pro-10-5-512gb-with-wi-fi-space-grey/10750299.aspx?,MPGH2CL/A,https://multimedia.bbycastatic.ca/multimedia/products/500x500/107/10750/10750299_fr.jpg,bestbuy
168,"Open box - Apple iPad Pro 9.7"" 32GB with Wi-Fi - Gold - Open box",$649.98,http://www.bestbuy.ca/en-ca/product/open-box-apple-ipad-pro-9-7-32gb-with-wi-fi-gold-open-box/10749540.aspx?,MLMQ2CL/A,https://multimedia.bbycastatic.ca/multimedia/products/500x500/107/10749/10749540.jpg,bestbuy
169,"Apple iPad Pro 9.7"" 128GB with Wi-Fi/LTE - Rose Gold",$899.99,http://www.bestbuy.ca/en-ca/product/apple-apple-ipad-pro-9-7-128gb-with-wi-fi-lte-rose-gold-mlyl2cl-a/10415438.aspx?,MLYL2CL/A,https://multimedia.bbycastatic.ca/multimedia/products/500x500/104/10415/10415438.jpg,bestbuy
170,"Samsung Galaxy Tab S2 8.0"" 32GB Android 6.0 Marshmallow Tablet - Black",$449.99,http://www.bestbuy.ca/en-ca/product/samsung-samsung-galaxy-tab-s2-8-0-32gb-android-6-0-marshmallow-tablet-w-exynos-5433-8-core-processor-black-sm-t713nzkexac/10424756.aspx?,SM-T713NZKEXAC,https://multimedia.bbycastatic.ca/multimedia/products/500x500/104/10424/10424756.jpg,bestbuy
171,"Apple 9.7"" iPad Pro 32GB, Wi-Fi + 4G LTE in Gray , Refurbished",$699.99,http://www.bestbuy.ca/en-ca/product/apple-9-7-ipad-pro-32gb-wi-fi-4g-lte-in-gray-refurbished/10733156.aspx?,MLPW2LL/A,https://multimedia.bbycastatic.ca/multimedia/products/500x500/107/10733/10733156.jpg,bestbuy
172,"Microsoft Surface Pro 4 Tablet - 12.3"" 3:2 Multi-touch Screen - 2736 x 1824 - PixelSense - Intel Core M (6th Gen) m3-6Y30","$1,305.95",http://www.bestbuy.ca/en-ca/product/microsoft-microsoft-surface-pro-4-tablet-12-3-3-2-multi-touch-screen-2736-x-1824-pixelsense-intel-core-m-6th-gen-m3-6y30-tz5-00001/10562093.aspx?,TZ5-00001,https://multimedia.bbycastatic.ca/multimedia/products/500x500/105/10562/10562093.jpeg,bestbuy
173,"Apple iPad Pro 12.9"" 64GB with Wi-Fi - Space Grey","$1,049.99",http://www.bestbuy.ca/en-ca/product/apple-ipad-pro-12-9-64gb-with-wi-fi-space-grey/10750289.aspx?,MQDA2CL/A,https://multimedia.bbycastatic.ca/multimedia/products/500x500/107/10750/10750289.jpg,bestbuy
174,"Samsung Galaxy Tab A 7"" 8GB Android 5.1 (Lollipop) Tablet with T-Shark 2A Quad-Core Processor - Black",$199.99,http://www.bestbuy.ca/en-ca/product/samsung-samsung-galaxy-tab-a-7-8gb-android-5-1-lollipop-tablet-with-t-shark-2a-quad-core-processor-black-sm-t280nzkaxac/10415007.aspx?,SM-T280NZKAXAC,https://multimedia.bbycastatic.ca/multimedia/products/500x500/104/10415/10415007.jpg,bestbuy
175,"Apple iPad 9.7"" 128GB with Wi-Fi/4G LTE - Gold",$749.99,http://www.bestbuy.ca/en-ca/product/apple-ipad-9-7-128gb-with-wi-fi-4g-lte-gold/10640358.aspx?,MPG52CL/A,https://multimedia.bbycastatic.ca/multimedia/products/500x500/106/10640/10640358.jpg,bestbuy
176,"Apple iPad Pro 9.7"" 32GB with Wi-Fi - Silver - Open Box",$649.99,http://www.bestbuy.ca/en-ca/product/apple-apple-ipad-pro-9-7-32gb-with-wi-fi-silver-open-box-mlmp2cl-a/10584996.aspx?,MLMP2CL/A,https://multimedia.bbycastatic.ca/multimedia/products/500x500/105/10584/10584996.jpg,bestbuy
177,Open Box - Samsung Galaxy Tab S2 9.7-in / 32GB / Wi-Fi Tablet / 8 Core / Marshmallow / Gold - Open Box,$399.98,http://www.bestbuy.ca/en-ca/product/open-box-samsung-galaxy-tab-s2-9-7-in-32gb-wi-fi-tablet-8-core-marshmallow-gold-open-box/10735760.aspx?,SM-T813NZDEXAC,https://images.bbycastatic.ca/sf/images/common/pictures/noimage500x500.jpg,bestbuy
178,"Microsoft Surface Pro 12.3"" 128GB Windows 10 Pro Tablet with 7th Gen Intel Core m3-7Y30 - Silver","$1,049.99",http://www.bestbuy.ca/en-ca/product/microsoft-surface-pro-12-3-128gb-windows-10-pro-tablet-with-7th-gen-intel-core-m3-7y30-silver/10737285.aspx?,FJR-00001,https://multimedia.bbycastatic.ca/multimedia/products/500x500/107/10737/10737285.jpg,bestbuy
179,"Apple iPad Pro 12.9"" 64GB with Wi-Fi - Silver","$1,049.99",http://www.bestbuy.ca/en-ca/product/apple-ipad-pro-12-9-64gb-with-wi-fi-silver/10750288.aspx?,MQDC2CL/A,https://multimedia.bbycastatic.ca/multimedia/products/500x500/107/10750/10750288.jpg,bestbuy
180,"Apple 9.7"" iPad Pro 32GB, Wi-Fi ONLY in Rose , Refurbished",$724.99,http://www.bestbuy.ca/en-ca/product/apple-9-7-ipad-pro-32gb-wi-fi-only-in-rose-refurbished/11357117.aspx?,MM172LL/A,https://multimedia.bbycastatic.ca/multimedia/products/500x500/113/11357/11357117.jpg,bestbuy
181,"Open Box - Samsung Galaxy Tab E 9.6"" 16GB Android 5.0 Lollipop Tablet - Black Open Box",$199.98,http://www.bestbuy.ca/en-ca/product/open-box-samsung-galaxy-tab-e-9-6-16gb-android-5-0-lollipop-tablet-black-open-box/11467918.aspx?,SM-T560NZKUXAC,https://multimedia.bbycastatic.ca/multimedia/products/500x500/114/11467/11467918.jpg,bestbuy
182,"Apple iPad Pro 10.5"" 256GB with Wi-Fi - Space Grey","$1,049.99",http://www.bestbuy.ca/en-ca/product/apple-ipad-pro-10-5-256gb-with-wi-fi-space-grey/10750295.aspx?,MPDY2CL/A,https://multimedia.bbycastatic.ca/multimedia/products/500x500/107/10750/10750295_fr.jpg,bestbuy
183,"Microsoft Surface Pro 4 Tablet - 12.3"" - PixelSense - Wireless LAN - Intel Core i7 (6th Gen) - Silver","$1,833.95",http://www.bestbuy.ca/en-ca/product/microsoft-microsoft-surface-pro-4-tablet-12-3-pixelsense-wireless-lan-intel-core-i7-6th-gen-silver-u29-00002/10554198.aspx?,U29-00002,https://multimedia.bbycastatic.ca/multimedia/products/500x500/105/10554/10554198.jpeg,bestbuy
184,"HP Elite x2 1012 G1 Tablet - 12"" - In-plane Switching (IPS) Technology, BrightView - Wireless LAN - Intel Core M (6th Gen)","$1,703.04",http://www.bestbuy.ca/en-ca/product/hp-hp-elite-x2-1012-g1-tablet-12-in-plane-switching-ips-technology-brightview-wireless-lan-intel-core-m-6th-gen-t8z05utaba/10554234.aspx?,T8Z05UTABA,https://multimedia.bbycastatic.ca/multimedia/products/500x500/105/10554/10554234.jpeg,bestbuy
185,Apple iPad mini 4 128GB With Wi-Fi & 3G/4G/4G LTE - Space Grey,$719.99,http://www.bestbuy.ca/en-ca/product/apple-apple-ipad-mini-4-128gb-with-wi-fi-3g-4g-4g-lte-space-grey-mk762cl-a/10389506.aspx?,MK762CL/A,https://multimedia.bbycastatic.ca/multimedia/products/500x500/103/10389/10389506.jpg,bestbuy
186,"Samsung Galaxy Tab S2 9.7"" 32GB Android 6.0 Marshmallow Tablet - Black",$549.99,http://www.bestbuy.ca/en-ca/product/samsung-samsung-galaxy-tab-s2-9-7-32gb-android-6-0-marshmallow-tablet-w-exynos-5433-8-core-processor-black-sm-t813nzkexac/10424758.aspx?,SM-T813NZKEXAC,https://multimedia.bbycastatic.ca/multimedia/products/500x500/104/10424/10424758.jpg,bestbuy
187,"Apple iPad Pro 9.7"" 128GB with Wi-Fi - Space Grey - Open Box",$759.95,http://www.bestbuy.ca/en-ca/product/apple-apple-ipad-pro-9-7-128gb-with-wi-fi-space-grey-open-box-mlmv2cl-a/10546335.aspx?,MLMV2CL/A,https://multimedia.bbycastatic.ca/multimedia/products/500x500/105/10546/10546335.jpg,bestbuy
188,Samsung - Consumer Tablets SM-T713NZDEXAR 8.0 in. Galaxy Tab S2 32 GB - Gold,$708.41,http://www.bestbuy.ca/en-ca/product/samsung-consumer-tablets-sm-t713nzdexar-8-0-in-galaxy-tab-s2-32-gb-gold/11409695.aspx?,ISTR29407,https://multimedia.bbycastatic.ca/multimedia/products/500x500/114/11409/11409695.jpg,bestbuy
189,"iPad 2 WIFI only Second Generation 16gb Black, Refurbished",$189.99,http://www.bestbuy.ca/en-ca/product/apple-ipad-2-wifi-only-second-generation-16gb-black-refurbished-mc769ll-a/10592417.aspx?,MC769LL/A,https://multimedia.bbycastatic.ca/multimedia/products/500x500/105/10592/10592417.jpeg,bestbuy
190,"iPad 3 Wifi + Cellular 4G GSM Unlocked Third Generation 32gb Black, Refurbished",$299.99,http://www.bestbuy.ca/en-ca/product/apple-ipad-3-wifi-cellular-4g-gsm-unlocked-third-generation-32gb-black-refurbished-md367ll-a/10593475.aspx?,MD367LL/A,https://multimedia.bbycastatic.ca/multimedia/products/500x500/105/10593/10593475.jpeg,bestbuy
191,"Apple iPad Mini 4 Wifi only Fourth Gen 16GB Silver, Refurbished",$479.99,http://www.bestbuy.ca/en-ca/product/apple-ipad-mini-4-wifi-only-fourth-gen-16gb-silver-refurbished/11357112.aspx?,MK6K2LL/A,https://multimedia.bbycastatic.ca/multimedia/products/500x500/113/11357/11357112.jpg,bestbuy
192,"iPad 2 Wifi + Cellular 3G GSM Unlocked Second Generation 32gb White, Refurbished",$209.99,http://www.bestbuy.ca/en-ca/product/apple-ipad-2-wifi-cellular-3g-gsm-unlocked-second-generation-32gb-white-refurbished-mc993ll-a/10593469.aspx?,MC993LL/A,https://multimedia.bbycastatic.ca/multimedia/products/500x500/105/10593/10593469.jpeg,bestbuy
193,Open box - Apple iPad Air 2 / A8X Chip/ 128GB / Gold - Open box,$499.98,http://www.bestbuy.ca/en-ca/product/open-box-apple-ipad-air-2-a8x-chip-128gb-gold-open-box/10749034.aspx?,MH1J2CL/A,https://images.bbycastatic.ca/sf/images/common/pictures/noimage500x500.jpg,bestbuy
194,"Apple iPad Pro 10.5"" 64GB with Wi-Fi - Space Grey",$869.99,http://www.bestbuy.ca/en-ca/product/apple-ipad-pro-10-5-64gb-with-wi-fi-space-grey/10750311.aspx?,MQDT2CL/A,https://multimedia.bbycastatic.ca/multimedia/products/500x500/107/10750/10750311_fr.jpg,bestbuy
195,"Apple iPad Pro 9.7"" 32GB with Wi-Fi - Space Grey - Open Box",$649.95,http://www.bestbuy.ca/en-ca/product/apple-apple-ipad-pro-9-7-32gb-with-wi-fi-space-grey-open-box-mlmn2cl-a/10544088.aspx?,MLMN2CL/A,https://multimedia.bbycastatic.ca/multimedia/products/500x500/105/10544/10544088.jpg,bestbuy
196,Acer-Tablets NT.LCVAA.001 SW5-017-10LE 10.1 in. Atom x5-Z8350 1.44GHz 2 GB RAM 64 GB SSD Win10 Home,$525.68,http://www.bestbuy.ca/en-ca/product/acer-tablets-nt-lcvaa-001-sw5-017-10le-10-1-in-atom-x5-z8350-1-44ghz-2-gb-ram-64-gb-ssd-win10-home/11309609.aspx?,ISTR28162,https://multimedia.bbycastatic.ca/multimedia/products/500x500/113/11309/11309609.jpg,bestbuy
197,"Apple iPad Mini 4 Wifi + cellular 4G GSM unlocked Fourth Gen 128GB Gold, Refurbished",$534.99,http://www.bestbuy.ca/en-ca/product/apple-ipad-mini-4-wifi-cellular-4g-gsm-unlocked-fourth-gen-128gb-gold-refurbished/11357115.aspx?,MK8F2LL/A,https://multimedia.bbycastatic.ca/multimedia/products/500x500/113/11357/11357115.jpg,bestbuy
198,Apple iPad mini 2 - 32GB - Wi-Fi - Space Grey - Open Box,$269.97,http://www.bestbuy.ca/en-ca/product/apple-apple-ipad-mini-2-32gb-wi-fi-space-grey-open-box-me277c-a/10546330.aspx?,ME277C/A,https://multimedia.bbycastatic.ca/multimedia/products/500x500/105/10546/10546330.jpg,bestbuy
199,"Polaroid 9"" 16GB Android 6.0 Tablet & Folio Keyboard With ARMv7 Processor - Peacock",$139.99,http://www.bestbuy.ca/en-ca/product/polaroid-9-16gb-android-6-0-tablet-folio-keyboard-with-armv7-processor-peacock/10751963.aspx?,P916PCK,https://multimedia.bbycastatic.ca/multimedia/products/500x500/107/10751/10751963_2-.jpg,bestbuy
200,"Apple 9.7"" iPad Pro 32GB, Wi-Fi ONLY in GOLD , Refurbished",$724.99,http://www.bestbuy.ca/en-ca/product/apple-9-7-ipad-pro-32gb-wi-fi-only-in-gold-refurbished/11357118.aspx?,MLMQ2LL/A,https://multimedia.bbycastatic.ca/multimedia/products/500x500/113/11357/11357118.jpg,bestbuy
201,"Apple iPad Pro 9.7"" 256GB with Wi-Fi/LTE - Rose Gold",$999.99,http://www.bestbuy.ca/en-ca/product/apple-apple-ipad-pro-9-7-256gb-with-wi-fi-lte-rose-gold-mlym2cl-a/10415442.aspx?,MLYM2CL/A,https://multimedia.bbycastatic.ca/multimedia/products/500x500/104/10415/10415442.jpg,bestbuy
202,"Apple iPad 9.7"" 128GB with Wi-Fi - Gold",$579.99,http://www.bestbuy.ca/en-ca/product/apple-ipad-9-7-128gb-with-wi-fi-gold/10640360.aspx?,MPGW2CL/A,https://multimedia.bbycastatic.ca/multimedia/products/500x500/106/10640/10640360.jpg,bestbuy
203,"Ematic EGQ223SKTL 10"" Tablet - 1.2 GHz Quad Core, 1GB RAM, 16GB storage, Android Lollipop 5.1 - TEAL",$149.99,http://www.bestbuy.ca/en-ca/product/ematic-ematic-egq223sktl-16gb-tablet-10-wireless-lan-quad-core-4-core-1-20-ghz-teal-egq223sktl/10504097.aspx?,EGQ223SKTL,https://multimedia.bbycastatic.ca/multimedia/products/500x500/105/10504/10504097.jpg,bestbuy
204,"Microsoft Surface Pro Tablet - 12.3"" - 8GB - Intel Core i7 (7th Gen) - 256GB SSD - Windows 10 Pro - 2736 x 1824 - PixelSense","$1,994.04",http://www.bestbuy.ca/en-ca/product/microsoft-surface-pro-tablet-12-3-8gb-intel-core-i7-7th-gen-256gb-ssd-windows-10-pro-2736-x-1824-pixelsense/11427049.aspx?,FKG-00001,https://images.bbycastatic.ca/sf/images/common/pictures/noimage500x500.jpg,bestbuy
205,"ASUS ZenPad 7"" 16GB Android 5.0 Tablet With Intel Atom x3-C3200 Processor - Black - Open Box",$119.99,http://www.bestbuy.ca/en-ca/product/asus-asus-zenpad-7-16gb-android-5-0-tablet-with-intel-atom-x3-c3200-processor-black-open-box-z170c-a1-bk/10562825.aspx?,Z170C-A1-BK,https://multimedia.bbycastatic.ca/multimedia/products/500x500/105/10562/10562825.jpg,bestbuy
206,Apple iPad mini 4 128GB With Wi-Fi - Gold,$549.99,http://www.bestbuy.ca/en-ca/product/apple-apple-ipad-mini-4-128gb-with-wi-fi-gold-mk9q2cl-a/10389499.aspx?,MK9Q2CL/A,https://multimedia.bbycastatic.ca/multimedia/products/500x500/103/10389/10389499.jpg,bestbuy
207,"iPad 3 Wifi Only Third Generation 32gb White, Refurbished",$259.99,http://www.bestbuy.ca/en-ca/product/ipad-3-wifi-only-third-generation-32gb-white-refurbished/11357101.aspx?,MD329LL/A,https://multimedia.bbycastatic.ca/multimedia/products/500x500/113/11357/11357101.jpg,bestbuy
208,"Apple iPad Pro 9.7"" 32GB with Wi-Fi/LTE - Rose Gold - Open Box",$759.99,http://www.bestbuy.ca/en-ca/product/apple-apple-ipad-pro-9-7-32gb-with-wi-fi-lte-rose-gold-open-box-mlyj2cl-a/10562789.aspx?,MLYJ2CL/A,https://multimedia.bbycastatic.ca/multimedia/products/500x500/105/10562/10562789.jpg,bestbuy
209,"Apple iPad Mini 2 Wifi+4G GSM Unlocked 2nd Generation 7.9 inches 32gb Gray, Refurbished",$354.99,http://www.bestbuy.ca/en-ca/product/apple-ipad-mini-2-wifi4g-gsm-unlocked-2nd-generation-7-9-inches-32gb-gray-refurbished/10630625.aspx?,FJ0U2AM/A,https://multimedia.bbycastatic.ca/multimedia/products/500x500/106/10630/10630625.jpg,bestbuy
210,"Apple iPad Pro 9.7"" 128GB with Wi-Fi - Silver",$799.99,http://www.bestbuy.ca/en-ca/product/apple-apple-ipad-pro-9-7-128gb-with-wi-fi-silver-mlmw2cl-a/10415424.aspx?,MLMW2CL/A,https://multimedia.bbycastatic.ca/multimedia/products/500x500/104/10415/10415424.jpg,bestbuy
211,MICROSOFT FACTORY RECERTIFIED SURFACE BOOK TABLET / INTEL:I7-6600U / 8GB RAM/ 256GB SSD / NVIDIA-GEFORCEGPU-1GB / 1YR,"$1,949.99",http://www.bestbuy.ca/en-ca/product/microsoft-microsoft-factory-recertified-surface-book-tablet-intel-i7-6600u-8gb-ram-256gb-ssd-nvidia-geforcegpu-1gb-1yr-fgk-00001/10588774.aspx?,FGK-00001,https://multimedia.bbycastatic.ca/multimedia/products/500x500/105/10588/10588774.jpeg,bestbuy
212,"Apple 9.7"" iPad Pro 32GB, Wi-Fi ONLY in Silver , Refurbished",$724.99,http://www.bestbuy.ca/en-ca/product/apple-9-7-ipad-pro-32gb-wi-fi-only-in-silver-refurbished/11357119.aspx?,MLMP2LL/A,https://multimedia.bbycastatic.ca/multimedia/products/500x500/113/11357/11357119.jpg,bestbuy
213,"Microsoft Surface Pro 12.3"" 1TB Windows 10 Pro Tablet with 7th Gen Intel Core i7-7660U - Silver","$3,449.00",http://www.bestbuy.ca/en-ca/product/microsoft-surface-pro-12-3-1tb-windows-10-pro-tablet-with-7th-gen-intel-core-i7-7660u-silver/10737280.aspx?,FKK-00001,https://multimedia.bbycastatic.ca/multimedia/products/500x500/107/10737/10737280.jpg,bestbuy
214,"Microsoft Surface Pro 4 12.3"" 256GB Windows 10 Tablet With 6th Gen Intel Core i5-6300U - Silver","$1,249.99",http://www.bestbuy.ca/en-ca/product/microsoft-microsoft-surface-pro-4-12-3-256gb-windows-10-tablet-with-6th-gen-intel-core-i5-6300u-silver-cr3-00001/10394995.aspx?,CR3-00001,https://multimedia.bbycastatic.ca/multimedia/products/500x500/103/10394/10394995.jpg,bestbuy
215,"Ematic 10.1"" 16GB Android 5.0 Tablet with Intel Quad-Core Processor - Black - English",$139.99,http://www.bestbuy.ca/en-ca/product/ematic-ematic-10-1-16gb-android-5-0-tablet-with-intel-quad-core-processor-black-english-egq223/10451092.aspx?,EGQ223,https://multimedia.bbycastatic.ca/multimedia/products/500x500/104/10451/10451092.jpg,bestbuy
216,"Apple Ipad Air One, 32GB, WIFI + 3G, 9.7"", White/Silver, Refurbished, Free Ship",$399.00,http://www.bestbuy.ca/en-ca/product/apple-ipad-air-one-32gb-wifi-3g-9-7-white-silver-refurbished-free-ship/11558356.aspx?,Ipad Air,https://multimedia.bbycastatic.ca/multimedia/products/500x500/115/11558/11558356.jpg,bestbuy
217,Apple iPad Air 2 32GB with Wi-Fi + Cellular - Gold - Open Box,$469.97,http://www.bestbuy.ca/en-ca/product/apple-apple-ipad-air-2-32gb-with-wi-fi-cellular-gold-open-box-mnvr2cl-a/10585003.aspx?,MNVR2CL/A,https://multimedia.bbycastatic.ca/multimedia/products/500x500/105/10585/10585003.jpg,bestbuy
218,"Samsung Galaxy Tab A 10.1"" 16GB Android 6.0 Tablet - Black - Open Box",$284.99,http://www.bestbuy.ca/en-ca/product/samsung-samsung-galaxy-tab-a-10-1-16gb-android-6-0-tablet-black-open-box-sm-t580nzkaxac/10562824.aspx?,SM-T580NZKAXAC,https://multimedia.bbycastatic.ca/multimedia/products/500x500/105/10562/10562824.jpg,bestbuy
219,"Apple iPad Pro 12.9"" 256GB with Wi-Fi & 4G LTE - Gold","$1,399.99",http://www.bestbuy.ca/en-ca/product/apple-ipad-pro-12-9-256gb-with-wi-fi-4g-lte-gold/10750325.aspx?,MPA62CL/A,https://multimedia.bbycastatic.ca/multimedia/products/500x500/107/10750/10750325.jpg,bestbuy
220,"HP ElitePad 1000 G2 64GB Net-tablet PC - 10.1"" - Wireless LAN - 3G - Intel Atom Z3795 Quad-core (4 Core) 1.59 GHz","$1,004.99",http://www.bestbuy.ca/en-ca/product/hp-hp-elitepad-1000-g2-64gb-net-tablet-pc-10-1-wireless-lan-3g-intel-atom-z3795-quad-core-4-core-1-59-ghz-t4n15utabl/10554205.aspx?,T4N15UTABL,https://multimedia.bbycastatic.ca/multimedia/products/500x500/105/10554/10554205.jpeg,bestbuy
221,Apple iPad Air 2 32GB with Wi-Fi + Cellular - Silver,$459.97,http://www.bestbuy.ca/en-ca/product/apple-apple-ipad-air-2-32gb-with-wi-fi-cellular-silver-mnvq2cl-a/10487828.aspx?,MNVQ2CL/A,https://multimedia.bbycastatic.ca/multimedia/products/500x500/104/10487/10487828.jpg,bestbuy
222,"Samsung Galaxy Tab S3 9.7"" 32GB Android N Tablet With Qualcomm APQ 8096 Quad-Core Processor - Silver",$799.99,http://www.bestbuy.ca/en-ca/product/samsung-samsung-galaxy-tab-s3-9-7-32gb-android-n-tablet-with-qualcomm-apq-8096-quad-core-processor-silver-sm-t820nzsaxac/10589706.aspx?,SM-T820NZSAXAC,https://multimedia.bbycastatic.ca/multimedia/products/500x500/105/10589/10589706.jpg,bestbuy
223,"Apple iPad Pro 9.7"" 32GB with Wi-Fi/LTE - Gold",$979.99,http://www.bestbuy.ca/en-ca/product/apple-apple-ipad-pro-9-7-32gb-with-wi-fi-lte-gold-mlpy2cl-a/10415433.aspx?,MLPY2CL/A,https://multimedia.bbycastatic.ca/multimedia/products/500x500/104/10415/10415433.jpg,bestbuy
224,"iPad 2 Wifi + Cellular 3G GSM Unlocked Second Generation 32gb Black, Refurbished",$209.99,http://www.bestbuy.ca/en-ca/product/apple-ipad-2-wifi-cellular-3g-gsm-unlocked-second-generation-32gb-black-refurbished-md066ll-a/10593470.aspx?,MD066LL/A,https://multimedia.bbycastatic.ca/multimedia/products/500x500/105/10593/10593470.jpeg,bestbuy
225,"Apple iPad Pro 10.5"" 256GB with Wi-Fi & 4G LTE - Space Grey","$1,219.99",http://www.bestbuy.ca/en-ca/product/apple-ipad-pro-10-5-256gb-with-wi-fi-4g-lte-space-grey/10750303.aspx?,MPHG2CL/A,https://multimedia.bbycastatic.ca/multimedia/products/500x500/107/10750/10750303_fr.jpg,bestbuy
226,"Apple iPad Pro 12.9"" 256GB with Wi-Fi - Space Grey","$1,229.99",http://www.bestbuy.ca/en-ca/product/apple-ipad-pro-12-9-256gb-with-wi-fi-space-grey/10750319.aspx?,MP6G2CL/A,https://multimedia.bbycastatic.ca/multimedia/products/500x500/107/10750/10750319.jpg,bestbuy
227,"B3-A30-K5PJ,10 INCH IPS TOUCH,ANDROID 6.0,MT8163 QUAD CORE,1GB DDR3,16GB eMMC,CA",$255.99,http://www.bestbuy.ca/en-ca/product/acer-b3-a30-k5pj-10-inch-ips-touch-android-6-0-mt8163-quad-core-1gb-ddr3-16gb-emmc-ca-nt-lcnaa-001/10554269.aspx?,NT.LCNAA.001,https://multimedia.bbycastatic.ca/multimedia/products/500x500/105/10554/10554269.jpeg,bestbuy
228,"Apple iPad Pro 12.9"" 64GB with Wi-Fi & 4G LTE - Silver","$1,219.99",http://www.bestbuy.ca/en-ca/product/apple-ipad-pro-12-9-64gb-with-wi-fi-4g-lte-silver/10750285.aspx?,MQEE2CL/A,https://multimedia.bbycastatic.ca/multimedia/products/500x500/107/10750/10750285.jpg,bestbuy
229,"FILLA Prism MII Tablet, 10.1"" Display, Intel Baytrail Quad, 2GB RAM, 64GB eMMC Flash Storage, Windows 10 Home",$299.00,http://www.bestbuy.ca/en-ca/product/filla-filla-prism-mii-tablet-10-1-display-intel-baytrail-quad-1-3ghz-2gb-ram-64-gb-emmc-flash-storage-windows-10-home-prism-mii/10546471.aspx?,Prism MII,https://multimedia.bbycastatic.ca/multimedia/products/500x500/105/10546/10546471.jpeg,bestbuy
230,Apple iPad mini 4 32GB with Wi-Fi + Cellular - Space Grey - Open Box,$479.95,http://www.bestbuy.ca/en-ca/product/apple-apple-ipad-mini-4-32gb-with-wi-fi-cellular-space-grey-open-box-mnwe2cl-a/10585004.aspx?,MNWE2CL/A,https://multimedia.bbycastatic.ca/multimedia/products/500x500/105/10585/10585004.jpg,bestbuy
231,"Apple iPad Pro 12.9"" 256GB with Wi-Fi/LTE - Space Grey",$999.99,http://www.bestbuy.ca/en-ca/product/apple-apple-ipad-pro-12-9-256gb-with-wi-fi-lte-space-grey-ml2l2cl-a/10415446.aspx?,ML2L2CL/A,https://multimedia.bbycastatic.ca/multimedia/products/500x500/104/10415/10415446.jpg,bestbuy
232,Samsung - Consumer Tablets SM-T580NZKAXAR 10.1 in. Galaxy Tab A Black,$543.35,http://www.bestbuy.ca/en-ca/product/samsung-consumer-tablets-sm-t580nzkaxar-10-1-in-galaxy-tab-a-black/11409696.aspx?,ISTR29167,https://multimedia.bbycastatic.ca/multimedia/products/500x500/114/11409/11409696.jpg,bestbuy
233,"Ematic EGQ223SKBL 16GB Tablet - 10"" - Wireless LAN Quad-core (4 Core) 1.20 GHz - Black",$139.99,http://www.bestbuy.ca/en-ca/product/ematic-ematic-egq223skbl-16gb-tablet-10-wireless-lan-quad-core-4-core-1-20-ghz-black-egq223skbl/10554261.aspx?,EGQ223SKBL,https://multimedia.bbycastatic.ca/multimedia/products/500x500/105/10554/10554261.jpeg,bestbuy
234,"Apple iPad 9.7"" 32GB with Wi-Fi - Silver",$449.99,http://www.bestbuy.ca/en-ca/product/apple-ipad-9-7-32gb-with-wi-fi-silver/10640353.aspx?,MP2G2CL/A,https://multimedia.bbycastatic.ca/multimedia/products/500x500/106/10640/10640353.jpg,bestbuy
235,"Apple iPad Pro 12.9"" 512GB with Wi-Fi - Silver","$1,479.99",http://www.bestbuy.ca/en-ca/product/apple-ipad-pro-12-9-512gb-with-wi-fi-silver/10750293.aspx?,MPL02CL/A,https://multimedia.bbycastatic.ca/multimedia/products/500x500/107/10750/10750293.jpg,bestbuy
236,Samsung - Consumer Tablets SM-T560NZKUXAR 9.6 in. Galaxy Tab E Wifi 16 GB - Black,$424.87,http://www.bestbuy.ca/en-ca/product/samsung-consumer-tablets-sm-t560nzkuxar-9-6-in-galaxy-tab-e-wifi-16-gb-black/11409694.aspx?,ISTR29406,https://multimedia.bbycastatic.ca/multimedia/products/500x500/114/11409/11409694.jpg,bestbuy
237,"iPad 3 Wifi Only Third Generation 16gb Black, Refurbished",$249.99,http://www.bestbuy.ca/en-ca/product/apple-ipad-3-wifi-only-third-generation-16gb-black-refurbished-mc705ll-a/10593471.aspx?,MC705LL/A,https://multimedia.bbycastatic.ca/multimedia/products/500x500/105/10593/10593471.jpeg,bestbuy
238,"Lenovo Tab3 8"" 16GB Android 6.0 Tablet with MediaTek Quad-Core Processor - Denim Black - Open Box",$129.95,http://www.bestbuy.ca/en-ca/product/lenovo-lenovo-tab3-8-16gb-android-6-0-tablet-with-mediatek-quad-core-processor-denim-black-open-box-za170001us/10525369.aspx?,ZA170001US,https://multimedia.bbycastatic.ca/multimedia/products/500x500/105/10525/10525369.jpg,bestbuy
239,"Apple iPad 9.7"" 32GB with Wi-Fi/4G LTE - Gold",$619.99,http://www.bestbuy.ca/en-ca/product/apple-ipad-9-7-32gb-with-wi-fi-4g-lte-gold/10640356.aspx?,MPG42CL/A,https://multimedia.bbycastatic.ca/multimedia/products/500x500/106/10640/10640356.jpg,bestbuy
240,"Apple iPad Pro 12.9"" 256GB with Wi-Fi/LTE - Space Grey - Open Box","$1,049.99",http://www.bestbuy.ca/en-ca/product/apple-apple-ipad-pro-12-9-256gb-with-wi-fi-lte-space-grey-open-box-ml2l2cl-a/10562788.aspx?,ML2L2CL/A,https://multimedia.bbycastatic.ca/multimedia/products/500x500/105/10562/10562788.jpg,bestbuy
241,"Huawei MateBook W19 2-in-1 laptop Tablet, Intel Core M5, 8GB+256GB_Champagne Gold","$1,299.99",http://www.bestbuy.ca/en-ca/product/huawei-huawei-matebook-w19-2-in-1-laptop-tablet-intel-core-m5-8gb256gbchampagne-gold-hz-w19-8gb256gb/10558699.aspx?,HZ-W19 8GB256GB,https://multimedia.bbycastatic.ca/multimedia/products/500x500/105/10558/10558699.jpeg,bestbuy
242,"Asus ZenPad 8.0 Z380M-A2-GR 16GB Tablet - 8"" - (IPS) - MediaTek Cortex A53 MT8163 Quad-core (4 Core) 1.30 GHz - Dark Gray",$207.99,http://www.bestbuy.ca/en-ca/product/asus-asus-zenpad-8-0-z380m-a2-gr-16gb-tablet-8-ips-mediatek-cortex-a53-mt8163-quad-core-4-core-1-30-ghz-dark-gray-z380m-a2-gr/10554257.aspx?,Z380M-A2-GR,https://multimedia.bbycastatic.ca/multimedia/products/500x500/105/10554/10554257.jpeg,bestbuy
243,"Apple iPad Air 2 MH312LL/A (128GB, Wi-Fi + Cellular, 9.7-inch, Space Gray)",$799.98,http://www.bestbuy.ca/en-ca/product/apple-ipad-air-2-mh312ll-a-128gb-wi-fi-cellular-9-7-inch-space-gray/11457839.aspx?,MH312LL/A,https://multimedia.bbycastatic.ca/multimedia/products/500x500/114/11457/11457839.png,bestbuy
244,Synnex CXG-00001 EDU Bundle Config 2 Surface Pro 4 Tablet,"$2,166.59",http://www.bestbuy.ca/en-ca/product/synnex-cxg-00001-edu-bundle-config-2-surface-pro-4-tablet/11316538.aspx?,DGL323,https://multimedia.bbycastatic.ca/multimedia/products/500x500/113/11316/11316538.jpg,bestbuy
245,"Apple iPad Pro 9.7"" 128GB with Wi-Fi/LTE - Gold",$899.99,http://www.bestbuy.ca/en-ca/product/apple-apple-ipad-pro-9-7-128gb-with-wi-fi-lte-gold-mlq52cl-a/10415437.aspx?,MLQ52CL/A,https://multimedia.bbycastatic.ca/multimedia/products/500x500/104/10415/10415437.jpg,bestbuy
246,"Acer Iconia One 10.1"" 16GB Android 6.0 Tablet with MT8163 Quad-Core Processor - White",$199.99,http://www.bestbuy.ca/en-ca/product/acer-acer-iconia-one-10-1-16gb-android-6-0-tablet-with-mt8163-quad-core-processor-white-b3-a30-k94f/10450521.aspx?,B3-A30-K94F,https://multimedia.bbycastatic.ca/multimedia/products/500x500/104/10450/10450521.jpg,bestbuy
247,"Apple iPad Pro 9.7"" 32GB with Wi-Fi/LTE - Silver",$979.99,http://www.bestbuy.ca/en-ca/product/apple-apple-ipad-pro-9-7-32gb-with-wi-fi-lte-silver-mlpx2cl-a/10415432.aspx?,MLPX2CL/A,https://multimedia.bbycastatic.ca/multimedia/products/500x500/104/10415/10415432.jpg,bestbuy
248,"Microsoft Surface Pro 4 Tablet CR5-00001, Refurbished",$849.99,http://www.bestbuy.ca/en-ca/product/microsoft-surface-pro-4-tablet-cr5-00001-refurbished/11614943.aspx?,CR5-00001,https://multimedia.bbycastatic.ca/multimedia/products/500x500/116/11614/11614943.jpeg,bestbuy
249,"iPad 3 Wifi Only Third Generation 16gb White, Refurbished",$249.99,http://www.bestbuy.ca/en-ca/product/apple-ipad-3-wifi-only-third-generation-16gb-white-refurbished-md336ll-a/10593472.aspx?,MD336LL/A,https://multimedia.bbycastatic.ca/multimedia/products/500x500/105/10593/10593472.jpeg,bestbuy
250,"Microsoft Surface Pro 12.3"" 256GB Windows 10 Pro Tablet with 7th Gen Intel Core i7-7660U - Silver","$1,999.99",http://www.bestbuy.ca/en-ca/product/microsoft-surface-pro-12-3-256gb-windows-10-pro-tablet-with-7th-gen-intel-core-i7-7660u-silver/10737282.aspx?,FJZ-00001,https://multimedia.bbycastatic.ca/multimedia/products/500x500/107/10737/10737282.jpg,bestbuy
251,"APPLE,A1475, IPAD AIR, RETINA, 32 GB, WIFI, GSM, SILVER - Refurbished 1 YR Warranty",$369.00,http://www.bestbuy.ca/en-ca/product/apple-apple-a1475-ipad-air-retina-32-gb-wifi-gsm-silver-refurbished-1-yr-warranty-a1475/10550826.aspx?,A1475,https://multimedia.bbycastatic.ca/multimedia/products/500x500/105/10550/10550826.jpeg,bestbuy
252,Samsung IT SM-T350NZAAXAR Galaxy Tab A 8.0 16GB Titanium,$333.73,http://www.bestbuy.ca/en-ca/product/samsung-it-sm-t350nzaaxar-galaxy-tab-a-8-0-16gb-titanium/11343154.aspx?,DAHD9012,https://multimedia.bbycastatic.ca/multimedia/products/500x500/113/11343/11343154.jpg,bestbuy
253,Acer Iconia B1-780-K6C3 7 Inch Tablet (NT.LCJAA.002),$129.99,http://www.bestbuy.ca/en-ca/product/acer-iconia-b1-780-k6c3-7-inch-tablet-nt-lcjaa-002/10734018.aspx?,B1-780-K6C3,https://multimedia.bbycastatic.ca/multimedia/products/500x500/107/10734/10734018.jpg,bestbuy
254,"Apple iPad Pro 9.7"" 32GB with Wi-Fi - Rose Gold",$649.99,http://www.bestbuy.ca/en-ca/product/apple-apple-ipad-pro-9-7-32gb-with-wi-fi-rose-gold-mm172cl-a/10415422.aspx?,MM172CL/A,https://multimedia.bbycastatic.ca/multimedia/products/500x500/104/10415/10415422.jpg,bestbuy
255,"RCA 10.1"" TABLET 16GB QUAD CORE WITH KEYBOARD/CASE (RCT6203W46BLACK) - REFURBISHED",$169.99,http://www.bestbuy.ca/en-ca/product/rca-10-1-tablet-16gb-quad-core-with-keyboard-case-rct6203w46black-refurbished/10758618.aspx?,RCT6203W46-BLACK,https://images.bbycastatic.ca/sf/images/common/pictures/noimage500x500.jpg,bestbuy
256,"Microsoft Surface Book 13.5"" Touchscreen (PixelSense) 2 in 1 Notebook - Intel Core i5 (6th Gen) i5-6300U Dual-core (2 Core)","$2,122.95",http://www.bestbuy.ca/en-ca/product/microsoft-microsoft-surface-book-13-5-touchscreen-pixelsense-2-in-1-notebook-intel-core-i5-6th-gen-i5-6300u-dual-core-2-core-sv7-00009/10537540.aspx?,SV7-00009,https://multimedia.bbycastatic.ca/multimedia/products/500x500/105/10537/10537540.jpeg,bestbuy
257,"Polaroid 10"" 16GB Android 6.0 Tablet & Keyboard With Intel Atom X3 Processor - Purple",$179.98,http://www.bestbuy.ca/en-ca/product/polaroid-10-16gb-android-6-0-tablet-keyboard-with-intel-atom-x3-processor-purple/10751960.aspx?,Q1010PU,https://multimedia.bbycastatic.ca/multimedia/products/500x500/107/10751/10751960.jpg,bestbuy
258,"Apple iPad Pro 12.9"" 256GB with Wi-Fi - Space Grey",$999.99,http://www.bestbuy.ca/en-ca/product/apple-apple-ipad-pro-12-9-256gb-with-wi-fi-space-grey-ml0t2cl-a/10415443.aspx?,ML0T2CL/A,https://multimedia.bbycastatic.ca/multimedia/products/500x500/104/10415/10415443.jpg,bestbuy
259,Apple iPad mini 4 128GB With Wi-Fi & 3G/4G/4G LTE - Silver,$719.99,http://www.bestbuy.ca/en-ca/product/apple-apple-ipad-mini-4-128gb-with-wi-fi-3g-4g-4g-lte-silver-mk772cl-a/10389507.aspx?,MK772CL/A,https://multimedia.bbycastatic.ca/multimedia/products/500x500/103/10389/10389507.jpg,bestbuy
260,1012 CM/1.1 8GB 256GB SSD W10P 64 SBY,"$1,998.99",http://www.bestbuy.ca/en-ca/product/hp-1012-cm-1-1-8gb-256gb-ssd-w10p-64-sby-t8z06utaba/10505067.aspx?,T8Z06UTABA,https://multimedia.bbycastatic.ca/multimedia/products/500x500/105/10505/10505067.jpeg,bestbuy
261,"Polaroid 9"" 16GB Android 6.0 Tablet & Folio Keyboard With ARMv7 Processor - Blue",$139.98,http://www.bestbuy.ca/en-ca/product/polaroid-9-16gb-android-6-0-tablet-folio-keyboard-with-armv7-processor-blue/10751964.aspx?,P916BL,https://multimedia.bbycastatic.ca/multimedia/products/500x500/107/10751/10751964.jpg,bestbuy
262,"Lenovo Tab3 Essential 7"" 8GB Android 5.1 Tablet with QualComm Quad-Core Processor - Black - Open Box",$89.95,http://www.bestbuy.ca/en-ca/product/lenovo-lenovo-tab3-essential-7-8gb-android-5-1-tablet-with-qualcomm-quad-core-processor-black-open-box-za0r0029us/10525370.aspx?,ZA0R0029US,https://multimedia.bbycastatic.ca/multimedia/products/500x500/105/10525/10525370.jpg,bestbuy
263,"Apple iPad Pro 10.5"" 256GB with Wi-Fi & 4G LTE - Gold","$1,219.99",http://www.bestbuy.ca/en-ca/product/apple-ipad-pro-10-5-256gb-with-wi-fi-4g-lte-gold/10750305.aspx?,MPHJ2CL/A,https://multimedia.bbycastatic.ca/multimedia/products/500x500/107/10750/10750305_fr.jpg,bestbuy
264,"Apple iPad Pro 9.7"" 256GB with Wi-Fi - Rose Gold - Open Box","$1,039.99",http://www.bestbuy.ca/en-ca/product/apple-apple-ipad-pro-9-7-256gb-with-wi-fi-rose-gold-open-box-mm1a2cl-a/10546337.aspx?,MM1A2CL/A,https://multimedia.bbycastatic.ca/multimedia/products/500x500/105/10546/10546337.jpg,bestbuy
265,"Microsoft Surface Pro Tablet - 12.3"" - 4GB - Intel Core M (7th Gen) - 128GB SSD - Windows 10 Pro - 2736 x 1824 - PixelSense","$1,101.49",http://www.bestbuy.ca/en-ca/product/microsoft-surface-pro-tablet-12-3-4gb-intel-core-m-7th-gen-128gb-ssd-windows-10-pro-2736-x-1824-pixelsense/10934450.aspx?,FJS-00001,https://multimedia.bbycastatic.ca/multimedia/products/500x500/109/10934/10934450.jpg,bestbuy
266,"Apple iPad Air 1st Gen, 9.7"" Display, 16 GB Storage, Wi-Fi Only, 5MP Camera, White with Silver - Refurbished",$295.00,http://www.bestbuy.ca/en-ca/product/dell-dell-latitude-e6430-14-display-intel-core-i5-4gb-ram-160gb-hdd-dvd-rom-windows-10-refurbished-dell-e6430/10550356.aspx?,a1474,https://multimedia.bbycastatic.ca/multimedia/products/500x500/105/10550/10550356.jpg,bestbuy
267,"iPad 2 WIFI only Second Generation 32gb Black, Refurbished",$199.99,http://www.bestbuy.ca/en-ca/product/ipad-2-wifi-only-second-generation-32gb-black-refurbished/11357100.aspx?,MC770LL/A,https://multimedia.bbycastatic.ca/multimedia/products/500x500/113/11357/11357100.jpg,bestbuy
268,Acer America NT.L6LAA.003 64 GB Tablet Windows Pro 10 - 10.1 in.,$670.39,http://www.bestbuy.ca/en-ca/product/acer-america-nt-l6laa-003-64-gb-tablet-windows-pro-10-10-1-in/11384940.aspx?,DAHD10022,https://multimedia.bbycastatic.ca/multimedia/products/500x500/113/11384/11384940.jpg,bestbuy
269,Apple iPad Air 2 32GB with Wi-Fi - Space Grey - Open Box,$469.97,http://www.bestbuy.ca/en-ca/product/apple-apple-ipad-air-2-32gb-with-wi-fi-space-grey-open-box-mnv22cl-a/10585000.aspx?,MNV22CL/A,https://multimedia.bbycastatic.ca/multimedia/products/500x500/105/10585/10585000.jpg,bestbuy
270,"Lenovo Tab3 10 Business ZA0X0018US 32GB Tablet - 10.1"" - In-plane Switching (IPS) Technology - Wireless LAN - MediaTek Cortex",$349.99,http://www.bestbuy.ca/en-ca/product/lenovo-lenovo-tab3-10-business-za0x0018us-32gb-tablet-10-1-in-plane-switching-ips-technology-wireless-lan-mediatek-cortex-za0x0018us/10554260.aspx?,ZA0X0018US,https://multimedia.bbycastatic.ca/multimedia/products/500x500/105/10554/10554260.jpeg,bestbuy
271,"HP ElitePad 1000 G2 Net-tablet PC - 10.1"" - Intel Atom Z3795 1.60 GHz","$1,413.49",http://www.bestbuy.ca/en-ca/product/hp-hp-elitepad-1000-g2-net-tablet-pc-10-1-intel-atom-z3795-1-60-ghz-g6x12awabl/10451277.aspx?,G6X12AWABL,https://multimedia.bbycastatic.ca/multimedia/products/500x500/104/10451/10451277.jpeg,bestbuy
272,Samsung IT SM-T713NZKEXAR S2 8.0 in. 32 GB Tablet Black,$616.20,http://www.bestbuy.ca/en-ca/product/samsung-it-sm-t713nzkexar-s2-8-0-in-32-gb-tablet-black/11354906.aspx?,DAHD18281,https://multimedia.bbycastatic.ca/multimedia/products/500x500/113/11354/11354906.jpg,bestbuy
273,"Apple iPad Pro 9.7"" 128GB with Wi-Fi/LTE - Silver",$849.99,http://www.bestbuy.ca/en-ca/product/apple-apple-ipad-pro-9-7-128gb-with-wi-fi-lte-silver-mlq42cl-a/10415436.aspx?,MLQ42CL/A,https://multimedia.bbycastatic.ca/multimedia/products/500x500/104/10415/10415436.jpg,bestbuy
274,"Apple iPad Pro 12.9"" 512GB with Wi-Fi - Gold","$1,479.99",http://www.bestbuy.ca/en-ca/product/apple-ipad-pro-12-9-512gb-with-wi-fi-gold/10750292.aspx?,MPL12CL/A,https://multimedia.bbycastatic.ca/multimedia/products/500x500/107/10750/10750292.jpg,bestbuy
275,"Acer Iconia One 7 Tablet 16GB Wifi White, Refurbished",$99.99,http://www.bestbuy.ca/en-ca/product/acer-iconia-one-7-tablet-16gb-wifi-white-refurbished/11615952.aspx?,B1-770,https://multimedia.bbycastatic.ca/multimedia/products/500x500/116/11615/11615952.jpg,bestbuy
