ID,Name,Price,Link,ModelNumber,Images
0,"Apple iPad 9.7"" 32GB with Wi-Fi - Space Grey",$449.99,http://www.bestbuy.ca/en-ca/product/apple-ipad-9-7-32gb-with-wi-fi-space-grey/10640354.aspx?,MP2F2CL/A,http://multimedia.bbycastatic.ca/multimedia/products/150x150/106/10640/10640354.jpg
1,"Apple iPad Air 2 Wifi + 4G GSM Unlocked 16GB Gold, Refurbished",$399.99,http://www.bestbuy.ca/en-ca/product/apple-apple-ipad-air-2-wifi-4g-gsm-unlocked-16gb-gold-refurbished-mh2w2ll-a/10602675.aspx?,MH2W2LL/A,http://multimedia.bbycastatic.ca/multimedia/products/150x150/106/10602/10602675.jpeg
2,"Samsung Galaxy Tab S3 9.7"" 32GB Android N Tablet With Qualcomm APQ 8096 Quad-Core Processor - Black",$749.99,http://www.bestbuy.ca/en-ca/product/samsung-samsung-galaxy-tab-s3-9-7-32gb-android-n-tablet-with-qualcomm-apq-8096-quad-core-processor-black-sm-t820nzkaxac/10589705.aspx?,SM-T820NZKAXAC,http://multimedia.bbycastatic.ca/multimedia/products/150x150/106/10640/10640354.jpg
3,"Huawei MateBook W19 2-in-1 laptop Tablet, Intel Core M5, 8GB+256GB_Champagne Gold","$1,099.99",http://www.bestbuy.ca/en-ca/product/huawei-huawei-matebook-w19-2-in-1-laptop-tablet-intel-core-m5-8gb256gbchampagne-gold-hz-w19-8gb256gb/10558699.aspx?,HZ-W19 8GB256GB,http://multimedia.bbycastatic.ca/multimedia/products/150x150/105/10558/10558699.jpeg
4,"Samsung Galaxy Tab A 10.1"" 16GB Android 6.0 Tablet - White",$349.99,http://www.bestbuy.ca/en-ca/product/samsung-samsung-galaxy-tab-a-10-1-16gb-android-6-0-tablet-white-sm-t580nzwaxac/10450219.aspx?,SM-T580NZWAXAC,http://multimedia.bbycastatic.ca/multimedia/products/150x150/106/10602/10602675.jpeg
5,"Apple iPad Pro 9.7"" 128GB with Wi-Fi/LTE - Silver",$899.99,http://www.bestbuy.ca/en-ca/product/apple-apple-ipad-pro-9-7-128gb-with-wi-fi-lte-silver-mlq42cl-a/10415436.aspx?,MLQ42CL/A,http://multimedia.bbycastatic.ca/multimedia/products/150x150/104/10415/10415436.jpg
6,"Apple iPad Air 2 Wifi + 4G GSM Unlocked 128GB SILVER, Refurbished",$449.99,http://www.bestbuy.ca/en-ca/product/apple-ipad-air-2-wifi-4g-gsm-unlocked-128gb-silver-refurbished/11265043.aspx?,MH322LL/A,http://multimedia.bbycastatic.ca/multimedia/products/150x150/112/11265/11265043.jpg
7,"Microsoft Surface Pro 12.3"" 128GB Windows 10 Pro Tablet with 7th Gen Intel Core i5-7300U - Silver","$1,299.99",http://www.bestbuy.ca/en-ca/product/microsoft-surface-pro-12-3-128gb-windows-10-pro-tablet-with-7th-gen-intel-core-i5-7300u-silver/10737284.aspx?,FJT-00001,http://multimedia.bbycastatic.ca/multimedia/products/150x150/106/10640/10640354.jpg
8,"Apple iPad Pro 9.7"" 256GB with Wi-Fi - Space Grey",$879.99,http://www.bestbuy.ca/en-ca/product/apple-apple-ipad-pro-9-7-256gb-with-wi-fi-space-grey-mlmy2cl-a/10415427.aspx?,MLMY2CL/A,http://multimedia.bbycastatic.ca/multimedia/products/150x150/105/10558/10558699.jpeg
9,"Apple iPad 9.7"" 128GB with Wi-Fi/4G LTE - Space Grey",$749.99,http://www.bestbuy.ca/en-ca/product/apple-ipad-9-7-128gb-with-wi-fi-4g-lte-space-grey/10640375.aspx?,MP262CL/A,http://multimedia.bbycastatic.ca/multimedia/products/150x150/106/10602/10602675.jpeg
10,MICROSOFT FACTORY RECERTIFIED SURFACE BOOK TABLET / INTEL:I7-6600U/ 16GB RAM / 512GB SSD / NVIDIA-GEFORCEGPU-1GB / 1YR,"$2,949.99",http://www.bestbuy.ca/en-ca/product/microsoft-microsoft-factory-recertified-surface-book-tablet-intel-i7-6600u-16gb-ram-512gb-ssd-nvidia-geforcegpu-1gb-1yr-fgl-00001/10588775.aspx?,FGL-00001,http://multimedia.bbycastatic.ca/multimedia/products/150x150/104/10415/10415436.jpg
11,"Apple 12.9"" iPad Pro 128GB, Wi-Fi + 4G in GOLD, Refurbished",$824.99,http://www.bestbuy.ca/en-ca/product/apple-12-9-ipad-pro-128gb-wi-fi-4g-in-gold-refurbished/10733159.aspx?,ML3Q2LL/A,http://multimedia.bbycastatic.ca/multimedia/products/150x150/112/11265/11265043.jpg
12,"Samsung Galaxy Tab 7"" E Lite 8GB Android 4.4 Tablet with Spreadtrum T-Shark Quad-Core Processor-White",$149.99,http://www.bestbuy.ca/en-ca/product/samsung-samsung-galaxy-tab-7-e-lite-8gb-android-4-4-tablet-with-spreadtrum-t-shark-quad-core-processor-white-sm-t113ndwaxac/10414460.aspx?,SM-T113NDWAXAC,http://multimedia.bbycastatic.ca/multimedia/products/150x150/106/10640/10640354.jpg
13,"Polaroid 9"" 16GB Android 6.0 Tablet & Folio Keyboard With ARMv7 Processor - Peacock",$139.99,http://www.bestbuy.ca/en-ca/product/polaroid-9-16gb-android-6-0-tablet-folio-keyboard-with-armv7-processor-peacock/10751963.aspx?,P916PCK,http://multimedia.bbycastatic.ca/multimedia/products/150x150/105/10558/10558699.jpeg
14,"Rogers/Fido Alcatel Pop 7"" 8GB Android Marshmallow LTE Tablet With Quad Core Processor - Black",$149.99,http://www.bestbuy.ca/en-ca/product/rogers-fido-alcatel-pop-7-8gb-android-marshmallow-lte-tablet-with-quad-core-processor-black/10630348.aspx?,POP7GRY,http://multimedia.bbycastatic.ca/multimedia/products/150x150/106/10602/10602675.jpeg
15,"Apple iPad Pro 9.7"" 128GB with Wi-Fi/LTE - Gold",$899.99,http://www.bestbuy.ca/en-ca/product/apple-apple-ipad-pro-9-7-128gb-with-wi-fi-lte-gold-mlq52cl-a/10415437.aspx?,MLQ52CL/A,http://multimedia.bbycastatic.ca/multimedia/products/150x150/104/10415/10415436.jpg
16,"Microsoft Surface Pro 4 Tablet - 12.3"" - PixelSense - Wireless LAN - Intel Core i5 (6th Gen) i5-6300U Dual-core (2 Core) 2.40","$1,306.95",http://www.bestbuy.ca/en-ca/product/microsoft-microsoft-surface-pro-4-tablet-12-3-pixelsense-wireless-lan-intel-core-i5-6th-gen-i5-6300u-dual-core-2-core-2-40-tz6-00002/10554196.aspx?,TZ6-00002,http://multimedia.bbycastatic.ca/multimedia/products/150x150/112/11265/11265043.jpg
17,"Apple iPad 9.7"" 32GB with Wi-Fi - Gold",$449.99,http://www.bestbuy.ca/en-ca/product/apple-ipad-9-7-32gb-with-wi-fi-gold/10640359.aspx?,MPGT2CL/A,http://multimedia.bbycastatic.ca/multimedia/products/150x150/106/10640/10640354.jpg
18,"Apple iPad Pro 10.5"" 512GB with Wi-Fi - Space Grey","$1,259.99",http://www.bestbuy.ca/en-ca/product/apple-ipad-pro-10-5-512gb-with-wi-fi-space-grey/10750299.aspx?,MPGH2CL/A,http://multimedia.bbycastatic.ca/multimedia/products/150x150/105/10558/10558699.jpeg
19,"Samsung Galaxy Tab S2 8.0"" 32GB Android 6.0 Marshmallow Tablet - Black",$399.99,http://www.bestbuy.ca/en-ca/product/samsung-samsung-galaxy-tab-s2-8-0-32gb-android-6-0-marshmallow-tablet-w-exynos-5433-8-core-processor-black-sm-t713nzkexac/10424756.aspx?,SM-T713NZKEXAC,http://multimedia.bbycastatic.ca/multimedia/products/150x150/106/10602/10602675.jpeg
20,"Ematic EGQ178 8 GB Tablet - 7.9"" - Wireless LAN - Quad-core (4 Core) 1.20 GHz - Black",$117.95,http://www.bestbuy.ca/en-ca/product/ematic-ematic-egq178-8-gb-tablet-7-9-wireless-lan-quad-core-4-core-1-20-ghz-black-egq178bl/10504087.aspx?,EGQ178BL,http://multimedia.bbycastatic.ca/multimedia/products/150x150/104/10415/10415436.jpg
21,"iPad 3 Wifi Only Third Generation 64gb Black, Refurbished",$279.99,http://www.bestbuy.ca/en-ca/product/ipad-3-wifi-only-third-generation-64gb-black-refurbished/11357102.aspx?,MD335LL/A,http://multimedia.bbycastatic.ca/multimedia/products/150x150/112/11265/11265043.jpg
22,"Microsoft Surface Pro 12.3"" 256GB Windows 10 Pro Tablet with 7th Gen Intel Core i5-7300U - Silver","$1,649.99",http://www.bestbuy.ca/en-ca/product/microsoft-surface-pro-12-3-256gb-windows-10-pro-tablet-with-7th-gen-intel-core-i5-7300u-silver/10737283.aspx?,FJX-00001,http://multimedia.bbycastatic.ca/multimedia/products/150x150/106/10640/10640354.jpg
23,RCA RCT6773W22 7-INCH 4.4 KITKAT QUAD CORE ANDROID TABLET - REFURBISHED,$79.99,http://www.bestbuy.ca/en-ca/product/rca-rct6773w22-7-inch-4-4-kitkat-quad-core-android-tablet-refurbished/10758617.aspx?,RCT6773W22,http://multimedia.bbycastatic.ca/multimedia/products/150x150/105/10558/10558699.jpeg
24,"Polaroid 10"" 16GB Android 6.0 Tablet & Folio Keyboard With Intel Atom X3 Processor - Magenta",$179.99,http://www.bestbuy.ca/en-ca/product/polaroid-10-16gb-android-6-0-tablet-folio-keyboard-with-intel-atom-x3-processor-magenta/10751967.aspx?,Q1010MGT,http://multimedia.bbycastatic.ca/multimedia/products/150x150/106/10602/10602675.jpeg
25,"Apple iPad Pro 9.7"" 32GB with Wi-Fi - Rose Gold - Open Box",$779.99,http://www.bestbuy.ca/en-ca/product/apple-apple-ipad-pro-9-7-32gb-with-wi-fi-rose-gold-open-box-mm172cl-a/10562791.aspx?,MM172CL/A,http://multimedia.bbycastatic.ca/multimedia/products/150x150/104/10415/10415436.jpg
26,"Apple 12.9"" iPad Pro 256GB, Wi-Fi + 4G LTE in Gold, Refurbished",$884.99,http://www.bestbuy.ca/en-ca/product/apple-12-9-ipad-pro-256gb-wi-fi-4g-lte-in-gold-refurbished/11265047.aspx?,ML3Z2LL/A,http://multimedia.bbycastatic.ca/multimedia/products/150x150/112/11265/11265043.jpg
27,"Apple iPad 9.7"" 128GB with Wi-Fi - Space Grey",$579.99,http://www.bestbuy.ca/en-ca/product/apple-ipad-9-7-128gb-with-wi-fi-space-grey/10640377.aspx?,MP2H2CL/A,http://multimedia.bbycastatic.ca/multimedia/products/150x150/106/10640/10640354.jpg
28,"Apple 9.7"" iPad Pro 32GB, Wi-Fi + 4G LTE in Rose, Refurbished",$774.99,http://www.bestbuy.ca/en-ca/product/apple-9-7-ipad-pro-32gb-wi-fi-4g-lte-in-rose-refurbished/10733157.aspx?,MLYJ2LL/A,http://multimedia.bbycastatic.ca/multimedia/products/150x150/105/10558/10558699.jpeg
29,"Asus ZenPad 8.0 Z380M-A2-GR 16GB Tablet - 8"" - (IPS) - MediaTek Cortex A53 MT8163 Quad-core (4 Core) 1.30 GHz - Dark Gray",$209.99,http://www.bestbuy.ca/en-ca/product/asus-asus-zenpad-8-0-z380m-a2-gr-16gb-tablet-8-ips-mediatek-cortex-a53-mt8163-quad-core-4-core-1-30-ghz-dark-gray-z380m-a2-gr/10554257.aspx?,Z380M-A2-GR,http://multimedia.bbycastatic.ca/multimedia/products/150x150/106/10602/10602675.jpeg
30,"Apple iPad Pro 10.5"" 512GB with Wi-Fi & 4G LTE - Gold","$1,429.99",http://www.bestbuy.ca/en-ca/product/apple-ipad-pro-10-5-512gb-with-wi-fi-4g-lte-gold/10750309.aspx?,MPMG2CL/A,http://multimedia.bbycastatic.ca/multimedia/products/150x150/104/10415/10415436.jpg
31,Apple iPad Mini 3 Wifi Only 3rd Generation 16gb Gray REFURBISHED,$389.99,http://www.bestbuy.ca/en-ca/product/apple-apple-ipad-mini-3-wifi-only-3rd-generation-16gb-gray-refurbished-3a132ll-a/10585023.aspx?,3A132LL/A,http://multimedia.bbycastatic.ca/multimedia/products/150x150/112/11265/11265043.jpg
32,"Lenovo Tab 10.1"" 16GB Android 6.0 Tablet w/ Qualcomm Snapdragon Quad-Core Processor-Slate Black",$159.97,http://www.bestbuy.ca/en-ca/product/lenovo-lenovo-tab-10-1-16gb-android-6-0-tablet-w-qualcomm-snapdragon-quad-core-processor-slate-black-za1u0003us/10586898.aspx?,ZA1U0003US,http://multimedia.bbycastatic.ca/multimedia/products/150x150/106/10640/10640354.jpg
33,"iPad 4 Wifi Only Unlocked Retina Display 9.7 in 4th Generation 16GB White, Refurbished",$274.99,http://www.bestbuy.ca/en-ca/product/ipad-4-wifi-only-unlocked-retina-display-9-7-in-4th-generation-16gb-white-refurbished/10731934.aspx?,MD513LL/A,http://multimedia.bbycastatic.ca/multimedia/products/150x150/105/10558/10558699.jpeg
34,"Apple iPad Pro 12.9"" 64GB with Wi-Fi - Space Grey","$1,049.99",http://www.bestbuy.ca/en-ca/product/apple-ipad-pro-12-9-64gb-with-wi-fi-space-grey/10750289.aspx?,MQDA2CL/A,http://multimedia.bbycastatic.ca/multimedia/products/150x150/106/10602/10602675.jpeg
35,"Apple iPad Air 1st Generation Wifi + 4G Cellular Unlocked 16gb Silver, Refurbished",$329.99,http://www.bestbuy.ca/en-ca/product/apple-apple-ipad-air-1st-generation-wifi-4g-cellular-unlocked-16gb-silver-refurbished-md794b-a/10585182.aspx?,MD794B/A,http://multimedia.bbycastatic.ca/multimedia/products/150x150/104/10415/10415436.jpg
36,"Apple iPad Pro 9.7"" 32GB with Wi-Fi/LTE - Rose Gold - Open Box",$969.99,http://www.bestbuy.ca/en-ca/product/apple-apple-ipad-pro-9-7-32gb-with-wi-fi-lte-rose-gold-open-box-mlyj2cl-a/10562789.aspx?,MLYJ2CL/A,http://multimedia.bbycastatic.ca/multimedia/products/150x150/112/11265/11265043.jpg
37,"Asus ZenPad 10 Z300M-A2-GR 16GB Tablet - 10.1"" - In-plane Switching (IPS) Technology, Tru2Life, TruVivid Technology - Wireless",$279.99,http://www.bestbuy.ca/en-ca/product/asus-asus-zenpad-10-z300m-a2-gr-16gb-tablet-10-1-in-plane-switching-ips-technology-tru2life-truvivid-technology-wireless-z300m-a2-gr/10554258.aspx?,Z300M-A2-GR,http://multimedia.bbycastatic.ca/multimedia/products/150x150/106/10640/10640354.jpg
38,"Polaroid 10"" 16GB Android 6.0 Tablet & Keyboard With Intel Atom X3 64-bit quad core Processor - Teal",$179.99,http://www.bestbuy.ca/en-ca/product/polaroid-10-16gb-android-6-0-tablet-keyboard-with-intel-atom-x3-64-bit-quad-core-processor-teal/10751971.aspx?,Q1010TL,http://multimedia.bbycastatic.ca/multimedia/products/150x150/105/10558/10558699.jpeg
39,Ematic EWT826 32GB Net-tablet PC - 8 inch - In-plane Switching (IPS) Technology - Wireless LAN - Intel Atom Quad-core (4 Core),$169.99,http://www.bestbuy.ca/en-ca/product/ematic-ematic-ewt826-32gb-net-tablet-pc-8-quot-in-plane-switching-ips-technology-wireless-lan-intel-atom-quad-core-4-core-ewt826bk/10448657.aspx?,EWT826BK,http://multimedia.bbycastatic.ca/multimedia/products/150x150/106/10602/10602675.jpeg
40,Datawind Ubislate NS10 High Definition 10 inch 16GB Android Tablet computer with Dual camera,$175.99,http://www.bestbuy.ca/en-ca/product/datawind-datawind-ubislate-ns10-high-definition-10-inch-16gb-android-tablet-computer-with-dual-camera-ubislate-ns10/10574970.aspx?,Ubislate NS10,http://multimedia.bbycastatic.ca/multimedia/products/150x150/104/10415/10415436.jpg
41,"Apple iPad Pro 9.7"" 32GB with Wi-Fi/LTE - Space Grey - Open Box",$969.95,http://www.bestbuy.ca/en-ca/product/apple-apple-ipad-pro-9-7-32gb-with-wi-fi-lte-space-grey-open-box-mlpw2cl-a/10544086.aspx?,MLPW2CL/A,http://multimedia.bbycastatic.ca/multimedia/products/150x150/112/11265/11265043.jpg
42,"Samsung Galaxy Tab A 10.1"" 16GB Android 6.0 Tablet - Black",$349.99,http://www.bestbuy.ca/en-ca/product/samsung-samsung-galaxy-tab-a-10-1-16gb-android-6-0-tablet-black-sm-t580nzkaxac/10450218.aspx?,SM-T580NZKAXAC,http://multimedia.bbycastatic.ca/multimedia/products/150x150/106/10640/10640354.jpg
43,"Polaroid 9"" 16GB Android 6.0 Tablet & Folio Keyboard With ARMv7 Processor - Black",$139.99,http://www.bestbuy.ca/en-ca/product/polaroid-9-16gb-android-6-0-tablet-folio-keyboard-with-armv7-processor-black/10751965.aspx?,P916BK,http://multimedia.bbycastatic.ca/multimedia/products/150x150/105/10558/10558699.jpeg
44,"Apple iPad Pro 10.5"" 256GB with Wi-Fi & 4G LTE - Space Grey","$1,169.99",http://www.bestbuy.ca/en-ca/product/apple-ipad-pro-10-5-256gb-with-wi-fi-4g-lte-space-grey/10750303.aspx?,MPHG2CL/A,http://multimedia.bbycastatic.ca/multimedia/products/150x150/106/10602/10602675.jpeg
45,"Apple iPad Pro 12.9"" 256GB with Wi-Fi & 4G LTE - Gold","$1,349.99",http://www.bestbuy.ca/en-ca/product/apple-ipad-pro-12-9-256gb-with-wi-fi-4g-lte-gold/10750325.aspx?,MPA62CL/A,http://multimedia.bbycastatic.ca/multimedia/products/150x150/104/10415/10415436.jpg
46,"iPad 3 Wifi Only Third Generation 32gb White, Refurbished",$269.99,http://www.bestbuy.ca/en-ca/product/ipad-3-wifi-only-third-generation-32gb-white-refurbished/11357101.aspx?,MD329LL/A,http://multimedia.bbycastatic.ca/multimedia/products/150x150/112/11265/11265043.jpg
47,"Microsoft Surface Pro 12.3"" 128GB Windows 10 Pro Tablet with 7th Gen Intel Core m3-7Y30 - Silver","$1,049.99",http://www.bestbuy.ca/en-ca/product/microsoft-surface-pro-12-3-128gb-windows-10-pro-tablet-with-7th-gen-intel-core-m3-7y30-silver/10737285.aspx?,FJR-00001,http://multimedia.bbycastatic.ca/multimedia/products/150x150/106/10640/10640354.jpg
48,"Apple iPad Pro 10.5"" 256GB with Wi-Fi & 4G LTE - Gold","$1,169.99",http://www.bestbuy.ca/en-ca/product/apple-ipad-pro-10-5-256gb-with-wi-fi-4g-lte-gold/10750305.aspx?,MPHJ2CL/A,http://multimedia.bbycastatic.ca/multimedia/products/150x150/105/10558/10558699.jpeg
49,"Apple iPad Pro 9.7"" 32GB with Wi-Fi - Space Grey",$689.99,http://www.bestbuy.ca/en-ca/product/apple-apple-ipad-pro-9-7-32gb-with-wi-fi-space-grey-mlmn2cl-a/10415419.aspx?,MLMN2CL/A,http://multimedia.bbycastatic.ca/multimedia/products/150x150/106/10602/10602675.jpeg
50,"Ematic EGQ223SKBU 16GB Tablet - 10"" - Wireless LAN Quad-core (4 Core) 1.20 GHz - Blue",$134.95,http://www.bestbuy.ca/en-ca/product/ematic-ematic-egq223skbu-16gb-tablet-10-wireless-lan-quad-core-4-core-1-20-ghz-blue-egq223skbu/10554262.aspx?,EGQ223SKBU,http://multimedia.bbycastatic.ca/multimedia/products/150x150/104/10415/10415436.jpg
51,Apple iPad Air 1st Generation Wifi + 4G Cellular Unlocked 16gb Gray REFURBISHED,$339.99,http://www.bestbuy.ca/en-ca/product/apple-apple-ipad-air-1st-generation-wifi-4g-cellular-unlocked-16gb-gray-refurbished-me993ll-a/10585183.aspx?,ME993LL/A,http://multimedia.bbycastatic.ca/multimedia/products/150x150/112/11265/11265043.jpg
52,"Apple iPad Pro 10.5"" 64GB with Wi-Fi - Space Grey",$869.99,http://www.bestbuy.ca/en-ca/product/apple-ipad-pro-10-5-64gb-with-wi-fi-space-grey/10750311.aspx?,MQDT2CL/A,http://multimedia.bbycastatic.ca/multimedia/products/150x150/106/10640/10640354.jpg
53,"iPad Wifi ONLY First Generation 16gb Silver, Refurbished",$149.99,http://www.bestbuy.ca/en-ca/product/apple-apple-ipad-first-generation-wifi-only-16gb-black-refurbished-mc820ll-a/10585758.aspx?,MB292LL/A,http://multimedia.bbycastatic.ca/multimedia/products/150x150/105/10558/10558699.jpeg
54,"Apple iPad 9.7"" 128GB with Wi-Fi - Silver",$579.99,http://www.bestbuy.ca/en-ca/product/apple-ipad-9-7-128gb-with-wi-fi-silver/10640355.aspx?,MP2J2CL/A,http://multimedia.bbycastatic.ca/multimedia/products/150x150/106/10602/10602675.jpeg
55,"Apple iPad Pro 9.7"" 128GB with Wi-Fi - Space Grey - Open Box",$859.95,http://www.bestbuy.ca/en-ca/product/apple-apple-ipad-pro-9-7-128gb-with-wi-fi-space-grey-open-box-mlmv2cl-a/10546335.aspx?,MLMV2CL/A,http://multimedia.bbycastatic.ca/multimedia/products/150x150/104/10415/10415436.jpg
56,"Brand new in original packaging iPad 5th Generation 32GB, Wi-Fi + Cellular, 9.7Inch - Gold",$439.99,http://www.bestbuy.ca/en-ca/product/brand-new-in-original-packaging-ipad-5th-generation-32gb-wi-fi-cellular-9-7inch-gold/11357128.aspx?,MPGA2LL/A,http://multimedia.bbycastatic.ca/multimedia/products/150x150/112/11265/11265043.jpg
57,"Apple iPad Mini 2 Wifi+4G GSM Unlocked 2nd Generation 7.9 inches 32gb Gray, Refurbished",$354.99,http://www.bestbuy.ca/en-ca/product/apple-ipad-mini-2-wifi4g-gsm-unlocked-2nd-generation-7-9-inches-32gb-gray-refurbished/10630625.aspx?,FJ0U2AM/A,http://multimedia.bbycastatic.ca/multimedia/products/150x150/106/10640/10640354.jpg
58,"Polaroid 10"" 16GB Android 6.0 Tablet & Keyboard With Intel Atom X3 Processor - Blue",$179.99,http://www.bestbuy.ca/en-ca/product/polaroid-10-16gb-android-6-0-tablet-keyboard-with-intel-atom-x3-processor-blue/10751970.aspx?,Q1010RYBL,http://multimedia.bbycastatic.ca/multimedia/products/150x150/105/10558/10558699.jpeg
59,Apple iPad mini 4 128GB With Wi-Fi - Gold,$549.99,http://www.bestbuy.ca/en-ca/product/apple-apple-ipad-mini-4-128gb-with-wi-fi-gold-mk9q2cl-a/10389499.aspx?,MK9Q2CL/A,http://multimedia.bbycastatic.ca/multimedia/products/150x150/106/10602/10602675.jpeg
60,"Apple iPad Pro 9.7"" 256GB with Wi-Fi/LTE - Silver",$999.99,http://www.bestbuy.ca/en-ca/product/apple-apple-ipad-pro-9-7-256gb-with-wi-fi-lte-silver-mlq72cl-a/10415440.aspx?,MLQ72CL/A,http://multimedia.bbycastatic.ca/multimedia/products/150x150/104/10415/10415436.jpg
61,"Apple iPad Mini 2 Wifi+4G GSM Unlocked 2nd Generation 7.9 inches 64gb Silver, Refurbished",$369.99,http://www.bestbuy.ca/en-ca/product/apple-ipad-mini-2-wifi4g-gsm-unlocked-2nd-generation-7-9-inches-64gb-silver-refurbished/10660726.aspx?,Mini 2 wifi cell,http://multimedia.bbycastatic.ca/multimedia/products/150x150/112/11265/11265043.jpg
62,"Samsung Galaxy Tab E 9.6"" 16GB Android 5.0 Lollipop Tablet - White",$249.99,http://www.bestbuy.ca/en-ca/product/samsung-samsung-galaxy-tab-e-9-6-16gb-android-5-0-lollipop-tablet-white-sm-t560nzwuxac/10391588.aspx?,SM-T560NZWUXAC,http://multimedia.bbycastatic.ca/multimedia/products/150x150/106/10640/10640354.jpg
63,Apple iPad mini 4 32GB with Wi-Fi - Gold - Open Box,$369.97,http://www.bestbuy.ca/en-ca/product/apple-apple-ipad-mini-4-32gb-with-wi-fi-gold-open-box-mny32cl-a/10585001.aspx?,MNY32CL/A,http://multimedia.bbycastatic.ca/multimedia/products/150x150/105/10558/10558699.jpeg
64,"Lenovo Tab3 10 Business ZA0X0018US 32GB Tablet - 10.1"" - In-plane Switching (IPS) Technology - Wireless LAN - MediaTek Cortex",$384.95,http://www.bestbuy.ca/en-ca/product/lenovo-lenovo-tab3-10-business-za0x0018us-32gb-tablet-10-1-in-plane-switching-ips-technology-wireless-lan-mediatek-cortex-za0x0018us/10554260.aspx?,ZA0X0018US,http://multimedia.bbycastatic.ca/multimedia/products/150x150/106/10602/10602675.jpeg
65,"Ematic EGQ223SKPR 16GB Tablet - 10"" - Wireless LAN Quad-core (4 Core) 1.20 GHz - Purple/Pink",$134.95,http://www.bestbuy.ca/en-ca/product/ematic-ematic-egq223skpr-16gb-tablet-10-wireless-lan-quad-core-4-core-1-20-ghz-purple-pink-egq223skpr/10504096.aspx?,EGQ223SKPR,http://multimedia.bbycastatic.ca/multimedia/products/150x150/104/10415/10415436.jpg
66,"Apple 12.9"" iPad Pro 256GB, Wi-Fi + 4G LTE in Silver, Refurbished",$884.99,http://www.bestbuy.ca/en-ca/product/apple-12-9-ipad-pro-256gb-wi-fi-4g-lte-in-silver-refurbished/11265048.aspx?,ML3W2LL/A,http://multimedia.bbycastatic.ca/multimedia/products/150x150/112/11265/11265043.jpg
67,"Samsung Galaxy Tab A 8"" 16GB Android 5.0 Lollipop Tablet - Titanium",$279.99,http://www.bestbuy.ca/en-ca/product/samsung-samsung-galaxy-tab-a-8-16gb-android-5-0-lollipop-tablet-titanium-sm-t350nzaaxac/10369795.aspx?,SM-T350NZAAXAC,http://multimedia.bbycastatic.ca/multimedia/products/150x150/106/10640/10640354.jpg
68,Apple iPad Air 2 32GB with Wi-Fi - Gold - Open Box,$478.97,http://www.bestbuy.ca/en-ca/product/apple-apple-ipad-air-2-32gb-with-wi-fi-gold-open-box-mnv72cl-a/10585006.aspx?,MNV72CL/A,http://multimedia.bbycastatic.ca/multimedia/products/150x150/105/10558/10558699.jpeg
69,"iPad 3 Wifi + Cellular 4G GSM Unlocked Third Generation 32gb Black, Refurbished",$319.99,http://www.bestbuy.ca/en-ca/product/apple-ipad-3-wifi-cellular-4g-gsm-unlocked-third-generation-32gb-black-refurbished-md367ll-a/10593475.aspx?,MD367LL/A,http://multimedia.bbycastatic.ca/multimedia/products/150x150/106/10602/10602675.jpeg
70,"Apple iPad Pro 12.9"" 512GB with Wi-Fi - Gold","$1,439.99",http://www.bestbuy.ca/en-ca/product/apple-ipad-pro-12-9-512gb-with-wi-fi-gold/10750292.aspx?,MPL12CL/A,http://multimedia.bbycastatic.ca/multimedia/products/150x150/104/10415/10415436.jpg
71,"Apple iPad Mini 2 Wifi Only 2nd Generation 7.9 inches 64gb Gray, Refurbished",$389.99,http://www.bestbuy.ca/en-ca/product/apple-ipad-mini-2-wifi-only-2nd-generation-7-9-inches-64gb-gray-refurbished/11264695.aspx?,ME278LL/A,http://multimedia.bbycastatic.ca/multimedia/products/150x150/112/11265/11265043.jpg
72,Edugear Onebook EAS23 11.6 Touch Bluetooth Intel i3-4102Y 4GB 128GB SSD webcam Windows 10 - Brand New,$189.99,http://www.bestbuy.ca/en-ca/product/edugear-onebook-eas23-11-6-touch-bluetooth-intel-i3-4102y-4gb-128gb-ssd-webcam-windows-10-brand-new/10605519.aspx?,Onebook EAS23,http://multimedia.bbycastatic.ca/multimedia/products/150x150/106/10640/10640354.jpg
73,"Apple iPad Pro 10.5"" 64GB with Wi-Fi & 4G LTE - Silver","$1,039.99",http://www.bestbuy.ca/en-ca/product/apple-ipad-pro-10-5-64gb-with-wi-fi-4g-lte-silver/10750316.aspx?,MQF02CL/A,http://multimedia.bbycastatic.ca/multimedia/products/150x150/105/10558/10558699.jpeg
74,Apple iPad Air 2 32GB with Wi-Fi + Cellular - Gold,$499.95,http://www.bestbuy.ca/en-ca/product/apple-apple-ipad-air-2-32gb-with-wi-fi-cellular-gold-mnvr2cl-a/10487829.aspx?,MNVR2CL/A,http://multimedia.bbycastatic.ca/multimedia/products/150x150/106/10602/10602675.jpeg
75,SP4 128GB I5 4GB COMMER EDU BUNDLE ENG,"$1,302.95",http://www.bestbuy.ca/en-ca/product/microsoft-sp4-128gb-i5-4gb-commer-edu-bundle-eng-tz6-00001/10536862.aspx?,TZ6-00001,http://multimedia.bbycastatic.ca/multimedia/products/150x150/104/10415/10415436.jpg
76,"Apple iPad Mini 2 Wifi Only 2nd Generation 7.9 inches 32gb Gray, Refurbished",$369.99,http://www.bestbuy.ca/en-ca/product/apple-ipad-mini-2-wifi-only-2nd-generation-7-9-inches-32gb-gray-refurbished/11264694.aspx?,ME277LL/A,http://multimedia.bbycastatic.ca/multimedia/products/150x150/112/11265/11265043.jpg
77,"Samsung Galaxy Tab S2 9.7"" 32GB Android 6.0 Marshmallow Tablet - Gold",$499.99,http://www.bestbuy.ca/en-ca/product/samsung-samsung-galaxy-tab-s2-9-7-32gb-android-6-0-marshmallow-tablet-w-exynos-5433-8-core-processor-gold-sm-t813nzdexac/10424755.aspx?,SM-T813NZDEXAC,http://multimedia.bbycastatic.ca/multimedia/products/150x150/106/10640/10640354.jpg
78,"FILLA Prism MII Tablet, 10.1"" Display, Intel Baytrail Quad, 2GB RAM, 64GB eMMC Flash Storage, Windows 10 Home",$299.00,http://www.bestbuy.ca/en-ca/product/filla-filla-prism-mii-tablet-10-1-display-intel-baytrail-quad-1-3ghz-2gb-ram-64-gb-emmc-flash-storage-windows-10-home-prism-mii/10546471.aspx?,Prism MII,http://multimedia.bbycastatic.ca/multimedia/products/150x150/105/10558/10558699.jpeg
79,"Apple iPad Air One 9.7"" 32GB with Wi-Fi + Cellular, White/Silver, Refurbished, English (MF529LL/A)",$399.99,http://www.bestbuy.ca/en-ca/product/apple-ipad-air-one-9-7-32gb-with-wi-fi-cellular-white-silver-refurbished-english-mf529ll-a/10752604.aspx?,MF529LL/A,http://multimedia.bbycastatic.ca/multimedia/products/150x150/106/10602/10602675.jpeg
80,Apple iPad mini 4 128GB With Wi-Fi & 3G/4G/4G LTE - Gold,$719.99,http://www.bestbuy.ca/en-ca/product/apple-apple-ipad-mini-4-128gb-with-wi-fi-3g-4g-4g-lte-gold-mk782cl-a/10389508.aspx?,MK782CL/A,http://multimedia.bbycastatic.ca/multimedia/products/150x150/104/10415/10415436.jpg
81,"Microsoft Surface Pro 4 Tablet - 12.3"" 3:2 Multi-touch Screen - 2736 x 1824 - PixelSense - Intel Core M (6th Gen) m3-6Y30","$1,286.95",http://www.bestbuy.ca/en-ca/product/microsoft-microsoft-surface-pro-4-tablet-12-3-3-2-multi-touch-screen-2736-x-1824-pixelsense-intel-core-m-6th-gen-m3-6y30-tz5-00001/10562093.aspx?,TZ5-00001,http://multimedia.bbycastatic.ca/multimedia/products/150x150/112/11265/11265043.jpg
82,"Acer Iconia One 10.1"" 16GB Android 6.0 Tablet with MT8163 Quad-Core Processor - White",$199.99,http://www.bestbuy.ca/en-ca/product/acer-acer-iconia-one-10-1-16gb-android-6-0-tablet-with-mt8163-quad-core-processor-white-b3-a30-k94f/10450521.aspx?,B3-A30-K94F,http://multimedia.bbycastatic.ca/multimedia/products/150x150/106/10640/10640354.jpg
83,"Apple iPad Pro 12.9"" 512GB with Wi-Fi & 4G LTE - Gold","$1,609.99",http://www.bestbuy.ca/en-ca/product/apple-ipad-pro-12-9-512gb-with-wi-fi-4g-lte-gold/10750323.aspx?,MPLL2CL/A,http://multimedia.bbycastatic.ca/multimedia/products/150x150/105/10558/10558699.jpeg
84,"Lenovo Tab3 8"" 16GB Android 6.0 Tablet with MediaTek Quad-Core Processor - Denim Black - Open Box",$149.95,http://www.bestbuy.ca/en-ca/product/lenovo-lenovo-tab3-8-16gb-android-6-0-tablet-with-mediatek-quad-core-processor-denim-black-open-box-za170001us/10525369.aspx?,ZA170001US,http://multimedia.bbycastatic.ca/multimedia/products/150x150/106/10602/10602675.jpeg
85,"Visual Land Premier 9 8.9"" 32GB Windows 10 Tablet & Keyboard - Black",$209.98,http://www.bestbuy.ca/en-ca/product/visual-land-visual-land-premier-9-8-9-32gb-windows-10-tablet-keyboard-black-me9w32gbblk/10407991.aspx?,ME9W32GBBLK,http://multimedia.bbycastatic.ca/multimedia/products/150x150/104/10415/10415436.jpg
86,"Microsoft Surface Pro 4 Tablet - 12.3"" - PixelSense - Wireless LAN - Intel Core M m3-6Y30 Dual-core (2 Core) 900MHz - Silver","$1,308.95",http://www.bestbuy.ca/en-ca/product/microsoft-microsoft-surface-pro-4-tablet-12-3-pixelsense-wireless-lan-intel-core-m-m3-6y30-dual-core-2-core-900mhz-silver-tz5-00002/10554195.aspx?,TZ5-00002,http://multimedia.bbycastatic.ca/multimedia/products/150x150/112/11265/11265043.jpg
87,"iPad 2 WIFI only Second Generation 16gb Black, Refurbished",$169.99,http://www.bestbuy.ca/en-ca/product/apple-ipad-2-wifi-only-second-generation-16gb-black-refurbished-mc769ll-a/10592417.aspx?,MC769LL/A,http://multimedia.bbycastatic.ca/multimedia/products/150x150/106/10640/10640354.jpg
88,MICROSOFT FACTORY RECERTIFIED SURFACE PRO-4 TABLET / INTEL:I7-6650U / 16GB RAM/ 512GB SSD / INTEL-IRIS540 / 1YR,"$2,099.99",http://www.bestbuy.ca/en-ca/product/microsoft-microsoft-factory-recertified-surface-pro-4-tablet-intel-i7-6650u-16gb-ram-512gb-ssd-intel-iris540-1yr-fgg-00001/10588765.aspx?,FGG-00001,http://multimedia.bbycastatic.ca/multimedia/products/150x150/105/10558/10558699.jpeg
89,"Samsung Galaxy Tab A 10.1"" 16GB Android 6.0 Tablet - Black - Open Box",$369.99,http://www.bestbuy.ca/en-ca/product/samsung-samsung-galaxy-tab-a-10-1-16gb-android-6-0-tablet-black-open-box-sm-t580nzkaxac/10562824.aspx?,SM-T580NZKAXAC,http://multimedia.bbycastatic.ca/multimedia/products/150x150/106/10602/10602675.jpeg
90,"Apple iPad mini Wi-Fi Only 1st Generation 32gb White, Refurbished",$199.99,http://www.bestbuy.ca/en-ca/product/apple-ipad-mini-wi-fi-only-1st-generation-32gb-white-refurbished/11264691.aspx?,MD532LL/A,http://multimedia.bbycastatic.ca/multimedia/products/150x150/104/10415/10415436.jpg
91,"Microsoft Surface Book - 13.5"" Touchscreen, Core i5, 8GB, 256GB, Windows 10 Pro - French","$2,344.95",http://www.bestbuy.ca/en-ca/product/microsoft-microsoft-surface-book-13-5-touchscreen-core-i5-8gb-256gb-windows-10-pro-french-tp4-00009/10504094.aspx?,TP4-00009,http://multimedia.bbycastatic.ca/multimedia/products/150x150/112/11265/11265043.jpg
92,"Lenovo Yoga Tab 3 8"" 16GB Android 5.1 Tablet with Qualcomm Sandragon 210 Processor- Slate Black",$229.99,http://www.bestbuy.ca/en-ca/product/lenovo-yoga-tab-3-8-16gb-android-5-1-tablet-with-qualcomm-sandragon-210-processor-slate-black/10638771.aspx?,ZA090094US,http://multimedia.bbycastatic.ca/multimedia/products/150x150/106/10640/10640354.jpg
93,"Apple iPad Pro 12.9"" 256GB with Wi-Fi - Gold","$1,049.99",http://www.bestbuy.ca/en-ca/product/apple-apple-ipad-pro-12-9-256gb-with-wi-fi-gold-ml0v2cl-a/10415445.aspx?,ML0V2CL/A,http://multimedia.bbycastatic.ca/multimedia/products/150x150/105/10558/10558699.jpeg
94,"Apple iPad 9.7"" 32GB with Wi-Fi/4G LTE - Space Grey",$619.99,http://www.bestbuy.ca/en-ca/product/apple-ipad-9-7-32gb-with-wi-fi-4g-lte-space-grey/10640373.aspx?,MP1J2CL/A,http://multimedia.bbycastatic.ca/multimedia/products/150x150/106/10602/10602675.jpeg
95,"Apple iPad Mini 4 Wifi only Fourth Gen 16GB Gold, Refurbished",$479.99,http://www.bestbuy.ca/en-ca/product/apple-apple-ipad-mini-4-wifi-only-fourth-gen-16gb-gold-refurbished-mk6l2ll-a/10602670.aspx?,MK6L2LL/A,http://multimedia.bbycastatic.ca/multimedia/products/150x150/104/10415/10415436.jpg
96,"Apple iPad Air 1st Generation Wifi + 4G Cellular Unlocked 128gb Gray, Refurbished",$359.99,http://www.bestbuy.ca/en-ca/product/apple-ipad-air-1st-generation-wifi-4g-cellular-unlocked-128gb-gray-refurbished/11357106.aspx?,MF016LL/A,http://multimedia.bbycastatic.ca/multimedia/products/150x150/112/11265/11265043.jpg
97,"Samsung Galaxy Tab S2 8.0"" 32GB Android 6.0 Marshmallow Tablet - Gold",$399.99,http://www.bestbuy.ca/en-ca/product/samsung-samsung-galaxy-tab-s2-8-0-32gb-android-6-0-marshmallow-tablet-w-exynos-5433-8-core-processor-gold-sm-t713nzdexac/10424757.aspx?,SM-T713NZDEXAC,http://multimedia.bbycastatic.ca/multimedia/products/150x150/106/10640/10640354.jpg
98,"Apple iPad Pro 12.9"" 64GB with Wi-Fi & 4G LTE - Space Grey","$1,219.99",http://www.bestbuy.ca/en-ca/product/apple-ipad-pro-12-9-64gb-with-wi-fi-4g-lte-space-grey/10750286.aspx?,MQED2CL/A,http://multimedia.bbycastatic.ca/multimedia/products/150x150/105/10558/10558699.jpeg
99,"Lenovo Tab 3 10 Plus 10.1"" 16GB Android 6.0 Tablet with MediaTek 8161 Quad-Core Processor - Black",$299.99,http://www.bestbuy.ca/en-ca/product/lenovo-tab-3-10-plus-10-1-16gb-android-6-0-tablet-with-mediatek-8161-quad-core-processor-black/10638772.aspx?,ZA0X0047US,http://multimedia.bbycastatic.ca/multimedia/products/150x150/106/10602/10602675.jpeg
100,MICROSOFT FACTORY RECERTIFIED SURFACE BOOK DETACHABLE TABLET / INTEL:I5-6300U / 8GB RAM / 128GB SSD / INTEL-HD520 / 1YR,"$1,629.99",http://www.bestbuy.ca/en-ca/product/microsoft-microsoft-factory-recertified-surface-book-detachable-tablet-intel-i5-6300u-8gb-ram-128gb-ssd-intel-hd520-1yr-fgh-00001/10588766.aspx?,FGH-00001,http://multimedia.bbycastatic.ca/multimedia/products/150x150/104/10415/10415436.jpg
101,"Apple iPad Mini 4 Wifi only Fourth Gen 16GB Silver, Refurbished",$479.99,http://www.bestbuy.ca/en-ca/product/apple-ipad-mini-4-wifi-only-fourth-gen-16gb-silver-refurbished/11357112.aspx?,MK6K2LL/A,http://multimedia.bbycastatic.ca/multimedia/products/150x150/112/11265/11265043.jpg
102,Apple iPad 4 16GB 9.7 inch Retina Display - Black - Refurbished,$349.00,http://www.bestbuy.ca/en-ca/product/apple-apple-ipad-4-16gb-9-7-inch-retina-display-black-refurbished-a1458/10544113.aspx?,A1458,http://multimedia.bbycastatic.ca/multimedia/products/150x150/106/10640/10640354.jpg
103,"Apple 9.7"" iPad Pro 32GB, Wi-Fi + 4G LTE in Gray , Refurbished",$749.99,http://www.bestbuy.ca/en-ca/product/apple-9-7-ipad-pro-32gb-wi-fi-4g-lte-in-gray-refurbished/10733156.aspx?,MLPW2LL/A,http://multimedia.bbycastatic.ca/multimedia/products/150x150/105/10558/10558699.jpeg
104,"Apple iPad Pro 12.9"" 128GB With Wi-Fi - Gold",$969.99,http://www.bestbuy.ca/en-ca/product/apple-apple-ipad-pro-12-9-128gb-with-wi-fi-gold-ml0r2cl-a/10397275.aspx?,ML0R2CL/A,http://multimedia.bbycastatic.ca/multimedia/products/150x150/106/10602/10602675.jpeg
105,"Apple iPad Pro 9.7"" 256GB with Wi-Fi/LTE - Rose Gold",$999.99,http://www.bestbuy.ca/en-ca/product/apple-apple-ipad-pro-9-7-256gb-with-wi-fi-lte-rose-gold-mlym2cl-a/10415442.aspx?,MLYM2CL/A,http://multimedia.bbycastatic.ca/multimedia/products/150x150/104/10415/10415436.jpg
106,"Apple iPad Mini 4 Wifi + cellular 4G GSM unlocked Fourth Gen 128GB Gold, Refurbished",$534.99,http://www.bestbuy.ca/en-ca/product/apple-ipad-mini-4-wifi-cellular-4g-gsm-unlocked-fourth-gen-128gb-gold-refurbished/11357115.aspx?,MK8F2LL/A,http://multimedia.bbycastatic.ca/multimedia/products/150x150/112/11265/11265043.jpg
107,"Microsoft Surface Pro 12.3"" 256GB Windows 10 Pro Tablet with 7th Gen Intel Core i7-7660U - Silver","$1,999.99",http://www.bestbuy.ca/en-ca/product/microsoft-surface-pro-12-3-256gb-windows-10-pro-tablet-with-7th-gen-intel-core-i7-7660u-silver/10737282.aspx?,FJZ-00001,http://multimedia.bbycastatic.ca/multimedia/products/150x150/106/10640/10640354.jpg
108,"Ematic EGQ223SKTL 10"" Tablet - 1.2 GHz Quad Core, 1GB RAM, 16GB storage, Android Lollipop 5.1 - TEAL",$149.99,http://www.bestbuy.ca/en-ca/product/ematic-ematic-egq223sktl-16gb-tablet-10-wireless-lan-quad-core-4-core-1-20-ghz-teal-egq223sktl/10504097.aspx?,EGQ223SKTL,http://multimedia.bbycastatic.ca/multimedia/products/150x150/105/10558/10558699.jpeg
109,"Polaroid 9"" 16GB Android 6.0 Tablet & Folio Keyboard With ARMv7 Processor - Purple",$107.98,http://www.bestbuy.ca/en-ca/product/polaroid-9-16gb-android-6-0-tablet-folio-keyboard-with-armv7-processor-purple/10751961.aspx?,P916PU,http://multimedia.bbycastatic.ca/multimedia/products/150x150/106/10602/10602675.jpeg
110,"Visual Land Premier 9 8.9"" 32GB Windows 10 Tablet & Keyboard - Blue",$210.98,http://www.bestbuy.ca/en-ca/product/visual-land-visual-land-premier-9-8-9-32gb-windows-10-tablet-keyboard-blue-me9w32gbblu/10407992.aspx?,ME9W32GBBLU,http://multimedia.bbycastatic.ca/multimedia/products/150x150/104/10415/10415436.jpg
111,"Apple 9.7"" iPad Pro 32GB, Wi-Fi ONLY in Silver , Refurbished",$749.99,http://www.bestbuy.ca/en-ca/product/apple-9-7-ipad-pro-32gb-wi-fi-only-in-silver-refurbished/11357119.aspx?,MLMP2LL/A,http://multimedia.bbycastatic.ca/multimedia/products/150x150/112/11265/11265043.jpg
112,"Apple iPad 9.7"" 128GB with Wi-Fi - Gold",$579.99,http://www.bestbuy.ca/en-ca/product/apple-ipad-9-7-128gb-with-wi-fi-gold/10640360.aspx?,MPGW2CL/A,http://multimedia.bbycastatic.ca/multimedia/products/150x150/106/10640/10640354.jpg
113,"Apple iPad Pro 9.7"" 32GB with Wi-Fi - Silver",$689.99,http://www.bestbuy.ca/en-ca/product/apple-apple-ipad-pro-9-7-32gb-with-wi-fi-silver-mlmp2cl-a/10415420.aspx?,MLMP2CL/A,http://multimedia.bbycastatic.ca/multimedia/products/150x150/105/10558/10558699.jpeg
114,"Polaroid 9"" 16GB Android 6.0 Tablet & Folio Keyboard With ARMv7 Processor - Blue",$139.99,http://www.bestbuy.ca/en-ca/product/polaroid-9-16gb-android-6-0-tablet-folio-keyboard-with-armv7-processor-blue/10751964.aspx?,P916BL,http://multimedia.bbycastatic.ca/multimedia/products/150x150/106/10602/10602675.jpeg
115,Asus Tablet PC Z300M-A2-GD 10.1inch Quad-Core 2GB 16GB Mali-T720MP2 Touch Android 6.0 Retail,$294.95,http://www.bestbuy.ca/en-ca/product/asus-tablet-pc-z300m-a2-gd-10-1inch-quad-core-2gb-16gb-mali-t720mp2-touch-android-6-0-retail/10557807.aspx?,Z300M-A2-GD,http://multimedia.bbycastatic.ca/multimedia/products/150x150/104/10415/10415436.jpg
116,"Apple 9.7"" iPad Pro 256GB, Wi-Fi ONLY in Gray, Refurbished",$799.99,http://www.bestbuy.ca/en-ca/product/apple-9-7-ipad-pro-256gb-wi-fi-only-in-gray-refurbished/11357123.aspx?,MLMY2LL/A,http://multimedia.bbycastatic.ca/multimedia/products/150x150/112/11265/11265043.jpg
117,"Samsung Galaxy Tab E 9.6"" 16GB Android 5.0 Lollipop Tablet - Black",$249.99,http://www.bestbuy.ca/en-ca/product/samsung-samsung-galaxy-tab-e-9-6-16gb-android-5-0-lollipop-tablet-black-sm-t560nzkuxac/10391587.aspx?,SM-T560NZKUXAC,http://multimedia.bbycastatic.ca/multimedia/products/150x150/106/10640/10640354.jpg
118,"Apple iPad Pro 9.7"" 128GB with Wi-Fi/LTE - Rose Gold",$899.99,http://www.bestbuy.ca/en-ca/product/apple-apple-ipad-pro-9-7-128gb-with-wi-fi-lte-rose-gold-mlyl2cl-a/10415438.aspx?,MLYL2CL/A,http://multimedia.bbycastatic.ca/multimedia/products/150x150/105/10558/10558699.jpeg
119,Open box -Apple iPad mini 4 with Retina display| A8 chip | 128 GB | Gold - Open box,$474.98,http://www.bestbuy.ca/en-ca/product/open-box-apple-ipad-mini-4-with-retina-display-a8-chip-128-gb-gold-open-box/10749539.aspx?,MK9P2CL/A,http://multimedia.bbycastatic.ca/multimedia/products/150x150/106/10602/10602675.jpeg
120,"HP Elite x2 1012 G1 Tablet - 12"" - In-plane Switching (IPS) Technology, BrightView - Intel Core M (6th Gen) m7-6Y75 Dual-core","$2,199.95",http://www.bestbuy.ca/en-ca/product/hp-hp-elite-x2-1012-g1-tablet-12-in-plane-switching-ips-technology-brightview-intel-core-m-6th-gen-m7-6y75-dual-core-t8z07utaba/10554240.aspx?,T8Z07UTABA,http://multimedia.bbycastatic.ca/multimedia/products/150x150/104/10415/10415436.jpg
121,"Apple 9.7"" iPad Pro 128GB, Wi-Fi ONLY in Silver , Refurbished",$774.99,http://www.bestbuy.ca/en-ca/product/apple-9-7-ipad-pro-128gb-wi-fi-only-in-silver-refurbished/11357121.aspx?,MLMV2LL/A,http://multimedia.bbycastatic.ca/multimedia/products/150x150/112/11265/11265043.jpg
122,"Asus ZenPad 3S 10 Z500M-C1-SL Tablet - 9.7"" - 4GB LPDDR3 - MediaTek MT8176 2.10 GHz - 64GB - Android 6.0 Marshmallow - 2048 x",$479.99,http://www.bestbuy.ca/en-ca/product/asus-asus-tablet-pc-z500m-c1-sl-9-7inch-mt8176-4gb-64gb-touch-android-6-0-retail-z500m-c1-sl/10582524.aspx?,Z500M-C1-SL,http://multimedia.bbycastatic.ca/multimedia/products/150x150/106/10640/10640354.jpg
123,Apple iPad mini 4 128GB With Wi-Fi - Silver,$549.99,http://www.bestbuy.ca/en-ca/product/apple-apple-ipad-mini-4-128gb-with-wi-fi-silver-mk9p2cl-a/10389498.aspx?,MK9P2CL/A,http://multimedia.bbycastatic.ca/multimedia/products/150x150/105/10558/10558699.jpeg
124,"Polaroid 9"" 16GB Android 6.0 Tablet & Folio Keyboard With ARMv7 Processor - Paisley",$107.98,http://www.bestbuy.ca/en-ca/product/polaroid-9-16gb-android-6-0-tablet-folio-keyboard-with-armv7-processor-paisley/10751962.aspx?,P916PSY,http://multimedia.bbycastatic.ca/multimedia/products/150x150/106/10602/10602675.jpeg
125,"B1-780-K6C3,7 INCH IPS TOUCH,ANDROID 6.0,MT8163 QUAD CORE,1GB DDR3,16GB eMMC,CAR",$155.95,http://www.bestbuy.ca/en-ca/product/acer-b1-780-k6c3-7-inch-ips-touch-android-6-0-mt8163-quad-core-1gb-ddr3-16gb-emmc-car-nt-lcjaa-002/10554268.aspx?,NT.LCJAA.002,http://multimedia.bbycastatic.ca/multimedia/products/150x150/104/10415/10415436.jpg
126,"Apple 9.7"" iPad Pro 256GB, Wi-Fi + 4G LTE in Silver, Refurbished",$824.99,http://www.bestbuy.ca/en-ca/product/apple-9-7-ipad-pro-256gb-wi-fi-4g-lte-in-silver-refurbished/11357126.aspx?,MLQ72LL/A,http://multimedia.bbycastatic.ca/multimedia/products/150x150/112/11265/11265043.jpg
127,"Samsung Galaxy View 18.4"" 32GB Android 5.1 Tablet With Exynos 7580 Octa-Core Processor - Black",$699.99,http://www.bestbuy.ca/en-ca/product/samsung-samsung-galaxy-view-18-4-32gb-android-5-1-tablet-with-exynos-7580-octa-core-processor-black-sm-t670nzkaxac/10451069.aspx?,SM-T670NZKAXAC,http://multimedia.bbycastatic.ca/multimedia/products/150x150/106/10640/10640354.jpg
128,"RCA 10.1"" TABLET 16GB QUAD CORE WITH KEYBOARD/CASE (RCT6203W46BLACK) - REFURBISHED",$169.99,http://www.bestbuy.ca/en-ca/product/rca-10-1-tablet-16gb-quad-core-with-keyboard-case-rct6203w46black-refurbished/10758618.aspx?,RCT6203W46-BLACK,http://multimedia.bbycastatic.ca/multimedia/products/150x150/105/10558/10558699.jpeg
129,"Apple iPad Pro 12.9"" 128GB With Wi-Fi/3G/4G/4G LTE - Silver",$999.99,http://www.bestbuy.ca/en-ca/product/apple-apple-ipad-pro-12-9-128gb-with-wi-fi-3g-4g-4g-lte-silver-ml2j2cl-a/10397277.aspx?,ML2J2CL/A,http://multimedia.bbycastatic.ca/multimedia/products/150x150/106/10602/10602675.jpeg
130,"Apple iPad Pro 12.9"" 64GB with Wi-Fi & 4G LTE - Gold","$1,219.99",http://www.bestbuy.ca/en-ca/product/apple-ipad-pro-12-9-64gb-with-wi-fi-4g-lte-gold/10750304.aspx?,MQEF2CL/A,http://multimedia.bbycastatic.ca/multimedia/products/150x150/104/10415/10415436.jpg
131,"Apple iPad Mini 3 Wifi + Cellular 4G GSM Unlocked Third Gen 64GB Gray, Refurbished",$419.99,http://www.bestbuy.ca/en-ca/product/apple-ipad-mini-3-wifi-cellular-4g-gsm-unlocked-third-gen-64gb-gray-refurbished/11357111.aspx?,MH372LL/A,http://multimedia.bbycastatic.ca/multimedia/products/150x150/112/11265/11265043.jpg
132,"Insignia Flex 8"" 32GB Windows 10 Tablet With Intel Cherrytrail Z8300 Quad-Core Processor - Black",$149.99,http://www.bestbuy.ca/en-ca/product/insignia-insignia-flex-8-32gb-windows-10-tablet-with-intel-cherrytrail-z8300-quad-core-processor-black-ns-p08w7100-c/10437094.aspx?,NS-P08W7100-C,http://multimedia.bbycastatic.ca/multimedia/products/150x150/106/10640/10640354.jpg
133,"Apple iPad 9.7"" 128GB with Wi-Fi/4G LTE - Silver",$749.99,http://www.bestbuy.ca/en-ca/product/apple-ipad-9-7-128gb-with-wi-fi-4g-lte-silver/10640376.aspx?,MP272CL/A,http://multimedia.bbycastatic.ca/multimedia/products/150x150/105/10558/10558699.jpeg
134,"Apple iPad Pro 10.5"" 256GB with Wi-Fi - Rose Gold",$999.99,http://www.bestbuy.ca/en-ca/product/apple-ipad-pro-10-5-256gb-with-wi-fi-rose-gold/10750298.aspx?,MPF22CL/A,http://multimedia.bbycastatic.ca/multimedia/products/150x150/106/10602/10602675.jpeg
135,Datawind Ubislate NS7 7 inch Octa Core 2G RAM 16GB ROM 3G calling Android tablet,$149.99,http://www.bestbuy.ca/en-ca/product/datawind-datawind-ubislate-ns7-7-inch-octa-core-2g-ram-16gb-rom-3g-calling-android-tablet-ubislate-ns7/10587499.aspx?,Ubislate NS7,http://multimedia.bbycastatic.ca/multimedia/products/150x150/104/10415/10415436.jpg
136,"Apple iPad Mini 4 Wifi + cellular 4G GSM unlocked Fourth Gen 32GB SIlver, Refurbished",$499.99,http://www.bestbuy.ca/en-ca/product/apple-ipad-mini-4-wifi-cellular-4g-gsm-unlocked-fourth-gen-32gb-silver-refurbished/11357114.aspx?,MNWQ2LL/A,http://multimedia.bbycastatic.ca/multimedia/products/150x150/112/11265/11265043.jpg
137,"Samsung Galaxy Tab E 8"" 16GB Android 6.0 LTE Tablet with Helsinki Prime Quad-Core Processor - Black",$287.99,http://www.bestbuy.ca/en-ca/product/samsung-samsung-galaxy-tab-e-8-16gb-android-6-0-lte-tablet-with-helsinki-prime-quad-core-processor-black-sm-t377wzkaxac/10439628.aspx?,SM-T377WZKAXAC,http://multimedia.bbycastatic.ca/multimedia/products/150x150/106/10640/10640354.jpg
138,"Apple iPad Pro 12.9"" 256GB with Wi-Fi/LTE - Gold","$1,149.99",http://www.bestbuy.ca/en-ca/product/apple-apple-ipad-pro-12-9-256gb-with-wi-fi-lte-gold-ml2n2cl-a/10415448.aspx?,ML2N2CL/A,http://multimedia.bbycastatic.ca/multimedia/products/150x150/105/10558/10558699.jpeg
139,"Samsung Galaxy Tab S2 9.7"" 32GB Android 6.0 Marshmallow Tablet - Gold - Open Box",$489.99,http://www.bestbuy.ca/en-ca/product/samsung-samsung-galaxy-tab-s2-9-7-32gb-android-6-0-marshmallow-tablet-w-exynos-5433-8-core-gold-open-box-sm-t813nzdexac/10562821.aspx?,SM-T813NZDEXAC,http://multimedia.bbycastatic.ca/multimedia/products/150x150/106/10602/10602675.jpeg
140,"Open box - Apple iPad Pro 9.7"" 32GB with Wi-Fi - Gold - Open box",$649.98,http://www.bestbuy.ca/en-ca/product/open-box-apple-ipad-pro-9-7-32gb-with-wi-fi-gold-open-box/10749540.aspx?,MLMQ2CL/A,http://multimedia.bbycastatic.ca/multimedia/products/150x150/104/10415/10415436.jpg
141,"Apple iPad Mini 4 Wifi + cellular 4G GSM unlocked Fourth Gen 32GB Gray, Refurbished",$499.99,http://www.bestbuy.ca/en-ca/product/apple-ipad-mini-4-wifi-cellular-4g-gsm-unlocked-fourth-gen-32gb-gray-refurbished/11357113.aspx?,MNWP2LL/A,http://multimedia.bbycastatic.ca/multimedia/products/150x150/112/11265/11265043.jpg
142,"Rogers/Fido LG G Pad III 8.0"" 16GB Android 6.0 (Marshmallow) LTE Tablet - Indigo Black",$239.99,http://www.bestbuy.ca/en-ca/product/lg-electronics-rogers-fido-lg-g-pad-iii-8-0-16gb-android-6-0-marshmallow-lte-tablet-indigo-black-gpad38blk/10436920.aspx?,GPAD38BLK,http://multimedia.bbycastatic.ca/multimedia/products/150x150/106/10640/10640354.jpg
143,Apple iPad mini 4 128GB With Wi-Fi & 3G/4G/4G LTE - Space Grey,$719.99,http://www.bestbuy.ca/en-ca/product/apple-apple-ipad-mini-4-128gb-with-wi-fi-3g-4g-4g-lte-space-grey-mk762cl-a/10389506.aspx?,MK762CL/A,http://multimedia.bbycastatic.ca/multimedia/products/150x150/105/10558/10558699.jpeg
144,"Microsoft Surface Pro 4 Tablet PC - 12.3"" - PixelSense - Wireless LAN - Intel Core i5-6300U Dual-core 2.40 GHz - Silver","$1,510.95",http://www.bestbuy.ca/en-ca/product/microsoft-surface-pro-4-tablet-pc-12-3-pixelsense-wireless-lan-intel-core-i5-6300u-dual-core-2-40-ghz-silver/10669001.aspx?,7AX-00001,http://multimedia.bbycastatic.ca/multimedia/products/150x150/106/10602/10602675.jpeg
145,Open Box Apple - 12.9- Inch iPad Pro with Wi-Fi - 128GB - Space Gray - Open Box,$979.98,http://www.bestbuy.ca/en-ca/product/open-box-apple-12-9-inch-ipad-pro-with-wi-fi-128gb-space-gray-open-box/10749035.aspx?,ML0N2LL/A,http://multimedia.bbycastatic.ca/multimedia/products/150x150/104/10415/10415436.jpg
146,"Apple 9.7"" iPad Pro 32GB, Wi-Fi ONLY in GOLD , Refurbished",$749.99,http://www.bestbuy.ca/en-ca/product/apple-9-7-ipad-pro-32gb-wi-fi-only-in-gold-refurbished/11357118.aspx?,MLMQ2LL/A,http://multimedia.bbycastatic.ca/multimedia/products/150x150/112/11265/11265043.jpg
147,"Apple iPad Pro 12.9"" 256GB with Wi-Fi - Space Grey","$1,179.99",http://www.bestbuy.ca/en-ca/product/apple-ipad-pro-12-9-256gb-with-wi-fi-space-grey/10750319.aspx?,MP6G2CL/A,http://multimedia.bbycastatic.ca/multimedia/products/150x150/106/10640/10640354.jpg
148,"Apple iPad Pro 12.9"" 256GB with Wi-Fi/LTE - Silver","$1,149.99",http://www.bestbuy.ca/en-ca/product/apple-apple-ipad-pro-12-9-256gb-with-wi-fi-lte-silver-ml2m2cl-a/10415447.aspx?,ML2M2CL/A,http://multimedia.bbycastatic.ca/multimedia/products/150x150/105/10558/10558699.jpeg
149,DataWind Senior Simple 7 inch Android 2G calling tablet computer,$74.99,http://www.bestbuy.ca/en-ca/product/datawind-datawind-senior-simple-7-inch-android-2g-calling-tablet-computer-datawind-senior-simp/10592448.aspx?,DataWind Senior Simple,http://multimedia.bbycastatic.ca/multimedia/products/150x150/106/10602/10602675.jpeg
150,MICROSOFT FACTORY RECERTIFIED SURFACE BOOK TABLET / INTEL:I7-6600U / 8GB RAM/ 256GB SSD / NVIDIA-GEFORCEGPU-1GB / 1YR,"$2,339.99",http://www.bestbuy.ca/en-ca/product/microsoft-microsoft-factory-recertified-surface-book-tablet-intel-i7-6600u-8gb-ram-256gb-ssd-nvidia-geforcegpu-1gb-1yr-fgk-00001/10588774.aspx?,FGK-00001,http://multimedia.bbycastatic.ca/multimedia/products/150x150/104/10415/10415436.jpg
151,"Apple 9.7"" iPad Pro 32GB, Wi-Fi ONLY in Rose , Refurbished",$749.99,http://www.bestbuy.ca/en-ca/product/apple-9-7-ipad-pro-32gb-wi-fi-only-in-rose-refurbished/11357117.aspx?,MM172LL/A,http://multimedia.bbycastatic.ca/multimedia/products/150x150/112/11265/11265043.jpg
152,"Apple iPad Pro 9.7"" 128GB with Wi-Fi - Space Grey",$799.99,http://www.bestbuy.ca/en-ca/product/apple-apple-ipad-pro-9-7-128gb-with-wi-fi-space-grey-mlmv2cl-a/10415423.aspx?,MLMV2CL/A,http://multimedia.bbycastatic.ca/multimedia/products/150x150/106/10640/10640354.jpg
153,Acer Iconia B1-780-K6C3 7 Inch Tablet (NT.LCJAA.002),$129.99,http://www.bestbuy.ca/en-ca/product/acer-iconia-b1-780-k6c3-7-inch-tablet-nt-lcjaa-002/10734018.aspx?,B1-780-K6C3,http://multimedia.bbycastatic.ca/multimedia/products/150x150/105/10558/10558699.jpeg
154,Apple iPad mini 2 - 32GB - Wi-Fi - Space Grey - Open Box,$299.97,http://www.bestbuy.ca/en-ca/product/apple-apple-ipad-mini-2-32gb-wi-fi-space-grey-open-box-me277c-a/10546330.aspx?,ME277C/A,http://multimedia.bbycastatic.ca/multimedia/products/150x150/106/10602/10602675.jpeg
155,"Apple iPad Pro 9.7"" 256GB with Wi-Fi/LTE - Gold",$999.99,http://www.bestbuy.ca/en-ca/product/apple-apple-ipad-pro-9-7-256gb-with-wi-fi-lte-gold-mlq82cl-a/10415441.aspx?,MLQ82CL/A,http://multimedia.bbycastatic.ca/multimedia/products/150x150/104/10415/10415436.jpg
156,"Apple 9.7"" iPad Pro 128GB, Wi-Fi + 4G LTE in Gray , Refurbished",$799.99,http://www.bestbuy.ca/en-ca/product/apple-9-7-ipad-pro-128gb-wi-fi-4g-lte-in-gray-refurbished/11357122.aspx?,MLQ32LL/A,http://multimedia.bbycastatic.ca/multimedia/products/150x150/112/11265/11265043.jpg
157,"Samsung Galaxy Tab S3 9.7"" 32GB Android N Tablet With Qualcomm APQ 8096 Quad-Core Processor - Silver",$749.99,http://www.bestbuy.ca/en-ca/product/samsung-samsung-galaxy-tab-s3-9-7-32gb-android-n-tablet-with-qualcomm-apq-8096-quad-core-processor-silver-sm-t820nzsaxac/10589706.aspx?,SM-T820NZSAXAC,http://multimedia.bbycastatic.ca/multimedia/products/150x150/106/10640/10640354.jpg
158,"Apple iPad Pro 12.9"" 32GB With Wi-Fi - Space Grey",$899.99,http://www.bestbuy.ca/en-ca/product/apple-apple-ipad-pro-12-9-32gb-with-wi-fi-space-grey-ml0f2cl-a/10397267.aspx?,ML0F2CL/A,http://multimedia.bbycastatic.ca/multimedia/products/150x150/105/10558/10558699.jpeg
159,Apple iPad Air 2 32GB with Wi-Fi + Cellular - Silver,$499.95,http://www.bestbuy.ca/en-ca/product/apple-apple-ipad-air-2-32gb-with-wi-fi-cellular-silver-mnvq2cl-a/10487828.aspx?,MNVQ2CL/A,http://multimedia.bbycastatic.ca/multimedia/products/150x150/106/10602/10602675.jpeg
160,"Apple iPad Pro 12.9"" 64GB with Wi-Fi - Silver","$1,049.99",http://www.bestbuy.ca/en-ca/product/apple-ipad-pro-12-9-64gb-with-wi-fi-silver/10750288.aspx?,MQDC2CL/A,http://multimedia.bbycastatic.ca/multimedia/products/150x150/104/10415/10415436.jpg
161,"Apple iPad Air 2 Wifi + 4G GSM Unlocked 32GB Gray, Refurbished",$409.99,http://www.bestbuy.ca/en-ca/product/apple-ipad-air-2-wifi-4g-gsm-unlocked-32gb-gray-refurbished/11357108.aspx?,MNVP2CL/A,http://multimedia.bbycastatic.ca/multimedia/products/150x150/112/11265/11265043.jpg
162,Apple iPad mini 4 128GB With Wi-Fi - Space Grey,$549.99,http://www.bestbuy.ca/en-ca/product/apple-apple-ipad-mini-4-128gb-with-wi-fi-space-grey-mk9n2cl-a/10389497.aspx?,MK9N2CL/A,http://multimedia.bbycastatic.ca/multimedia/products/150x150/106/10640/10640354.jpg
163,"Polaroid 10"" 16GB Android 6.0 Tablet & Keyboard With Intel Atom X3 Processor - Purple",$179.99,http://www.bestbuy.ca/en-ca/product/polaroid-10-16gb-android-6-0-tablet-keyboard-with-intel-atom-x3-processor-purple/10751960.aspx?,Q1010PU,http://multimedia.bbycastatic.ca/multimedia/products/150x150/105/10558/10558699.jpeg
164,"Polaroid 10"" 16GB Android 6.0 Tablet & Folio Keyboard With Intel Atom X3 Processor - Black",$147.98,http://www.bestbuy.ca/en-ca/product/polaroid-10-16gb-android-6-0-tablet-folio-keyboard-with-intel-atom-x3-processor-black/10751966.aspx?,Q1010BK,http://multimedia.bbycastatic.ca/multimedia/products/150x150/106/10602/10602675.jpeg
165,"Apple iPad Pro 12.9"" 32GB With Wi-Fi - Space Grey - Open Box",$999.95,http://www.bestbuy.ca/en-ca/product/apple-apple-ipad-pro-12-9-32gb-with-wi-fi-space-grey-open-box-ml0f2cl-a/10546338.aspx?,ML0F2CL/A,http://multimedia.bbycastatic.ca/multimedia/products/150x150/104/10415/10415436.jpg
166,"Apple iPad Mini 2 Wifi + 4G 2nd Generation 7.9 inches 128gb White, Refurbished",$409.99,http://www.bestbuy.ca/en-ca/product/apple-ipad-mini-2-wifi-4g-2nd-generation-7-9-inches-128gb-white-refurbished/11357110.aspx?,MF121LL/A,http://multimedia.bbycastatic.ca/multimedia/products/150x150/112/11265/11265043.jpg
167,"Apple iPad Pro 10.5"" 256GB with Wi-Fi - Space Grey",$999.99,http://www.bestbuy.ca/en-ca/product/apple-ipad-pro-10-5-256gb-with-wi-fi-space-grey/10750295.aspx?,MPDY2CL/A,http://multimedia.bbycastatic.ca/multimedia/products/150x150/106/10640/10640354.jpg
168,Datawind Ubislate 3G7 7 inch 3G calling smartphone tablet,$99.99,http://www.bestbuy.ca/en-ca/product/datawind-datawind-ubislate-3g7-7-inch-3g-calling-smartphone-tablet-ubislate-3g7/10587503.aspx?,Ubislate 3G7,http://multimedia.bbycastatic.ca/multimedia/products/150x150/105/10558/10558699.jpeg
169,"Apple iPad Pro 9.7"" 128GB with Wi-Fi - Gold",$799.99,http://www.bestbuy.ca/en-ca/product/apple-apple-ipad-pro-9-7-128gb-with-wi-fi-gold-mlmx2cl-a/10415425.aspx?,MLMX2CL/A,http://multimedia.bbycastatic.ca/multimedia/products/150x150/106/10602/10602675.jpeg
170,"Visual Land Premier 9 8.9"" 32GB Windows 10 Tablet & Keyboard - Purple",$211.98,http://www.bestbuy.ca/en-ca/product/visual-land-visual-land-premier-9-8-9-32gb-windows-10-tablet-keyboard-purple-me9w32gbprp/10407989.aspx?,ME9W32GBPRP,http://multimedia.bbycastatic.ca/multimedia/products/150x150/104/10415/10415436.jpg
171,"Apple iPad Mini 2 Wifi Only 2nd Generation 7.9 inches 128gb White, Refurbished",$399.99,http://www.bestbuy.ca/en-ca/product/apple-ipad-mini-2-wifi-only-2nd-generation-7-9-inches-128gb-white-refurbished/11357109.aspx?,ME860LL/A,http://multimedia.bbycastatic.ca/multimedia/products/150x150/112/11265/11265043.jpg
172,"Samsung Galaxy Tab A 7"" 8GB Android 5.1 (Lollipop) Tablet with T-Shark 2A Quad-Core Processor - White",$159.99,http://www.bestbuy.ca/en-ca/product/samsung-samsung-galaxy-tab-a-7-8gb-android-5-1-lollipop-tablet-with-t-shark-2a-quad-core-processor-white-sm-t280nzwaxac/10415006.aspx?,SM-T280NZWAXAC,http://multimedia.bbycastatic.ca/multimedia/products/150x150/106/10640/10640354.jpg
173,"Microsoft Surface Pro Tablet - 12.3"" - 4GB - Intel Core i5 (7th Gen) - 128GB SSD - Windows 10 Pro - 2736 x 1824 - PixelSense","$1,414.95",http://www.bestbuy.ca/en-ca/product/microsoft-surface-pro-tablet-12-3-4gb-intel-core-i5-7th-gen-128gb-ssd-windows-10-pro-2736-x-1824-pixelsense/10934449.aspx?,FJU-00001,http://multimedia.bbycastatic.ca/multimedia/products/150x150/105/10558/10558699.jpeg
174,"Apple iPad Pro 9.7"" 128GB with Wi-Fi - Silver",$799.99,http://www.bestbuy.ca/en-ca/product/apple-apple-ipad-pro-9-7-128gb-with-wi-fi-silver-mlmw2cl-a/10415424.aspx?,MLMW2CL/A,http://multimedia.bbycastatic.ca/multimedia/products/150x150/106/10602/10602675.jpeg
175,"Apple iPad Pro 12.9"" 32GB With Wi-Fi - Silver",$899.99,http://www.bestbuy.ca/en-ca/product/apple-apple-ipad-pro-12-9-32gb-with-wi-fi-silver-ml0g2cl-a/10397268.aspx?,ML0G2CL/A,http://multimedia.bbycastatic.ca/multimedia/products/150x150/104/10415/10415436.jpg
176,"Apple 9.7"" iPad Pro 32GB, Wi-Fi + 4G LTE in Silver, Refurbished",$774.99,http://www.bestbuy.ca/en-ca/product/apple-9-7-ipad-pro-32gb-wi-fi-4g-lte-in-silver-refurbished/11357124.aspx?,MLPX2LL/A,http://multimedia.bbycastatic.ca/multimedia/products/150x150/112/11265/11265043.jpg
177,"Insignia Flex 11.6"" 32GB Windows 10 Tablet & Keyboard With Intel Cherrytrail Z8300 Processor - Black",$299.99,http://www.bestbuy.ca/en-ca/product/insignia-insignia-flex-11-6-32gb-windows-10-tablet-keyboard-with-intel-cherrytrail-z8300-processor-black-ns-p11w7100-c/10441108.aspx?,NS-P11W7100-C,http://multimedia.bbycastatic.ca/multimedia/products/150x150/106/10640/10640354.jpg
178,"Apple iPad Pro 12.9"" 256GB with Wi-Fi - Gold","$1,179.99",http://www.bestbuy.ca/en-ca/product/apple-ipad-pro-12-9-256gb-with-wi-fi-gold/10750321.aspx?,MP6J2CL/A,http://multimedia.bbycastatic.ca/multimedia/products/150x150/105/10558/10558699.jpeg
179,"Ematic EGQ223SKBL 16GB Tablet - 10"" - Wireless LAN Quad-core (4 Core) 1.20 GHz - Black",$139.99,http://www.bestbuy.ca/en-ca/product/ematic-ematic-egq223skbl-16gb-tablet-10-wireless-lan-quad-core-4-core-1-20-ghz-black-egq223skbl/10554261.aspx?,EGQ223SKBL,http://multimedia.bbycastatic.ca/multimedia/products/150x150/106/10602/10602675.jpeg
180,"Apple iPad Pro 9.7"" 32GB with Wi-Fi/LTE - Space Grey",$799.99,http://www.bestbuy.ca/en-ca/product/apple-apple-ipad-pro-9-7-32gb-with-wi-fi-lte-space-grey-mlpw2cl-a/10415431.aspx?,MLPW2CL/A,http://multimedia.bbycastatic.ca/multimedia/products/150x150/104/10415/10415436.jpg
181,"Apple 12.9"" iPad Pro 256GB, Wi-Fi only in Gold, Refurbished",$829.99,http://www.bestbuy.ca/en-ca/product/apple-12-9-ipad-pro-256gb-wi-fi-only-in-gold-refurbished/11357116.aspx?,ML0V2LL/A,http://multimedia.bbycastatic.ca/multimedia/products/150x150/112/11265/11265043.jpg
182,"Lenovo Tab3 Essential 7"" 8GB Android 5.1 Tablet with QualComm Quad-Core Processor - Ebony Black",$119.99,http://www.bestbuy.ca/en-ca/product/lenovo-lenovo-tab3-essential-7-8gb-android-5-1-tablet-with-qualcomm-quad-core-processor-ebony-black-za0r0029us/10440698.aspx?,ZA0R0029US,http://multimedia.bbycastatic.ca/multimedia/products/150x150/106/10640/10640354.jpg
183,"Apple iPad Pro 9.7"" 256GB with Wi-Fi - Gold",$879.99,http://www.bestbuy.ca/en-ca/product/apple-apple-ipad-pro-9-7-256gb-with-wi-fi-gold-mln12cl-a/10415429.aspx?,MLN12CL/A,http://multimedia.bbycastatic.ca/multimedia/products/150x150/105/10558/10558699.jpeg
184,"Apple iPad Pro 9.7"" 32GB with Wi-Fi - Rose Gold",$689.99,http://www.bestbuy.ca/en-ca/product/apple-apple-ipad-pro-9-7-32gb-with-wi-fi-rose-gold-mm172cl-a/10415422.aspx?,MM172CL/A,http://multimedia.bbycastatic.ca/multimedia/products/150x150/106/10602/10602675.jpeg
185,1012 CM/1.1 8GB 256GB SSD W10P 64 SBY,"$2,093.95",http://www.bestbuy.ca/en-ca/product/hp-1012-cm-1-1-8gb-256gb-ssd-w10p-64-sby-t8z06utaba/10505067.aspx?,T8Z06UTABA,http://multimedia.bbycastatic.ca/multimedia/products/150x150/104/10415/10415436.jpg
186,"Apple 9.7"" iPad Pro 128GB, Wi-Fi + 4G LTE in Rose , Refurbished",$799.99,http://www.bestbuy.ca/en-ca/product/apple-9-7-ipad-pro-128gb-wi-fi-4g-lte-in-rose-refurbished/11357125.aspx?,MLYL2LL/A,http://multimedia.bbycastatic.ca/multimedia/products/150x150/112/11265/11265043.jpg
187,"Microsoft Surface Pro 12.3"" 512GB Windows 10 Pro Tablet with 7th Gen Intel Core i7-7660U - Silver","$2,799.99",http://www.bestbuy.ca/en-ca/product/microsoft-surface-pro-12-3-512gb-windows-10-pro-tablet-with-7th-gen-intel-core-i7-7660u-silver/10737281.aspx?,FKH-00001,http://multimedia.bbycastatic.ca/multimedia/products/150x150/106/10640/10640354.jpg
188,"Microsoft Surface Pro Tablet - 12.3"" - 4GB - Intel Core M (7th Gen) - 128GB SSD - Windows 10 Pro - 2736 x 1824 - PixelSense","$1,167.95",http://www.bestbuy.ca/en-ca/product/microsoft-surface-pro-tablet-12-3-4gb-intel-core-m-7th-gen-128gb-ssd-windows-10-pro-2736-x-1824-pixelsense/10934450.aspx?,FJS-00001,http://multimedia.bbycastatic.ca/multimedia/products/150x150/105/10558/10558699.jpeg
189,"iPad 3 Wifi + Cellular 4G GSM Unlocked Third Generation 16gb Black, Refurbished",$274.99,http://www.bestbuy.ca/en-ca/product/apple-ipad-3-wifi-cellular-4g-gsm-unlocked-third-generation-16gb-black-refurbished-mc733ll-a/10593474.aspx?,MC733LL/A,http://multimedia.bbycastatic.ca/multimedia/products/150x150/106/10602/10602675.jpeg
190,"Visual Land Prestige Prime 10ES 10.1"" 32GB Android 5.0 Lollipop Tablet & Keyboard - Blue",$189.98,http://www.bestbuy.ca/en-ca/product/visual-land-visual-land-prestige-prime-10es-10-1-32gb-android-5-0-lollipop-tablet-keyboard-blue-me10es32kcblu/10407977.aspx?,ME10ES32KCBLU,http://multimedia.bbycastatic.ca/multimedia/products/150x150/104/10415/10415436.jpg
191,"Apple 9.7"" iPad Pro 128GB, Wi-Fi ONLY in GOLD , Refurbished",$774.99,http://www.bestbuy.ca/en-ca/product/apple-9-7-ipad-pro-128gb-wi-fi-only-in-gold-refurbished/11357120.aspx?,MLMX2LL/A,http://multimedia.bbycastatic.ca/multimedia/products/150x150/112/11265/11265043.jpg
192,"Samsung Galaxy Tab A 8"" 16GB Android 5.0 Lollipop Tablet - White",$279.99,http://www.bestbuy.ca/en-ca/product/samsung-samsung-galaxy-tab-a-8-16gb-android-5-0-lollipop-tablet-white-sm-t350nzwaxac/10369798.aspx?,SM-T350NZWAXAC,http://multimedia.bbycastatic.ca/multimedia/products/150x150/106/10640/10640354.jpg
193,"B3-A30-K5PJ,10 INCH IPS TOUCH,ANDROID 6.0,MT8163 QUAD CORE,1GB DDR3,16GB eMMC,CA",$229.10,http://www.bestbuy.ca/en-ca/product/acer-b3-a30-k5pj-10-inch-ips-touch-android-6-0-mt8163-quad-core-1gb-ddr3-16gb-emmc-ca-nt-lcnaa-001/10554269.aspx?,NT.LCNAA.001,http://multimedia.bbycastatic.ca/multimedia/products/150x150/105/10558/10558699.jpeg
194,"Acer RECER Tablet Iconia One 7 B1-770-K9BC - MT8127, 1GB, 16GB, Android",$111.95,http://www.bestbuy.ca/en-ca/product/acer-7-touch-ips-16gb-1gb-blk-nt-lbraa-002/10483962.aspx?,RNB-NT.LBRAA.002,http://multimedia.bbycastatic.ca/multimedia/products/150x150/106/10602/10602675.jpeg
195,Apple iPad mini 4 128GB With Wi-Fi & 3G/4G/4G LTE - Silver,$719.99,http://www.bestbuy.ca/en-ca/product/apple-apple-ipad-mini-4-128gb-with-wi-fi-3g-4g-4g-lte-silver-mk772cl-a/10389507.aspx?,MK772CL/A,http://multimedia.bbycastatic.ca/multimedia/products/150x150/104/10415/10415436.jpg
196,"Apple 9.7"" iPad Pro 256GB, Wi-Fi + 4G LTE in Gray , Refurbished",$824.99,http://www.bestbuy.ca/en-ca/product/apple-9-7-ipad-pro-256gb-wi-fi-4g-lte-in-gray-refurbished/11357127.aspx?,MLQ62LL/A,http://multimedia.bbycastatic.ca/multimedia/products/150x150/112/11265/11265043.jpg
197,"Lenovo Tab3 8"" 16GB Android 6.0 Tablet with MediaTek Quad-Core Processor - Denim Black",$179.99,http://www.bestbuy.ca/en-ca/product/lenovo-lenovo-tab3-8-16gb-android-6-0-tablet-with-mediatek-quad-core-processor-denim-black-za170001us/10440700.aspx?,ZA170001US,http://multimedia.bbycastatic.ca/multimedia/products/150x150/106/10640/10640354.jpg
198,"Apple iPad 9.7"" 128GB with Wi-Fi/4G LTE - Gold",$749.99,http://www.bestbuy.ca/en-ca/product/apple-ipad-9-7-128gb-with-wi-fi-4g-lte-gold/10640358.aspx?,MPG52CL/A,http://multimedia.bbycastatic.ca/multimedia/products/150x150/105/10558/10558699.jpeg
199,Open Box - Samsung Galaxy Tab S2 9.7-in / 32GB / Wi-Fi Tablet / 8 Core / Marshmallow / Gold - Open Box,$399.98,http://www.bestbuy.ca/en-ca/product/open-box-samsung-galaxy-tab-s2-9-7-in-32gb-wi-fi-tablet-8-core-marshmallow-gold-open-box/10735760.aspx?,SM-T813NZDEXAC,http://multimedia.bbycastatic.ca/multimedia/products/150x150/106/10602/10602675.jpeg
200,"Apple iPad Pro 9.7"" 32GB with Wi-Fi/LTE - Gold",$799.99,http://www.bestbuy.ca/en-ca/product/apple-apple-ipad-pro-9-7-32gb-with-wi-fi-lte-gold-mlpy2cl-a/10415433.aspx?,MLPY2CL/A,http://multimedia.bbycastatic.ca/multimedia/products/150x150/104/10415/10415436.jpg
201,"Hp Elite X2 1012 G1 11.6"" Intel Core m5-6Y54 Tablet with Travel Keyboard (W0S22Ut#ABA)","$1,879.99",http://www.bestbuy.ca/en-ca/product/hp-elite-x2-1012-g1-11-6-intel-core-m5-6y54-tablet-with-travel-keyboard-w0s22ut-aba/11307297.aspx?,Elite x2 1012 G1,http://multimedia.bbycastatic.ca/multimedia/products/150x150/112/11265/11265043.jpg
202,"Asus ZenPad S 8.0 Z580C Z580C-B1-BK 32GB Tablet - 8"" - In-plane Switching (IPS) Technology - Wireless LAN - Intel Atom Z3530",$289.99,http://www.bestbuy.ca/en-ca/product/asus-asus-zenpad-s-8-0-z580c-z580c-b1-bk-32gb-tablet-8-in-plane-switching-ips-technology-wireless-lan-intel-atom-z3530-z580c-b1-bk/10554172.aspx?,Z580C-B1-BK,http://multimedia.bbycastatic.ca/multimedia/products/150x150/106/10640/10640354.jpg
203,"Apple iPad Pro 9.7"" 256GB with Wi-Fi - Rose Gold",$879.99,http://www.bestbuy.ca/en-ca/product/apple-apple-ipad-pro-9-7-256gb-with-wi-fi-rose-gold-mm1a2cl-a/10415430.aspx?,MM1A2CL/A,http://multimedia.bbycastatic.ca/multimedia/products/150x150/105/10558/10558699.jpeg
204,"Apple iPad Pro 12.9"" 256GB with Wi-Fi - Silver","$1,049.99",http://www.bestbuy.ca/en-ca/product/apple-apple-ipad-pro-12-9-256gb-with-wi-fi-silver-ml0u2cl-a/10415444.aspx?,ML0U2CL/A,http://multimedia.bbycastatic.ca/multimedia/products/150x150/106/10602/10602675.jpeg
205,"Apple iPad Pro 12.9"" 64GB with Wi-Fi & 4G LTE - Silver","$1,219.99",http://www.bestbuy.ca/en-ca/product/apple-ipad-pro-12-9-64gb-with-wi-fi-4g-lte-silver/10750285.aspx?,MQEE2CL/A,http://multimedia.bbycastatic.ca/multimedia/products/150x150/104/10415/10415436.jpg
206,"Hp Elite X2 1012 G1 12"" Intel Core m5-6Y54 Tablet with Travel Keyboard (T8Z07Ut#ABA)","$2,079.99",http://www.bestbuy.ca/en-ca/product/hp-elite-x2-1012-g1-12-intel-core-m5-6y54-tablet-with-travel-keyboard-t8z07ut-aba/11307298.aspx?,Elite x2 1012 G1,http://multimedia.bbycastatic.ca/multimedia/products/150x150/112/11265/11265043.jpg
207,"Apple iPad Pro 9.7"" 128GB with Wi-Fi/LTE - Space Grey",$899.99,http://www.bestbuy.ca/en-ca/product/apple-apple-ipad-pro-9-7-128gb-with-wi-fi-lte-space-grey-mlq32cl-a/10415435.aspx?,MLQ32CL/A,http://multimedia.bbycastatic.ca/multimedia/products/150x150/106/10640/10640354.jpg
208,Acer Iconia One 10 B3-A30-K5PJ 10.1 Inch Tablet (NT.LCNAA.001),$214.99,http://www.bestbuy.ca/en-ca/product/acer-iconia-one-10-b3-a30-k5pj-10-1-inch-tablet-nt-lcnaa-001/10734016.aspx?,NT.LCNAA.001,http://multimedia.bbycastatic.ca/multimedia/products/150x150/105/10558/10558699.jpeg
209,Open box - Apple iPad Air 2 / A8X Chip/ 128GB / Gold - Open box,$499.98,http://www.bestbuy.ca/en-ca/product/open-box-apple-ipad-air-2-a8x-chip-128gb-gold-open-box/10749034.aspx?,MH1J2CL/A,http://multimedia.bbycastatic.ca/multimedia/products/150x150/106/10602/10602675.jpeg
210,"Apple iPad Pro 9.7"" 128GB with Wi-Fi - Rose Gold - Open Box",$919.99,http://www.bestbuy.ca/en-ca/product/apple-apple-ipad-pro-9-7-128gb-with-wi-fi-rose-gold-open-box-mm192cl-a/10562790.aspx?,MM192CL/A,http://multimedia.bbycastatic.ca/multimedia/products/150x150/104/10415/10415436.jpg
211,"Apple iPad Mini 4 Wifi + cellular 4G GSM unlocked Fourth Gen 64GB Gray, Refurbished",$539.99,http://www.bestbuy.ca/en-ca/product/apple-ipad-mini-4-wifi-cellular-4g-gsm-unlocked-fourth-gen-64gb-gray-refurbished/11265051.aspx?,MK892LL/A,http://multimedia.bbycastatic.ca/multimedia/products/150x150/112/11265/11265043.jpg
212,"Apple iPad Mini 2 Wifi Only 2nd Generation 7.9 inches 16gb White, Refurbished",$339.99,http://www.bestbuy.ca/en-ca/product/apple-apple-ipad-mini-2-wifi-only-2nd-generation-7-9-inches-16gb-white-refurbished-me279ll-a/10602668.aspx?,ME279LL/A,http://multimedia.bbycastatic.ca/multimedia/products/150x150/106/10640/10640354.jpg
213,"Apple iPad 3 Wifi + Cellular 4G GSM Unlocked Third Generation 16gb White, Refurbished",$274.99,http://www.bestbuy.ca/en-ca/product/apple-apple-ipad-3-wifi-cellular-4g-gsm-unlocked-third-generation-16gb-white-refurbished-md363ll-a/10584568.aspx?,MD363LL/A,http://multimedia.bbycastatic.ca/multimedia/products/150x150/105/10558/10558699.jpeg
214,"Lenovo Tab3 Essential 7"" 8GB Android 5.1 Tablet with QualComm Quad-Core Processor - Black - Open Box",$99.95,http://www.bestbuy.ca/en-ca/product/lenovo-lenovo-tab3-essential-7-8gb-android-5-1-tablet-with-qualcomm-quad-core-processor-black-open-box-za0r0029us/10525370.aspx?,ZA0R0029US,http://multimedia.bbycastatic.ca/multimedia/products/150x150/106/10602/10602675.jpeg
215,"Apple iPad Air 2 Wifi + 4G GSM Unlocked 64GB Gray, Refurbished",$429.99,http://www.bestbuy.ca/en-ca/product/apple-ipad-air-2-wifi-4g-gsm-unlocked-64gb-gray-refurbished/11265041.aspx?,MH2M2LL/A,http://multimedia.bbycastatic.ca/multimedia/products/150x150/104/10415/10415436.jpg
216,"Apple iPad Air 2 Wifi + 4G GSM Unlocked 64GB Gold, Refurbished",$429.99,http://www.bestbuy.ca/en-ca/product/apple-ipad-air-2-wifi-4g-gsm-unlocked-64gb-gold-refurbished/11265039.aspx?,MH2P2LL/A,http://multimedia.bbycastatic.ca/multimedia/products/150x150/112/11265/11265043.jpg
217,Microsoft Surface Pro 4 Intel i5 6300U 3.0GHZ 8GB 256GB SSD 12.3 Touch WIN 10 PRO SILVER No Keyboard - Refurbished,"$1,249.00",http://www.bestbuy.ca/en-ca/product/microsoft-surface-pro-4-intel-i5-6300u-3-0ghz-8gb-256gb-ssd-12-3-touch-win-10-pro-silver-no-keyboard-refurbished/10589305.aspx?,Surface Pro 4,http://multimedia.bbycastatic.ca/multimedia/products/150x150/106/10640/10640354.jpg
218,"Apple iPad 9.7"" 32GB with Wi-Fi/4G LTE - Silver",$619.99,http://www.bestbuy.ca/en-ca/product/apple-ipad-9-7-32gb-with-wi-fi-4g-lte-silver/10640374.aspx?,MP1L2CL/A,http://multimedia.bbycastatic.ca/multimedia/products/150x150/105/10558/10558699.jpeg
219,Refurbished Apple Ipad 2 16gb Wifi Black - Refurbished,$270.05,http://www.bestbuy.ca/en-ca/product/refurbished-apple-ipad-2-16gb-wifi-black-refurbished/10764174.aspx?,MC769LL/A-ER,http://multimedia.bbycastatic.ca/multimedia/products/150x150/106/10602/10602675.jpeg
220,"Samsung Galaxy Tab E SM-T377 16GB Tablet - 8"" - Wireless LAN - 4G - Qualcomm Snapdragon 410 MSM8916 Quad-core (4 Core) 1.30",$344.95,http://www.bestbuy.ca/en-ca/product/samsung-samsung-galaxy-tab-e-sm-t377-16gb-tablet-8-wireless-lan-4g-qualcomm-snapdragon-410-msm8916-quad-core-4-core-1-30-sm-t377wzkaxac/10560730.aspx?,SM-T377WZKAXAC,http://multimedia.bbycastatic.ca/multimedia/products/150x150/104/10415/10415436.jpg
221,"Apple 9.7"" iPad Pro 256GB, Wi-Fi + 4G LTE in Gold , Refurbished",$874.99,http://www.bestbuy.ca/en-ca/product/apple-9-7-ipad-pro-256gb-wi-fi-4g-lte-in-gold-refurbished/11265046.aspx?,MLQ82LL/A,http://multimedia.bbycastatic.ca/multimedia/products/150x150/112/11265/11265043.jpg
222,"Insignia Flex 11.6"" 32GB Windows 10 Tablet & Keyboard With Intel Cherrytrail Z8300 - Open Box",$219.95,http://www.bestbuy.ca/en-ca/product/insignia-insignia-flex-11-6-32gb-windows-10-tablet-keyboard-with-intel-cherrytrail-z8300-processor-black-ns-p11w7100-c/10525372.aspx?,NS-P11W7100-C,http://multimedia.bbycastatic.ca/multimedia/products/150x150/106/10640/10640354.jpg
223,"Apple iPad Pro 9.7"" 256GB with Wi-Fi - Silver",$879.99,http://www.bestbuy.ca/en-ca/product/apple-apple-ipad-pro-9-7-256gb-with-wi-fi-silver-mln02cl-a/10415428.aspx?,MLN02CL/A,http://multimedia.bbycastatic.ca/multimedia/products/150x150/105/10558/10558699.jpeg
224,"Apple iPad Pro 10.5"" 256GB with Wi-Fi - Gold",$999.99,http://www.bestbuy.ca/en-ca/product/apple-ipad-pro-10-5-256gb-with-wi-fi-gold/10750297.aspx?,MPF12CL/A,http://multimedia.bbycastatic.ca/multimedia/products/150x150/106/10602/10602675.jpeg
225,"Apple iPad Pro 12.9"" 128GB With Wi-Fi - Space Grey - Open Box","$1,169.95",http://www.bestbuy.ca/en-ca/product/apple-apple-ipad-pro-12-9-128gb-with-wi-fi-space-grey-open-box-ml0n2cl-a/10544087.aspx?,ML0N2CL/A,http://multimedia.bbycastatic.ca/multimedia/products/150x150/104/10415/10415436.jpg
226,"Apple iPad Air 2 Wifi only 16GB Gray, Refurbished",$389.99,http://www.bestbuy.ca/en-ca/product/apple-ipad-air-2-wifi-only-16gb-gray-refurbished/11264698.aspx?,MGL12LL/A,http://multimedia.bbycastatic.ca/multimedia/products/150x150/112/11265/11265043.jpg
227,"Apple iPad 9.7"" 32GB with Wi-Fi - Silver",$449.99,http://www.bestbuy.ca/en-ca/product/apple-ipad-9-7-32gb-with-wi-fi-silver/10640353.aspx?,MP2G2CL/A,http://multimedia.bbycastatic.ca/multimedia/products/150x150/106/10640/10640354.jpg
228,"iPad 3 Wifi + Cellular 4G GSM Unlocked Third Generation 32gb White, Refurbished",$299.99,http://www.bestbuy.ca/en-ca/product/ipad-3-wifi-cellular-4g-gsm-unlocked-third-generation-32gb-white-refurbished/10671685.aspx?,MD370LL/A,http://multimedia.bbycastatic.ca/multimedia/products/150x150/105/10558/10558699.jpeg
229,"Samsung Galaxy Tab A 10.1"" 16GB Android 6.0 Tablet - White - Open Box",$369.99,http://www.bestbuy.ca/en-ca/product/samsung-samsung-galaxy-tab-a-10-1-16gb-android-6-0-tablet-white-open-box-sm-t580nzwaxac/10562822.aspx?,SM-T580NZWAXAC,http://multimedia.bbycastatic.ca/multimedia/products/150x150/106/10602/10602675.jpeg
230,"Apple iPad Air 2 Wifi + 4G GSM Unlocked 128GB Gold, Refurbished",$449.99,http://www.bestbuy.ca/en-ca/product/apple-ipad-air-2-wifi-4g-gsm-unlocked-128gb-gold-refurbished/11265042.aspx?,MH332LL/A,http://multimedia.bbycastatic.ca/multimedia/products/150x150/104/10415/10415436.jpg
231,"Apple 12.9"" iPad Pro 32GB, Wi-Fi ONLY in GOLD, Refurbished",$774.99,http://www.bestbuy.ca/en-ca/product/apple-12-9-ipad-pro-32gb-wi-fi-only-in-gold-refurbished/11264707.aspx?,ML0H2LL/A,http://multimedia.bbycastatic.ca/multimedia/products/150x150/112/11265/11265043.jpg
232,"Apple iPad Pro 9.7"" 32GB with Wi-Fi - Gold",$689.99,http://www.bestbuy.ca/en-ca/product/apple-apple-ipad-pro-9-7-32gb-with-wi-fi-gold-mlmq2cl-a/10415421.aspx?,MLMQ2CL/A,http://multimedia.bbycastatic.ca/multimedia/products/150x150/106/10640/10640354.jpg
233,"Apple iPad Pro 9.7"" 32GB with Wi-Fi - Space Grey - Open Box",$789.95,http://www.bestbuy.ca/en-ca/product/apple-apple-ipad-pro-9-7-32gb-with-wi-fi-space-grey-open-box-mlmn2cl-a/10544088.aspx?,MLMN2CL/A,http://multimedia.bbycastatic.ca/multimedia/products/150x150/105/10558/10558699.jpeg
234,"Lenovo Tab 10.1"" 16GB Android 6.0 Tablet w/Qualcomm Snapdragon Processor - Slate Black - Open Box",$149.99,http://www.bestbuy.ca/en-ca/product/lenovo-tab-10-1-16gb-android-6-0-tablet-w-qualcomm-snapdragon-processor-slate-black-open-box/10733515.aspx?,ZA1U0003US,http://multimedia.bbycastatic.ca/multimedia/products/150x150/106/10602/10602675.jpeg
235,"Apple iPad Air 2 Wifi only 64GB SILVER, Refurbished",$409.99,http://www.bestbuy.ca/en-ca/product/apple-ipad-air-2-wifi-only-64gb-silver-refurbished/11264701.aspx?,MGKM2LL/A,http://multimedia.bbycastatic.ca/multimedia/products/150x150/104/10415/10415436.jpg
236,"Apple 12.9"" iPad Pro 32GB, Wi-Fi ONLYin Silver, Refurbished",$774.99,http://www.bestbuy.ca/en-ca/product/apple-12-9-ipad-pro-32gb-wi-fi-onlyin-silver-refurbished/11264706.aspx?,ML0G2LL/A,http://multimedia.bbycastatic.ca/multimedia/products/150x150/112/11265/11265043.jpg
237,"Apple iPad Pro 9.7"" 128GB with Wi-Fi - Rose Gold",$799.99,http://www.bestbuy.ca/en-ca/product/apple-apple-ipad-pro-9-7-128gb-with-wi-fi-rose-gold-mm192cl-a/10415426.aspx?,MM192CL/A,http://multimedia.bbycastatic.ca/multimedia/products/150x150/106/10640/10640354.jpg
238,"Apple iPad Pro 9.7"" 256GB with Wi-Fi/LTE - Space Grey",$999.99,http://www.bestbuy.ca/en-ca/product/apple-apple-ipad-pro-9-7-256gb-with-wi-fi-lte-space-grey-mlq62cl-a/10415439.aspx?,MLQ62CL/A,http://multimedia.bbycastatic.ca/multimedia/products/150x150/105/10558/10558699.jpeg
239,"Apple iPad Pro 12.9"" 256GB with Wi-Fi & 4G LTE - Space Grey","$1,349.99",http://www.bestbuy.ca/en-ca/product/apple-ipad-pro-12-9-256gb-with-wi-fi-4g-lte-space-grey/10750322.aspx?,MPA42CL/A,http://multimedia.bbycastatic.ca/multimedia/products/150x150/106/10602/10602675.jpeg
240,"Apple iPad Air 2 Wifi Only 16GB Gold, Refurbished",$389.99,http://www.bestbuy.ca/en-ca/product/apple-apple-ipad-air-2-wifi-only-16gb-gold-refurbished-mh0w2ll-a/10585863.aspx?,MH0W2LL/A,http://multimedia.bbycastatic.ca/multimedia/products/150x150/104/10415/10415436.jpg
241,"Apple 9.7"" iPad Pro 128GB, Wi-Fi + 4G LTE in Silver , Refurbished",$799.99,http://www.bestbuy.ca/en-ca/product/apple-9-7-ipad-pro-128gb-wi-fi-4g-lte-in-silver-refurbished/11265045.aspx?,MLQ42LL/A,http://multimedia.bbycastatic.ca/multimedia/products/150x150/112/11265/11265043.jpg
242,"Insignia Flex 8"" 32GB Windows 10 Tablet With Intel Cherrytrail Z8300 Quad-Core Processor - Open Box",$89.95,http://www.bestbuy.ca/en-ca/product/insignia-insignia-flex-8-32gb-windows-10-tablet-with-intel-cherrytrail-z8300-quad-core-processor-open-box-ns-p08w7100-c/10497376.aspx?,NS-P08W7100-C,http://multimedia.bbycastatic.ca/multimedia/products/150x150/106/10640/10640354.jpg
243,"Apple iPad Pro 12.9"" 128GB With Wi-Fi - Silver",$969.99,http://www.bestbuy.ca/en-ca/product/apple-apple-ipad-pro-12-9-128gb-with-wi-fi-silver-ml0q2cl-a/10397274.aspx?,ML0Q2CL/A,http://multimedia.bbycastatic.ca/multimedia/products/150x150/105/10558/10558699.jpeg
244,"Apple iPad Pro 12.9"" 512GB with Wi-Fi & 4G LTE - Space Grey","$1,609.99",http://www.bestbuy.ca/en-ca/product/apple-ipad-pro-12-9-512gb-with-wi-fi-4g-lte-space-grey/10750291.aspx?,MPLJ2CL/A,http://multimedia.bbycastatic.ca/multimedia/products/150x150/106/10602/10602675.jpeg
245,"Microsoft Surface Pro 4 Intel i5 8GB 256GB 12.3"" HD Education Bundle With Black Type Cover - English","$1,479.95",http://www.bestbuy.ca/en-ca/product/microsoft-microsoft-surface-pro-4-intel-i5-8gb-256gb-12-3-hd-education-bundle-with-black-type-cover-english-tz7-00001/10489740.aspx?,TZ7-00001,http://multimedia.bbycastatic.ca/multimedia/products/150x150/104/10415/10415436.jpg
246,"Apple 12.9"" iPad Pro 128GB, Wi-Fi ONLY in GOLD, Refurbished",$799.99,http://www.bestbuy.ca/en-ca/product/apple-12-9-ipad-pro-128gb-wi-fi-only-in-gold-refurbished/11264705.aspx?,ML0R2LL/A,http://multimedia.bbycastatic.ca/multimedia/products/150x150/112/11265/11265043.jpg
247,"Acer Iconia One 10.1"" 16GB Android 6.0 Tablet with MT8163 Quad-Core Processor - White - Open Box",$169.99,http://www.bestbuy.ca/en-ca/product/acer-acer-iconia-one-10-1-16gb-android-6-0-tablet-with-mt8163-quad-core-processor-white-open-box-b3-a30-k94f/10546327.aspx?,B3-A30-K94F,http://multimedia.bbycastatic.ca/multimedia/products/150x150/106/10640/10640354.jpg
248,"Apple iPad Pro 10.5"" 512GB with Wi-Fi - Gold","$1,259.99",http://www.bestbuy.ca/en-ca/product/apple-ipad-pro-10-5-512gb-with-wi-fi-gold/10750301.aspx?,MPGK2CL/A,http://multimedia.bbycastatic.ca/multimedia/products/150x150/105/10558/10558699.jpeg
249,"open box - Samsung Galaxy Tab S3 9.7"" 32GB Android N Tablet With Qualcomm APQ 8096 Quad-Core Processor - Black - open box",$699.98,http://www.bestbuy.ca/en-ca/product/open-box-samsung-galaxy-tab-s3-9-7-32gb-android-n-tablet-with-qualcomm-apq-8096-quad-core-processor-black-open-box/11190420.aspx?,SM-T820NZKAXAC,http://multimedia.bbycastatic.ca/multimedia/products/150x150/106/10602/10602675.jpeg
250,"Apple iPad Pro 9.7"" 32GB with Wi-Fi/LTE - Rose Gold",$799.99,http://www.bestbuy.ca/en-ca/product/apple-apple-ipad-pro-9-7-32gb-with-wi-fi-lte-rose-gold-mlyj2cl-a/10415434.aspx?,MLYJ2CL/A,http://multimedia.bbycastatic.ca/multimedia/products/150x150/104/10415/10415436.jpg
251,"Apple 12.9"" iPad Pro 128GB, Wi-Fi ONLYin Silver, Refurbished",$799.99,http://www.bestbuy.ca/en-ca/product/apple-12-9-ipad-pro-128gb-wi-fi-onlyin-silver-refurbished/11264703.aspx?,ML0Q2LL/A,http://multimedia.bbycastatic.ca/multimedia/products/150x150/112/11265/11265043.jpg
252,"Samsung Galaxy Tab A 7"" 8GB Android 5.1 (Lollipop) Tablet with T-Shark 2A Quad-Core Processor - Black",$159.99,http://www.bestbuy.ca/en-ca/product/samsung-samsung-galaxy-tab-a-7-8gb-android-5-1-lollipop-tablet-with-t-shark-2a-quad-core-processor-black-sm-t280nzkaxac/10415007.aspx?,SM-T280NZKAXAC,http://multimedia.bbycastatic.ca/multimedia/products/150x150/106/10640/10640354.jpg
253,RCA PRO RCT6103W46KL 10.1-INCH TOUCHSCREEN ANDROID TABLET PC - REFURBISHED,$149.99,http://www.bestbuy.ca/en-ca/product/rca-pro-rct6103w46kl-10-1-inch-touchscreen-android-tablet-pc-refurbished/10758616.aspx?,RCT6103W46KL,http://multimedia.bbycastatic.ca/multimedia/products/150x150/105/10558/10558699.jpeg
254,"Apple iPad Pro 10.5"" 64GB with Wi-Fi - Rose Gold",$869.99,http://www.bestbuy.ca/en-ca/product/apple-ipad-pro-10-5-64gb-with-wi-fi-rose-gold/10750314.aspx?,MQDY2CL/A,http://multimedia.bbycastatic.ca/multimedia/products/150x150/106/10602/10602675.jpeg
255,"Apple iPad Air 1st Generation Wifi only 128gb White, Refurbished",$349.99,http://www.bestbuy.ca/en-ca/product/apple-ipad-air-1st-generation-wifi-only-128gb-white-refurbished/11357105.aspx?,ME906LL/A,http://multimedia.bbycastatic.ca/multimedia/products/150x150/104/10415/10415436.jpg
256,"Apple 9.7"" iPad Pro 256GB, Wi-Fi ONLY in Rose , Refurbished",$849.99,http://www.bestbuy.ca/en-ca/product/apple-9-7-ipad-pro-256gb-wi-fi-only-in-rose-refurbished/11264709.aspx?,MM1A2LL/A,http://multimedia.bbycastatic.ca/multimedia/products/150x150/112/11265/11265043.jpg
257,"Lenovo Yoga Tab 3 10.1"" 16GB Android 5.1 Tablet w/ Qualcomm APQ8009 Quad-Core Processor-Black-Bilingual",$299.99,http://www.bestbuy.ca/en-ca/product/lenovo-lenovo-yoga-tab-3-10-1-16gb-android-5-1-tablet-w-qualcomm-apq8009-quad-core-processor-black-bilingual-za0h0022us/10395366.aspx?,ZA0H0022US,http://multimedia.bbycastatic.ca/multimedia/products/150x150/106/10640/10640354.jpg
258,"Apple iPad Pro 12.9"" 32GB With Wi-Fi - Gold",$899.99,http://www.bestbuy.ca/en-ca/product/apple-apple-ipad-pro-12-9-32gb-with-wi-fi-gold-ml0h2cl-a/10397272.aspx?,ML0H2CL/A,http://multimedia.bbycastatic.ca/multimedia/products/150x150/105/10558/10558699.jpeg
259,"Apple iPad Pro 12.9"" 512GB with Wi-Fi - Space Grey","$1,439.99",http://www.bestbuy.ca/en-ca/product/apple-ipad-pro-12-9-512gb-with-wi-fi-space-grey/10750294.aspx?,MPKY2CL/A,http://multimedia.bbycastatic.ca/multimedia/products/150x150/106/10602/10602675.jpeg
260,MICROSOFT FACTORY RECERTIFIED SURFACE BOOK DETACHABLE TABLET / INTEL:I5-6300U / 8GB RAM / 256GB SSD / INTEL-HD520 / 1YR,"$2,059.99",http://www.bestbuy.ca/en-ca/product/microsoft-microsoft-factory-recertified-surface-book-detachable-tablet-intel-i5-6300u-8gb-ram-256gb-ssd-intel-hd520-1yr-fgj-00001/10588767.aspx?,FGJ-00001,http://multimedia.bbycastatic.ca/multimedia/products/150x150/104/10415/10415436.jpg
261,"Apple iPad Mini 2 Wifi + Cell 2nd Generation 7.9 inches 16gb Gray, Refurbished",$349.99,http://www.bestbuy.ca/en-ca/product/apple-ipad-mini-2-wifi-cell-2nd-generation-7-9-inches-16gb-gray-refurbished/10670673.aspx?,ME800LL/A,http://multimedia.bbycastatic.ca/multimedia/products/150x150/112/11265/11265043.jpg
262,MICROSOFT FACTORY RECERTIFIED SURFACE PRO-4 TABLET / INTEL:M3-6Y30 / 4GB RAM / 128GB SSD / INTEL-HD515/ 1YR,$899.99,http://www.bestbuy.ca/en-ca/product/microsoft-microsoft-factory-recertified-surface-pro-4-tablet-intel-m3-6y30-4gb-ram-128gb-ssd-intel-hd515-1yr-ffx-00001/10588760.aspx?,FFX-00001,http://multimedia.bbycastatic.ca/multimedia/products/150x150/106/10640/10640354.jpg
263,"SDQ416-B1-780-K6ER,7 inch IPS TOUCH,ANDROID 6.0,MT8163 QUAD CORE,VGA CHIP UMA,1G",$146.95,http://www.bestbuy.ca/en-ca/product/sdq416-b1-780-k6er-7-inch-ips-touch-android-6-0-mt8163-quad-core-vga-chip-uma-1g/10757484.aspx?,NT.LCKAA.001,http://multimedia.bbycastatic.ca/multimedia/products/150x150/105/10558/10558699.jpeg
264,"ASUS MeMO Pad 7"" 8GB Android 4.3 Tablet with Intel Atom Z2520 Dual-Core Processor - Black - Eng -Ref",$68.97,http://www.bestbuy.ca/en-ca/product/asus-memo-pad-7-8gb-android-4-3-tablet-with-intel-atom-z2520-dual-core-processor-black-eng-ref/10389043.aspx?,ME70C-8G-BK,http://multimedia.bbycastatic.ca/multimedia/products/150x150/106/10602/10602675.jpeg
265,"Apple iPad Pro 9.7"" 32GB with Wi-Fi/LTE - Silver",$799.99,http://www.bestbuy.ca/en-ca/product/apple-apple-ipad-pro-9-7-32gb-with-wi-fi-lte-silver-mlpx2cl-a/10415432.aspx?,MLPX2CL/A,http://multimedia.bbycastatic.ca/multimedia/products/150x150/104/10415/10415436.jpg
266,"Apple iPad Mini 2 Wifi+4G GSM Unlocked 2nd Generation 7.9 inches 32gb Silver, Refurbished",$359.99,http://www.bestbuy.ca/en-ca/product/apple-ipad-mini-2-wifi4g-gsm-unlocked-2nd-generation-7-9-inches-32gb-silver-refurbished/10660727.aspx?,MF083LL/A,http://multimedia.bbycastatic.ca/multimedia/products/150x150/112/11265/11265043.jpg
267,"Apple iPad Pro 12.9"" 128GB With Wi-Fi/3G/4G/4G LTE - Space Grey",$999.99,http://www.bestbuy.ca/en-ca/product/apple-apple-ipad-pro-12-9-128gb-with-wi-fi-3g-4g-4g-lte-space-grey-ml2i2cl-a/10397276.aspx?,ML2I2CL/A,http://multimedia.bbycastatic.ca/multimedia/products/150x150/106/10640/10640354.jpg
268,"Apple iPad Pro 10.5"" 512GB with Wi-Fi & 4G LTE - Space Grey","$1,429.99",http://www.bestbuy.ca/en-ca/product/apple-ipad-pro-10-5-512gb-with-wi-fi-4g-lte-space-grey/10750307.aspx?,MPME2CL/A,http://multimedia.bbycastatic.ca/multimedia/products/150x150/105/10558/10558699.jpeg
269,"Apple iPad Pro 12.9"" 256GB with Wi-Fi/LTE - Space Grey","$1,149.99",http://www.bestbuy.ca/en-ca/product/apple-apple-ipad-pro-12-9-256gb-with-wi-fi-lte-space-grey-ml2l2cl-a/10415446.aspx?,ML2L2CL/A,http://multimedia.bbycastatic.ca/multimedia/products/150x150/106/10602/10602675.jpeg
270,"HP Elite x2 1012 G1 Tablet - 12"" - In-plane Switching (IPS) Technology, BrightView - Wireless LAN - Intel Core M (6th Gen)","$1,801.95",http://www.bestbuy.ca/en-ca/product/hp-hp-elite-x2-1012-g1-tablet-12-in-plane-switching-ips-technology-brightview-wireless-lan-intel-core-m-6th-gen-t8z05utaba/10554234.aspx?,T8Z05UTABA,http://multimedia.bbycastatic.ca/multimedia/products/150x150/104/10415/10415436.jpg
271,"Apple iPad Pro 12.9"" 128GB With Wi-Fi - Gold - Open Box","$1,139.99",http://www.bestbuy.ca/en-ca/product/apple-apple-ipad-pro-12-9-128gb-with-wi-fi-gold-open-box-ml0r2cl-a/10546332.aspx?,ML0R2CL/A,http://multimedia.bbycastatic.ca/multimedia/products/150x150/112/11265/11265043.jpg
272,"Lenovo Tab3 8 ZA170138US 16GB Tablet - 8"" 16:10 Multi-touch Screen - 1280 x 800 - In-plane Switching (IPS) Technology -",$189.99,http://www.bestbuy.ca/en-ca/product/lenovo-lenovo-tab3-8-za170138us-16gb-tablet-8-16-10-multi-touch-screen-1280-x-800-in-plane-switching-ips-technology-za170138us/10562097.aspx?,ZA170138US,http://multimedia.bbycastatic.ca/multimedia/products/150x150/106/10640/10640354.jpg
273,"Apple iPad Pro 10.5"" 512GB with Wi-Fi - Silver","$1,259.99",http://www.bestbuy.ca/en-ca/product/apple-ipad-pro-10-5-512gb-with-wi-fi-silver/10750300.aspx?,MPGJ2CL/A,http://multimedia.bbycastatic.ca/multimedia/products/150x150/105/10558/10558699.jpeg
274,"iPad 4 Wifi + 4G Unlocked Retina Display 9.7 in 4th Generation 16GB Black, Refurbished",$339.99,http://www.bestbuy.ca/en-ca/product/ipad-4-wifi-4g-unlocked-retina-display-9-7-in-4th-generation-16gb-black-refurbished/10731931.aspx?,MD516LL/A,http://multimedia.bbycastatic.ca/multimedia/products/150x150/106/10602/10602675.jpeg
275,"HP ElitePad 1000 G2 64GB Net-tablet PC - 10.1"" - Wireless LAN - 3G - Intel Atom Z3795 Quad-core (4 Core) 1.59 GHz","$1,054.95",http://www.bestbuy.ca/en-ca/product/hp-hp-elitepad-1000-g2-64gb-net-tablet-pc-10-1-wireless-lan-3g-intel-atom-z3795-quad-core-4-core-1-59-ghz-t4n15utabl/10554205.aspx?,T4N15UTABL,http://multimedia.bbycastatic.ca/multimedia/products/150x150/104/10415/10415436.jpg
276,"Microsoft Surface Pro 3 Tablet - Intel i7-4650 8GB 128GB SSD 12"" FHD BT Windows 10 Pro (Factory Recertified) ONE YEAR WARRANTY",$898.99,http://www.bestbuy.ca/en-ca/product/microsoft-surface-pro-3-tablet-intel-i7-4650-8gb-128gb-ssd-12-fhd-bt-windows-10-pro-factory-recertified-one-year-warranty/11157944.aspx?,HFL-00001,http://multimedia.bbycastatic.ca/multimedia/products/150x150/106/10640/10640354.jpg
277,Apple iPad mini 4 32GB with Wi-Fi + Cellular - Gold,$498.95,http://www.bestbuy.ca/en-ca/product/apple-apple-ipad-mini-4-32gb-with-wi-fi-cellular-gold-mnwg2cl-a/10487834.aspx?,MNWG2CL/A,http://multimedia.bbycastatic.ca/multimedia/products/150x150/105/10558/10558699.jpeg
278,"Apple iPad Mini 2 Wifi Only 2nd Generation 7.9 inches 16gb Gray, Refurbished",$339.99,http://www.bestbuy.ca/en-ca/product/apple-apple-ipad-mini-2-wifi-only-2nd-generation-7-9-inches-16gb-gray-refurbished-me276ll-a/10602667.aspx?,ME276LL/A,http://multimedia.bbycastatic.ca/multimedia/products/150x150/106/10602/10602675.jpeg
279,"Apple iPad Pro 9.7"" 32GB with Wi-Fi - Silver - Open Box",$779.99,http://www.bestbuy.ca/en-ca/product/apple-apple-ipad-pro-9-7-32gb-with-wi-fi-silver-open-box-mlmp2cl-a/10584996.aspx?,MLMP2CL/A,http://multimedia.bbycastatic.ca/multimedia/products/150x150/104/10415/10415436.jpg
280,"Apple iPad Mini 4 Wifi + cellular 4G GSM unlocked Fourth Gen 16GB Gold, Refurbished",$489.99,http://www.bestbuy.ca/en-ca/product/apple-apple-ipad-mini-4-wifi-cellular-4g-gsm-unlocked-fourth-gen-16gb-gold-refurbished-mk882ll-a/10602672.aspx?,MK882LL/A,http://multimedia.bbycastatic.ca/multimedia/products/150x150/106/10640/10640354.jpg
281,"Apple iPad Pro 12.9"" 64GB with Wi-Fi - Gold","$1,049.99",http://www.bestbuy.ca/en-ca/product/apple-ipad-pro-12-9-64gb-with-wi-fi-gold/10750287.aspx?,MQDD2CL/A,http://multimedia.bbycastatic.ca/multimedia/products/150x150/105/10558/10558699.jpeg
282,"Polaroid 10"" 16GB Android 6.0 Tablet & Keyboard With Intel Atom X3 Processor - Red",$179.99,http://www.bestbuy.ca/en-ca/product/polaroid-10-16gb-android-6-0-tablet-keyboard-with-intel-atom-x3-processor-red/10751969.aspx?,Q1010RD,http://multimedia.bbycastatic.ca/multimedia/products/150x150/106/10602/10602675.jpeg
283,"HP ElitePad 1000 G2 Net-tablet PC - 10.1"" - Intel Atom Z3795 1.60 GHz",$866.95,http://www.bestbuy.ca/en-ca/product/hp-hp-elitepad-1000-g2-net-tablet-pc-10-1-intel-atom-z3795-1-60-ghz-g6x12awabl/10451277.aspx?,G6X12AWABL,http://multimedia.bbycastatic.ca/multimedia/products/150x150/104/10415/10415436.jpg
284,"Samsung Galaxy Tab S2 9.7"" 32GB Android 6.0 Marshmallow Tablet - Black",$499.99,http://www.bestbuy.ca/en-ca/product/samsung-samsung-galaxy-tab-s2-9-7-32gb-android-6-0-marshmallow-tablet-w-exynos-5433-8-core-processor-black-sm-t813nzkexac/10424758.aspx?,SM-T813NZKEXAC,http://multimedia.bbycastatic.ca/multimedia/products/150x150/106/10640/10640354.jpg
285,Apple iPad Mini 2 Wifi+4G GSM Unlocked 2nd Generation 7.9 inches 16gb White REFURBISHED,$349.99,http://www.bestbuy.ca/en-ca/product/apple-apple-ipad-mini-2-wifi4g-gsm-unlocked-2nd-generation-7-9-inches-16gb-white-refurbished-mf074ll-a/10585021.aspx?,MF074LL/A,http://multimedia.bbycastatic.ca/multimedia/products/150x150/105/10558/10558699.jpeg
286,HP Elite x3 and HP Elite x3 Desk Dock (X9U42UT#ABA),$799.99,http://www.bestbuy.ca/en-ca/product/hp-elite-x3-and-hp-elite-x3-desk-dock-x9u42ut-aba/10692673.aspx?,SBX3,http://multimedia.bbycastatic.ca/multimedia/products/150x150/106/10602/10602675.jpeg
287,"Microsoft Surface Pro 4 Tablet - 12.3"" - PixelSense - Wireless LAN - Intel Core i5 (6th Gen) i5-6300U Dual-core (2 Core) 2.40","$1,479.95",http://www.bestbuy.ca/en-ca/product/microsoft-microsoft-surface-pro-4-tablet-12-3-pixelsense-wireless-lan-intel-core-i5-6th-gen-i5-6300u-dual-core-2-core-2-40-tz7-00002/10554197.aspx?,TZ7-00002,http://multimedia.bbycastatic.ca/multimedia/products/150x150/104/10415/10415436.jpg
288,"Apple iPad Pro 12.9"" 256GB with Wi-Fi - Space Grey","$1,049.99",http://www.bestbuy.ca/en-ca/product/apple-apple-ipad-pro-12-9-256gb-with-wi-fi-space-grey-ml0t2cl-a/10415443.aspx?,ML0T2CL/A,http://multimedia.bbycastatic.ca/multimedia/products/150x150/106/10640/10640354.jpg
289,"Apple 12.9"" iPad Pro 128GB, Wi-Fi + 4G in Silver, Refurbished",$749.99,http://www.bestbuy.ca/en-ca/product/apple-12-9-ipad-pro-128gb-wi-fi-4g-in-silver-refurbished/10740771.aspx?,ML3N2LL/A,http://multimedia.bbycastatic.ca/multimedia/products/150x150/105/10558/10558699.jpeg
290,"Apple iPad Pro 12.9"" 128GB With Wi-Fi/3G/4G/4G LTE - Gold",$999.99,http://www.bestbuy.ca/en-ca/product/apple-apple-ipad-pro-12-9-128gb-with-wi-fi-3g-4g-4g-lte-gold-ml2k2cl-a/10397278.aspx?,ML2K2CL/A,http://multimedia.bbycastatic.ca/multimedia/products/150x150/106/10602/10602675.jpeg
291,"Apple iPad Air 1st Gen Wifi + Cell 64gb Silver, Refurbished",$349.99,http://www.bestbuy.ca/en-ca/product/apple-ipad-air-1st-gen-wifi-cell-64gb-silver-refurbished/10585767.aspx?,MD789LL/A,http://multimedia.bbycastatic.ca/multimedia/products/150x150/104/10415/10415436.jpg
292,"Apple iPad Pro 10.5"" 256GB with Wi-Fi - Silver",$999.99,http://www.bestbuy.ca/en-ca/product/apple-ipad-pro-10-5-256gb-with-wi-fi-silver/10750296.aspx?,MPF02CL/A,http://multimedia.bbycastatic.ca/multimedia/products/150x150/106/10640/10640354.jpg
293,"Microsoft Surface Pro Tablet - 12.3"" - 8GB - Intel Core i5 (7th Gen) - 256GB SSD - Windows 10 Pro - 2736 x 1824 - PixelSense","$1,789.95",http://www.bestbuy.ca/en-ca/product/microsoft-surface-pro-tablet-12-3-8gb-intel-core-i5-7th-gen-256gb-ssd-windows-10-pro-2736-x-1824-pixelsense/10934451.aspx?,FJY-00001,http://multimedia.bbycastatic.ca/multimedia/products/150x150/105/10558/10558699.jpeg
294,"Apple iPad 2 WIFI only Second Generation 64gb Black, Refurbished",$209.99,http://www.bestbuy.ca/en-ca/product/apple-apple-ipad-2-wifi-only-second-generation-64gb-black-refurbished-mc956ll-a/10584562.aspx?,MC956LL/A,http://multimedia.bbycastatic.ca/multimedia/products/150x150/106/10602/10602675.jpeg
295,"Apple 12.9"" iPad Pro 128GB, Wi-Fi ONLYin Gray, Refurbished",$774.99,http://www.bestbuy.ca/en-ca/product/apple-12-9-ipad-pro-128gb-wi-fi-onlyin-gray-refurbished/11264704.aspx?,ML0N2LL/A,http://multimedia.bbycastatic.ca/multimedia/products/150x150/104/10415/10415436.jpg
296,Open box - Apple iPad Air / A7 Chip/ 32GB / 9.7 in retina display / Silver - Open box,$379.98,http://www.bestbuy.ca/en-ca/product/open-box-apple-ipad-air-a7-chip-32gb-9-7-in-retina-display-silver-open-box/10749036.aspx?,MD786LL/A,http://multimedia.bbycastatic.ca/multimedia/products/150x150/106/10640/10640354.jpg
297,"Apple iPad 9.7"" 32GB with Wi-Fi/4G LTE - Gold",$619.99,http://www.bestbuy.ca/en-ca/product/apple-ipad-9-7-32gb-with-wi-fi-4g-lte-gold/10640356.aspx?,MPG42CL/A,http://multimedia.bbycastatic.ca/multimedia/products/150x150/105/10558/10558699.jpeg
298,MICROSOFT FACTORY RECERTIFIED SURFACE PRO-4 TABLET / INTEL:I7-6650U / 16GB RAM / 256GB SSD / INTEL-IRIS540 / 1YR,"$1,709.99",http://www.bestbuy.ca/en-ca/product/microsoft-microsoft-factory-recertified-surface-pro-4-tablet-intel-i7-6650u-16gb-ram-256gb-ssd-intel-iris540-1yr-ffz-00001/10588764.aspx?,FFZ-00001,http://multimedia.bbycastatic.ca/multimedia/products/150x150/106/10602/10602675.jpeg
299,"Apple 12.9"" iPad Pro 256GB, Wi-Fi + 4G LTE in Gray, Refurbished",$884.99,http://www.bestbuy.ca/en-ca/product/apple-12-9-ipad-pro-256gb-wi-fi-4g-lte-in-gray-refurbished/11265049.aspx?,ML0T2LL/A,http://multimedia.bbycastatic.ca/multimedia/products/150x150/104/10415/10415436.jpg
300,"Apple iPad Pro 10.5"" 64GB with Wi-Fi - Gold",$869.99,http://www.bestbuy.ca/en-ca/product/apple-ipad-pro-10-5-64gb-with-wi-fi-gold/10750313.aspx?,MQDX2CL/A,http://multimedia.bbycastatic.ca/multimedia/products/150x150/106/10640/10640354.jpg
301,Refurbished Apple Ipad 2 16gb Wifi White - Refurbished,$270.05,http://www.bestbuy.ca/en-ca/product/refurbished-apple-ipad-2-16gb-wifi-white-refurbished/10764175.aspx?,MC979LL/A-ER,http://multimedia.bbycastatic.ca/multimedia/products/150x150/105/10558/10558699.jpeg
302,"Apple iPad Pro 12.9"" 256GB with Wi-Fi - Silver","$1,179.99",http://www.bestbuy.ca/en-ca/product/apple-ipad-pro-12-9-256gb-with-wi-fi-silver/10750320.aspx?,MP6H2CL/A,http://multimedia.bbycastatic.ca/multimedia/products/150x150/106/10602/10602675.jpeg
303,Apple iPad Air 1st Generation Wifi + 4G Cellular Unlocked 32GB Silver REFURBISHED,$339.99,http://www.bestbuy.ca/en-ca/product/apple-apple-ipad-air-1st-generation-wifi-4g-cellular-unlocked-32gb-silver-refurbished-a1475/10585184.aspx?,A1475,http://multimedia.bbycastatic.ca/multimedia/products/150x150/104/10415/10415436.jpg
304,"HUAWEI MateBook Signature Edition 2 in 1, Notebook and Tablet, 4GB+128GB / 6th Gen Intel Core m5 (Gray)",$799.99,http://www.bestbuy.ca/en-ca/product/huawei-huawei-matebook-signature-edition-2-in-1-notebook-and-tablet-4gb128gb-6th-gen-intel-core-m5-gray-hz-w19/10558656.aspx?,HZ-W19,http://multimedia.bbycastatic.ca/multimedia/products/150x150/106/10640/10640354.jpg
305,"Apple iPad Pro 12.9"" 512GB with Wi-Fi - Silver","$1,439.99",http://www.bestbuy.ca/en-ca/product/apple-ipad-pro-12-9-512gb-with-wi-fi-silver/10750293.aspx?,MPL02CL/A,http://multimedia.bbycastatic.ca/multimedia/products/150x150/105/10558/10558699.jpeg
306,"Apple iPad Pro 10.5"" 64GB with Wi-Fi & 4G LTE - Space Grey","$1,039.99",http://www.bestbuy.ca/en-ca/product/apple-ipad-pro-10-5-64gb-with-wi-fi-4g-lte-space-grey/10750315.aspx?,MQEY2CL/A,http://multimedia.bbycastatic.ca/multimedia/products/150x150/106/10602/10602675.jpeg
307,"iPad 4 Wifi Only Unlocked Retina Display 9.7 in 4th Generation 16GB Black, Refurbished",$274.99,http://www.bestbuy.ca/en-ca/product/ipad-4-wifi-only-unlocked-retina-display-9-7-in-4th-generation-16gb-black-refurbished/11357103.aspx?,MD510LL/A,http://multimedia.bbycastatic.ca/multimedia/products/150x150/104/10415/10415436.jpg
308,"Ematic 10.1"" 16GB Android 5.0 Tablet with Intel Quad-Core Processor - Black - English",$139.99,http://www.bestbuy.ca/en-ca/product/ematic-ematic-10-1-16gb-android-5-0-tablet-with-intel-quad-core-processor-black-english-egq223/10451092.aspx?,EGQ223,http://multimedia.bbycastatic.ca/multimedia/products/150x150/105/10558/10558699.jpeg
309,"iPad 4 Wifi + 4G Unlocked Retina Display 9.7 in 4th Generation 32GB White, Refurbished",$349.99,http://www.bestbuy.ca/en-ca/product/ipad-4-wifi-4g-unlocked-retina-display-9-7-in-4th-generation-32gb-white-refurbished/10731933.aspx?,MD526LL/A,http://multimedia.bbycastatic.ca/multimedia/products/150x150/104/10415/10415436.jpg
